country,measurement_period,website,website_rank,cdn_provider,cdn_jurisdiction,as_number,ip_address,source,extraction_date
BN,202405,NULL,NULL,akamai,US,10094,NULL,lccrawresults,2024-05-31
BN,202405,NULL,NULL,akamai,US,10101,NULL,lccrawresults,2024-05-31
BN,202405,NULL,NULL,cloudflare,US,10094,NULL,lccrawresults,2024-05-31
BN,202405,NULL,NULL,cloudfront,US,10094,NULL,lccrawresults,2024-05-31
BN,202405,NULL,NULL,facebook,US,10094,NULL,lccrawresults,2024-05-31
BN,202405,NULL,NULL,fastly,US,10094,NULL,lccrawresults,2024-05-31
BN,202406,NULL,NULL,akamai,US,10094,NULL,lccrawresults,2024-06-21
BN,202406,NULL,NULL,akamai,US,10101,NULL,lccrawresults,2024-06-21
BN,202406,NULL,NULL,alibaba,China,10094,NULL,lccrawresults,2024-06-21
BN,202406,NULL,NULL,alibaba,China,10101,NULL,lccrawresults,2024-06-21
BN,202406,NULL,NULL,amazon,US,10094,NULL,lccrawresults,2024-06-21
BN,202406,NULL,NULL,amazon,US,10101,NULL,lccrawresults,2024-06-21
BN,202406,NULL,NULL,cdn77,UK,10094,NULL,lccrawresults,2024-06-21
BN,202406,NULL,NULL,cdn77,UK,10101,NULL,lccrawresults,2024-06-21
BN,202406,NULL,NULL,cloudflare,US,10094,NULL,lccrawresults,2024-06-21
BN,202406,NULL,NULL,cloudflare,US,10101,NULL,lccrawresults,2024-06-21
BN,202406,NULL,NULL,facebook,US,10094,NULL,lccrawresults,2024-06-21
BN,202406,NULL,NULL,facebook,US,10101,NULL,lccrawresults,2024-06-21
BN,202406,NULL,NULL,fastly,US,10094,NULL,lccrawresults,2024-06-21
BN,202406,NULL,NULL,fastly,US,10101,NULL,lccrawresults,2024-06-21
BN,202406,NULL,NULL,microsoft,US,10094,NULL,lccrawresults,2024-06-21
BN,202406,NULL,NULL,microsoft,US,10101,NULL,lccrawresults,2024-06-21
BN,202407,NULL,NULL,akamai,US,10101,NULL,lccrawresults,2024-07-26
BN,202407,NULL,NULL,microsoft,US,10101,NULL,lccrawresults,2024-07-26
BN,202408,NULL,NULL,akamai,US,10101,NULL,lccrawresults,2024-08-06
BN,202408,NULL,NULL,akamai,US,10101,NULL,lccrawresults,2024-08-16
BN,202408,NULL,NULL,alibaba,China,10094,NULL,lccrawresults,2024-08-06
BN,202408,NULL,NULL,alibaba,China,10101,NULL,lccrawresults,2024-08-16
BN,202408,NULL,NULL,amazon,US,10094,NULL,lccrawresults,2024-08-06
BN,202408,NULL,NULL,amazon,US,10101,NULL,lccrawresults,2024-08-16
BN,202408,NULL,NULL,cloudflare,US,10094,NULL,lccrawresults,2024-08-06
BN,202408,NULL,NULL,cloudflare,US,10101,NULL,lccrawresults,2024-08-16
BN,202408,NULL,NULL,facebook,US,10094,NULL,lccrawresults,2024-08-06
BN,202408,NULL,NULL,facebook,US,10101,NULL,lccrawresults,2024-08-16
BN,202408,NULL,NULL,fastly,US,10094,NULL,lccrawresults,2024-08-06
BN,202408,NULL,NULL,fastly,US,10101,NULL,lccrawresults,2024-08-16
BN,202408,NULL,NULL,microsoft,US,10101,NULL,lccrawresults,2024-08-06
BN,202408,NULL,NULL,microsoft,US,10101,NULL,lccrawresults,2024-08-16
BN,202409,NULL,NULL,akamai,US,10101,NULL,lccrawresults,2024-09-17
BN,202409,NULL,NULL,akamai,US,10101,NULL,lccrawresults,2024-09-16
BN,202409,NULL,NULL,alibaba,China,10101,NULL,lccrawresults,2024-09-17
BN,202409,NULL,NULL,alibaba,China,10101,NULL,lccrawresults,2024-09-16
BN,202409,NULL,NULL,amazon,US,10101,NULL,lccrawresults,2024-09-17
BN,202409,NULL,NULL,amazon,US,10101,NULL,lccrawresults,2024-09-16
BN,202409,NULL,NULL,cloudflare,US,10101,NULL,lccrawresults,2024-09-17
BN,202409,NULL,NULL,cloudflare,US,10101,NULL,lccrawresults,2024-09-16
BN,202409,NULL,NULL,facebook,US,10101,NULL,lccrawresults,2024-09-17
BN,202409,NULL,NULL,facebook,US,10101,NULL,lccrawresults,2024-09-16
BN,202409,NULL,NULL,fastly,US,10101,NULL,lccrawresults,2024-09-17
BN,202409,NULL,NULL,fastly,US,10101,NULL,lccrawresults,2024-09-16
BN,202409,NULL,NULL,microsoft,US,10101,NULL,lccrawresults,2024-09-17
BN,202409,NULL,NULL,microsoft,US,10101,NULL,lccrawresults,2024-09-16
BN,202410,NULL,NULL,akamai,US,10101,NULL,lccrawresults,2024-10-17
BN,202410,NULL,NULL,alibaba,China,10101,NULL,lccrawresults,2024-10-17
BN,202410,NULL,NULL,amazon,US,10101,NULL,lccrawresults,2024-10-17
BN,202410,NULL,NULL,cloudflare,US,10101,NULL,lccrawresults,2024-10-17
BN,202410,NULL,NULL,facebook,US,10101,NULL,lccrawresults,2024-10-17
BN,202410,NULL,NULL,fastly,US,10101,NULL,lccrawresults,2024-10-17
BN,202410,NULL,NULL,microsoft,US,10101,NULL,lccrawresults,2024-10-17
BN,202411,NULL,NULL,akamai,US,10101,NULL,lccrawresults,2024-11-17
BN,202411,NULL,NULL,alibaba,China,10101,NULL,lccrawresults,2024-11-17
BN,202411,NULL,NULL,amazon,US,10101,NULL,lccrawresults,2024-11-17
BN,202411,NULL,NULL,bunnycdn,Slovenia,10101,NULL,lccrawresults,2024-11-17
BN,202411,NULL,NULL,cloudflare,US,10101,NULL,lccrawresults,2024-11-17
BN,202411,NULL,NULL,facebook,US,10101,NULL,lccrawresults,2024-11-17
BN,202411,NULL,NULL,fastly,US,10101,NULL,lccrawresults,2024-11-17
BN,202411,NULL,NULL,microsoft,US,10101,NULL,lccrawresults,2024-11-17
BN,202412,NULL,NULL,akamai,US,10101,NULL,lccrawresults,2024-12-18
BN,202412,NULL,NULL,alibaba,China,10101,NULL,lccrawresults,2024-12-18
BN,202412,NULL,NULL,amazon,US,10101,NULL,lccrawresults,2024-12-18
BN,202412,NULL,NULL,bunnycdn,Slovenia,10101,NULL,lccrawresults,2024-12-18
BN,202412,NULL,NULL,cloudflare,US,10101,NULL,lccrawresults,2024-12-18
BN,202412,NULL,NULL,facebook,US,10101,NULL,lccrawresults,2024-12-18
BN,202412,NULL,NULL,fastly,US,10101,NULL,lccrawresults,2024-12-18
BN,202412,NULL,NULL,gcore,Luxembourg,10101,NULL,lccrawresults,2024-12-18
BN,202412,NULL,NULL,microsoft,US,10101,NULL,lccrawresults,2024-12-18
BN,202501,NULL,NULL,akamai,US,10101,NULL,lccrawresults,2025-01-17
BN,202501,NULL,NULL,alibaba,China,10101,NULL,lccrawresults,2025-01-17
BN,202501,NULL,NULL,amazon,US,10101,NULL,lccrawresults,2025-01-17
BN,202501,NULL,NULL,cloudflare,US,10101,NULL,lccrawresults,2025-01-17
BN,202501,NULL,NULL,facebook,US,10101,NULL,lccrawresults,2025-01-17
BN,202501,NULL,NULL,fastly,US,10101,NULL,lccrawresults,2025-01-17
BN,202501,NULL,NULL,gcore,Luxembourg,10101,NULL,lccrawresults,2025-01-17
BN,202501,NULL,NULL,microsoft,US,10101,NULL,lccrawresults,2025-01-17
BN,202502,NULL,NULL,akamai,US,10094,NULL,lccrawresults,2025-02-17
BN,202502,NULL,NULL,alibaba,China,10094,NULL,lccrawresults,2025-02-17
BN,202502,NULL,NULL,amazon,US,10094,NULL,lccrawresults,2025-02-17
BN,202502,NULL,NULL,cloudflare,US,10094,NULL,lccrawresults,2025-02-17
BN,202502,NULL,NULL,facebook,US,10094,NULL,lccrawresults,2025-02-17
BN,202502,NULL,NULL,fastly,US,10094,NULL,lccrawresults,2025-02-17
BN,202502,NULL,NULL,gcore,Luxembourg,10094,NULL,lccrawresults,2025-02-17
BN,202502,NULL,NULL,microsoft,US,10094,NULL,lccrawresults,2025-02-17
BN,202503,NULL,NULL,akamai,US,10094,NULL,lccrawresults,2025-03-17
BN,202503,NULL,NULL,alibaba,China,10094,NULL,lccrawresults,2025-03-17
BN,202503,NULL,NULL,amazon,US,10094,NULL,lccrawresults,2025-03-17
BN,202503,NULL,NULL,cloudflare,US,10094,NULL,lccrawresults,2025-03-17
BN,202503,NULL,NULL,facebook,US,10094,NULL,lccrawresults,2025-03-17
BN,202503,NULL,NULL,fastly,US,10094,NULL,lccrawresults,2025-03-17
BN,202503,NULL,NULL,microsoft,US,10094,NULL,lccrawresults,2025-03-17
BN,202504,NULL,NULL,akamai,US,10094,NULL,lccrawresults,2025-04-17
BN,202504,NULL,NULL,alibaba,China,10094,NULL,lccrawresults,2025-04-17
BN,202504,NULL,NULL,amazon,US,10094,NULL,lccrawresults,2025-04-17
BN,202504,NULL,NULL,cloudflare,US,10094,NULL,lccrawresults,2025-04-17
BN,202504,NULL,NULL,facebook,US,10094,NULL,lccrawresults,2025-04-17
BN,202504,NULL,NULL,fastly,US,10094,NULL,lccrawresults,2025-04-17
BN,202504,NULL,NULL,gcore,Luxembourg,10094,NULL,lccrawresults,2025-04-17
BN,202504,NULL,NULL,microsoft,US,10094,NULL,lccrawresults,2025-04-17
BN,202504,NULL,NULL,wordpress,US,10094,NULL,lccrawresults,2025-04-17
BN,202505,NULL,NULL,akamai,US,10094,NULL,lccrawresults,2025-05-17
BN,202505,NULL,NULL,alibaba,China,10094,NULL,lccrawresults,2025-05-17
BN,202505,NULL,NULL,amazon,US,10094,NULL,lccrawresults,2025-05-17
BN,202505,NULL,NULL,cdn77,UK,10094,NULL,lccrawresults,2025-05-17
BN,202505,NULL,NULL,cloudflare,US,10094,NULL,lccrawresults,2025-05-17
BN,202505,NULL,NULL,facebook,US,10094,NULL,lccrawresults,2025-05-17
BN,202505,NULL,NULL,fastly,US,10094,NULL,lccrawresults,2025-05-17
BN,202505,NULL,NULL,gcore,Luxembourg,10094,NULL,lccrawresults,2025-05-17
BN,202505,NULL,NULL,microsoft,US,10094,NULL,lccrawresults,2025-05-17
BN,202506,NULL,NULL,akamai,US,10094,NULL,lccrawresults,2025-06-17
BN,202506,NULL,NULL,alibaba,China,10094,NULL,lccrawresults,2025-06-17
BN,202506,NULL,NULL,amazon,US,10094,NULL,lccrawresults,2025-06-17
BN,202506,NULL,NULL,cloudflare,US,10094,NULL,lccrawresults,2025-06-17
BN,202506,NULL,NULL,facebook,US,10094,NULL,lccrawresults,2025-06-17
BN,202506,NULL,NULL,fastly,US,10094,NULL,lccrawresults,2025-06-17
BN,202506,NULL,NULL,gcore,Luxembourg,10094,NULL,lccrawresults,2025-06-17
BN,202506,NULL,NULL,microsoft,US,10094,NULL,lccrawresults,2025-06-17
BN,202507,NULL,NULL,akamai,US,10094,NULL,lccrawresults,2025-07-17
BN,202507,NULL,NULL,alibaba,China,10094,NULL,lccrawresults,2025-07-17
BN,202507,NULL,NULL,amazon,US,10094,NULL,lccrawresults,2025-07-17
BN,202507,NULL,NULL,cloudflare,US,10094,NULL,lccrawresults,2025-07-17
BN,202507,NULL,NULL,facebook,US,10094,NULL,lccrawresults,2025-07-17
BN,202507,NULL,NULL,fastly,US,10094,NULL,lccrawresults,2025-07-17
BN,202507,NULL,NULL,gcore,Luxembourg,10094,NULL,lccrawresults,2025-07-17
BN,202507,NULL,NULL,microsoft,US,10094,NULL,lccrawresults,2025-07-17
BN,202508,NULL,NULL,akamai,US,10094,NULL,lccrawresults,2025-08-17
BN,202508,NULL,NULL,alibaba,China,10094,NULL,lccrawresults,2025-08-17
BN,202508,NULL,NULL,amazon,US,10094,NULL,lccrawresults,2025-08-17
BN,202508,NULL,NULL,cdn77,UK,10094,NULL,lccrawresults,2025-08-17
BN,202508,NULL,NULL,cloudflare,US,10094,NULL,lccrawresults,2025-08-17
BN,202508,NULL,NULL,facebook,US,10094,NULL,lccrawresults,2025-08-17
BN,202508,NULL,NULL,fastly,US,10094,NULL,lccrawresults,2025-08-17
BN,202508,NULL,NULL,gcore,Luxembourg,10094,NULL,lccrawresults,2025-08-17
BN,202508,NULL,NULL,microsoft,US,10094,NULL,lccrawresults,2025-08-17
BN,202509,NULL,NULL,akamai,US,10094,NULL,lccrawresults,2025-09-17
BN,202509,NULL,NULL,alibaba,China,10094,NULL,lccrawresults,2025-09-17
BN,202509,NULL,NULL,amazon,US,10094,NULL,lccrawresults,2025-09-17
BN,202509,NULL,NULL,cdn77,UK,10094,NULL,lccrawresults,2025-09-17
BN,202509,NULL,NULL,cloudflare,US,10094,NULL,lccrawresults,2025-09-17
BN,202509,NULL,NULL,facebook,US,10094,NULL,lccrawresults,2025-09-17
BN,202509,NULL,NULL,fastly,US,10094,NULL,lccrawresults,2025-09-17
BN,202509,NULL,NULL,gcore,Luxembourg,10094,NULL,lccrawresults,2025-09-17
BN,202509,NULL,NULL,microsoft,US,10094,NULL,lccrawresults,2025-09-17
BN,202509,NULL,NULL,netflix,US,10094,NULL,lccrawresults,2025-09-17
BN,202510,NULL,NULL,akamai,US,10094,NULL,lccrawresults,2025-10-17
BN,202510,NULL,NULL,alibaba,China,10094,NULL,lccrawresults,2025-10-17
BN,202510,NULL,NULL,amazon,US,10094,NULL,lccrawresults,2025-10-17
BN,202510,NULL,NULL,cdn77,UK,10094,NULL,lccrawresults,2025-10-17
BN,202510,NULL,NULL,cloudflare,US,10094,NULL,lccrawresults,2025-10-17
BN,202510,NULL,NULL,facebook,US,10094,NULL,lccrawresults,2025-10-17
BN,202510,NULL,NULL,fastly,US,10094,NULL,lccrawresults,2025-10-17
BN,202510,NULL,NULL,microsoft,US,10094,NULL,lccrawresults,2025-10-17
BN,202511,NULL,NULL,akamai,US,10094,NULL,lccrawresults,2025-11-17
BN,202511,NULL,NULL,alibaba,China,10094,NULL,lccrawresults,2025-11-17
BN,202511,NULL,NULL,amazon,US,10094,NULL,lccrawresults,2025-11-17
BN,202511,NULL,NULL,cdn77,UK,10094,NULL,lccrawresults,2025-11-17
BN,202511,NULL,NULL,cloudflare,US,10094,NULL,lccrawresults,2025-11-17
BN,202511,NULL,NULL,facebook,US,10094,NULL,lccrawresults,2025-11-17
BN,202511,NULL,NULL,fastly,US,10094,NULL,lccrawresults,2025-11-17
BN,202511,NULL,NULL,gcore,Luxembourg,10094,NULL,lccrawresults,2025-11-17
BN,202511,NULL,NULL,microsoft,US,10094,NULL,lccrawresults,2025-11-17
BN,202512,NULL,NULL,akamai,US,10094,NULL,lccrawresults,2025-12-17
BN,202512,NULL,NULL,alibaba,China,10094,NULL,lccrawresults,2025-12-17
BN,202512,NULL,NULL,amazon,US,10094,NULL,lccrawresults,2025-12-17
BN,202512,NULL,NULL,cdn77,UK,10094,NULL,lccrawresults,2025-12-17
BN,202512,NULL,NULL,cloudflare,US,10094,NULL,lccrawresults,2025-12-17
BN,202512,NULL,NULL,facebook,US,10094,NULL,lccrawresults,2025-12-17
BN,202512,NULL,NULL,fastly,US,10094,NULL,lccrawresults,2025-12-17
BN,202512,NULL,NULL,microsoft,US,10094,NULL,lccrawresults,2025-12-17
BN,202601,NULL,NULL,akamai,US,10094,NULL,lccrawresults,2026-01-17
BN,202601,NULL,NULL,alibaba,China,10094,NULL,lccrawresults,2026-01-17
BN,202601,NULL,NULL,amazon,US,10094,NULL,lccrawresults,2026-01-17
BN,202601,NULL,NULL,cdn77,UK,10094,NULL,lccrawresults,2026-01-17
BN,202601,NULL,NULL,cloudflare,US,10094,NULL,lccrawresults,2026-01-17
BN,202601,NULL,NULL,facebook,US,10094,NULL,lccrawresults,2026-01-17
BN,202601,NULL,NULL,fastly,US,10094,NULL,lccrawresults,2026-01-17
BN,202601,NULL,NULL,microsoft,US,10094,NULL,lccrawresults,2026-01-17
ID,202406,NULL,NULL,akamai,US,17451,NULL,lccrawresults,2024-06-04
ID,202406,NULL,NULL,akamai,US,17451,NULL,lccrawresults,2024-06-20
ID,202406,NULL,NULL,akamai,US,18004,NULL,lccrawresults,2024-06-04
ID,202406,NULL,NULL,akamai,US,18004,NULL,lccrawresults,2024-06-20
ID,202406,NULL,NULL,akamai,US,23693,NULL,lccrawresults,2024-06-04
ID,202406,NULL,NULL,akamai,US,23693,NULL,lccrawresults,2024-06-20
ID,202406,NULL,NULL,akamai,US,23700,NULL,lccrawresults,2024-06-04
ID,202406,NULL,NULL,akamai,US,23700,NULL,lccrawresults,2024-06-20
ID,202406,NULL,NULL,akamai,US,24203,NULL,lccrawresults,2024-06-04
ID,202406,NULL,NULL,akamai,US,24203,NULL,lccrawresults,2024-06-20
ID,202406,NULL,NULL,akamai,US,45727,NULL,lccrawresults,2024-06-04
ID,202406,NULL,NULL,akamai,US,45727,NULL,lccrawresults,2024-06-20
ID,202406,NULL,NULL,akamai,US,4761,NULL,lccrawresults,2024-06-04
ID,202406,NULL,NULL,akamai,US,4761,NULL,lccrawresults,2024-06-20
ID,202406,NULL,NULL,akamai,US,63859,NULL,lccrawresults,2024-06-04
ID,202406,NULL,NULL,akamai,US,63859,NULL,lccrawresults,2024-06-20
ID,202406,NULL,NULL,akamai,US,7713,NULL,lccrawresults,2024-06-04
ID,202406,NULL,NULL,akamai,US,7713,NULL,lccrawresults,2024-06-20
ID,202406,NULL,NULL,akamai,US,9341,NULL,lccrawresults,2024-06-04
ID,202406,NULL,NULL,akamai,US,9341,NULL,lccrawresults,2024-06-20
ID,202406,NULL,NULL,alibaba,China,17451,NULL,lccrawresults,2024-06-20
ID,202406,NULL,NULL,alibaba,China,18004,NULL,lccrawresults,2024-06-20
ID,202406,NULL,NULL,alibaba,China,23693,NULL,lccrawresults,2024-06-20
ID,202406,NULL,NULL,alibaba,China,23700,NULL,lccrawresults,2024-06-20
ID,202406,NULL,NULL,alibaba,China,45727,NULL,lccrawresults,2024-06-20
ID,202406,NULL,NULL,alibaba,China,4761,NULL,lccrawresults,2024-06-20
ID,202406,NULL,NULL,alibaba,China,63859,NULL,lccrawresults,2024-06-20
ID,202406,NULL,NULL,alibaba,China,7713,NULL,lccrawresults,2024-06-20
ID,202406,NULL,NULL,alibaba,China,9341,NULL,lccrawresults,2024-06-20
ID,202406,NULL,NULL,amazon,US,17451,NULL,lccrawresults,2024-06-20
ID,202406,NULL,NULL,amazon,US,18004,NULL,lccrawresults,2024-06-20
ID,202406,NULL,NULL,amazon,US,23693,NULL,lccrawresults,2024-06-20
ID,202406,NULL,NULL,amazon,US,23700,NULL,lccrawresults,2024-06-20
ID,202406,NULL,NULL,amazon,US,24203,NULL,lccrawresults,2024-06-20
ID,202406,NULL,NULL,amazon,US,45727,NULL,lccrawresults,2024-06-20
ID,202406,NULL,NULL,amazon,US,63859,NULL,lccrawresults,2024-06-20
ID,202406,NULL,NULL,amazon,US,9341,NULL,lccrawresults,2024-06-20
ID,202406,NULL,NULL,cloudflare,US,17451,NULL,lccrawresults,2024-06-04
ID,202406,NULL,NULL,cloudflare,US,17451,NULL,lccrawresults,2024-06-20
ID,202406,NULL,NULL,cloudflare,US,18004,NULL,lccrawresults,2024-06-04
ID,202406,NULL,NULL,cloudflare,US,23693,NULL,lccrawresults,2024-06-04
ID,202406,NULL,NULL,cloudflare,US,23693,NULL,lccrawresults,2024-06-20
ID,202406,NULL,NULL,cloudflare,US,23700,NULL,lccrawresults,2024-06-04
ID,202406,NULL,NULL,cloudflare,US,23700,NULL,lccrawresults,2024-06-20
ID,202406,NULL,NULL,cloudflare,US,24203,NULL,lccrawresults,2024-06-04
ID,202406,NULL,NULL,cloudflare,US,24203,NULL,lccrawresults,2024-06-20
ID,202406,NULL,NULL,cloudflare,US,45727,NULL,lccrawresults,2024-06-04
ID,202406,NULL,NULL,cloudflare,US,45727,NULL,lccrawresults,2024-06-20
ID,202406,NULL,NULL,cloudflare,US,4761,NULL,lccrawresults,2024-06-04
ID,202406,NULL,NULL,cloudflare,US,4761,NULL,lccrawresults,2024-06-20
ID,202406,NULL,NULL,cloudflare,US,63859,NULL,lccrawresults,2024-06-04
ID,202406,NULL,NULL,cloudflare,US,63859,NULL,lccrawresults,2024-06-20
ID,202406,NULL,NULL,cloudflare,US,7713,NULL,lccrawresults,2024-06-04
ID,202406,NULL,NULL,cloudflare,US,7713,NULL,lccrawresults,2024-06-20
ID,202406,NULL,NULL,cloudflare,US,9341,NULL,lccrawresults,2024-06-04
ID,202406,NULL,NULL,cloudflare,US,9341,NULL,lccrawresults,2024-06-20
ID,202406,NULL,NULL,cloudfront,US,17451,NULL,lccrawresults,2024-06-04
ID,202406,NULL,NULL,cloudfront,US,18004,NULL,lccrawresults,2024-06-04
ID,202406,NULL,NULL,cloudfront,US,23693,NULL,lccrawresults,2024-06-04
ID,202406,NULL,NULL,cloudfront,US,23700,NULL,lccrawresults,2024-06-04
ID,202406,NULL,NULL,cloudfront,US,24203,NULL,lccrawresults,2024-06-04
ID,202406,NULL,NULL,cloudfront,US,45727,NULL,lccrawresults,2024-06-04
ID,202406,NULL,NULL,cloudfront,US,4761,NULL,lccrawresults,2024-06-04
ID,202406,NULL,NULL,cloudfront,US,63859,NULL,lccrawresults,2024-06-04
ID,202406,NULL,NULL,cloudfront,US,7713,NULL,lccrawresults,2024-06-04
ID,202406,NULL,NULL,cloudfront,US,9341,NULL,lccrawresults,2024-06-04
ID,202406,NULL,NULL,facebook,US,17451,NULL,lccrawresults,2024-06-04
ID,202406,NULL,NULL,facebook,US,17451,NULL,lccrawresults,2024-06-20
ID,202406,NULL,NULL,facebook,US,18004,NULL,lccrawresults,2024-06-04
ID,202406,NULL,NULL,facebook,US,18004,NULL,lccrawresults,2024-06-20
ID,202406,NULL,NULL,facebook,US,23693,NULL,lccrawresults,2024-06-04
ID,202406,NULL,NULL,facebook,US,23693,NULL,lccrawresults,2024-06-20
ID,202406,NULL,NULL,facebook,US,23700,NULL,lccrawresults,2024-06-04
ID,202406,NULL,NULL,facebook,US,23700,NULL,lccrawresults,2024-06-20
ID,202406,NULL,NULL,facebook,US,24203,NULL,lccrawresults,2024-06-04
ID,202406,NULL,NULL,facebook,US,24203,NULL,lccrawresults,2024-06-20
ID,202406,NULL,NULL,facebook,US,45727,NULL,lccrawresults,2024-06-04
ID,202406,NULL,NULL,facebook,US,45727,NULL,lccrawresults,2024-06-20
ID,202406,NULL,NULL,facebook,US,4761,NULL,lccrawresults,2024-06-04
ID,202406,NULL,NULL,facebook,US,4761,NULL,lccrawresults,2024-06-20
ID,202406,NULL,NULL,facebook,US,63859,NULL,lccrawresults,2024-06-04
ID,202406,NULL,NULL,facebook,US,63859,NULL,lccrawresults,2024-06-20
ID,202406,NULL,NULL,facebook,US,7713,NULL,lccrawresults,2024-06-04
ID,202406,NULL,NULL,facebook,US,7713,NULL,lccrawresults,2024-06-20
ID,202406,NULL,NULL,facebook,US,9341,NULL,lccrawresults,2024-06-04
ID,202406,NULL,NULL,facebook,US,9341,NULL,lccrawresults,2024-06-20
ID,202406,NULL,NULL,fastly,US,17451,NULL,lccrawresults,2024-06-04
ID,202406,NULL,NULL,fastly,US,17451,NULL,lccrawresults,2024-06-20
ID,202406,NULL,NULL,fastly,US,18004,NULL,lccrawresults,2024-06-04
ID,202406,NULL,NULL,fastly,US,18004,NULL,lccrawresults,2024-06-20
ID,202406,NULL,NULL,fastly,US,23693,NULL,lccrawresults,2024-06-04
ID,202406,NULL,NULL,fastly,US,23693,NULL,lccrawresults,2024-06-20
ID,202406,NULL,NULL,fastly,US,23700,NULL,lccrawresults,2024-06-04
ID,202406,NULL,NULL,fastly,US,23700,NULL,lccrawresults,2024-06-20
ID,202406,NULL,NULL,fastly,US,24203,NULL,lccrawresults,2024-06-04
ID,202406,NULL,NULL,fastly,US,24203,NULL,lccrawresults,2024-06-20
ID,202406,NULL,NULL,fastly,US,45727,NULL,lccrawresults,2024-06-04
ID,202406,NULL,NULL,fastly,US,45727,NULL,lccrawresults,2024-06-20
ID,202406,NULL,NULL,fastly,US,4761,NULL,lccrawresults,2024-06-04
ID,202406,NULL,NULL,fastly,US,4761,NULL,lccrawresults,2024-06-20
ID,202406,NULL,NULL,fastly,US,63859,NULL,lccrawresults,2024-06-04
ID,202406,NULL,NULL,fastly,US,63859,NULL,lccrawresults,2024-06-20
ID,202406,NULL,NULL,fastly,US,7713,NULL,lccrawresults,2024-06-04
ID,202406,NULL,NULL,fastly,US,7713,NULL,lccrawresults,2024-06-20
ID,202406,NULL,NULL,fastly,US,9341,NULL,lccrawresults,2024-06-04
ID,202406,NULL,NULL,fastly,US,9341,NULL,lccrawresults,2024-06-20
ID,202406,NULL,NULL,microsoft,US,17451,NULL,lccrawresults,2024-06-20
ID,202406,NULL,NULL,microsoft,US,18004,NULL,lccrawresults,2024-06-20
ID,202406,NULL,NULL,microsoft,US,23693,NULL,lccrawresults,2024-06-20
ID,202406,NULL,NULL,microsoft,US,23700,NULL,lccrawresults,2024-06-20
ID,202406,NULL,NULL,microsoft,US,24203,NULL,lccrawresults,2024-06-20
ID,202406,NULL,NULL,microsoft,US,45727,NULL,lccrawresults,2024-06-20
ID,202406,NULL,NULL,microsoft,US,4761,NULL,lccrawresults,2024-06-20
ID,202406,NULL,NULL,microsoft,US,63859,NULL,lccrawresults,2024-06-20
ID,202406,NULL,NULL,microsoft,US,7713,NULL,lccrawresults,2024-06-20
ID,202406,NULL,NULL,microsoft,US,9341,NULL,lccrawresults,2024-06-20
ID,202408,NULL,NULL,akamai,US,17451,NULL,lccrawresults,2024-08-08
ID,202408,NULL,NULL,akamai,US,17451,NULL,lccrawresults,2024-08-19
ID,202408,NULL,NULL,alibaba,China,17451,NULL,lccrawresults,2024-08-08
ID,202408,NULL,NULL,alibaba,China,17451,NULL,lccrawresults,2024-08-19
ID,202408,NULL,NULL,amazon,US,17451,NULL,lccrawresults,2024-08-08
ID,202408,NULL,NULL,amazon,US,17451,NULL,lccrawresults,2024-08-19
ID,202408,NULL,NULL,cloudflare,US,17451,NULL,lccrawresults,2024-08-08
ID,202408,NULL,NULL,cloudflare,US,17451,NULL,lccrawresults,2024-08-19
ID,202408,NULL,NULL,facebook,US,17451,NULL,lccrawresults,2024-08-08
ID,202408,NULL,NULL,facebook,US,17451,NULL,lccrawresults,2024-08-19
ID,202408,NULL,NULL,fastly,US,17451,NULL,lccrawresults,2024-08-08
ID,202408,NULL,NULL,fastly,US,17451,NULL,lccrawresults,2024-08-19
ID,202408,NULL,NULL,microsoft,US,17451,NULL,lccrawresults,2024-08-08
ID,202408,NULL,NULL,microsoft,US,17451,NULL,lccrawresults,2024-08-19
ID,202409,NULL,NULL,akamai,US,17451,NULL,lccrawresults,2024-09-18
ID,202409,NULL,NULL,akamai,US,17451,NULL,lccrawresults,2024-09-16
ID,202409,NULL,NULL,alibaba,China,17451,NULL,lccrawresults,2024-09-18
ID,202409,NULL,NULL,alibaba,China,17451,NULL,lccrawresults,2024-09-16
ID,202409,NULL,NULL,amazon,US,17451,NULL,lccrawresults,2024-09-18
ID,202409,NULL,NULL,amazon,US,17451,NULL,lccrawresults,2024-09-16
ID,202409,NULL,NULL,cloudflare,US,17451,NULL,lccrawresults,2024-09-18
ID,202409,NULL,NULL,cloudflare,US,17451,NULL,lccrawresults,2024-09-16
ID,202409,NULL,NULL,facebook,US,17451,NULL,lccrawresults,2024-09-18
ID,202409,NULL,NULL,facebook,US,17451,NULL,lccrawresults,2024-09-16
ID,202409,NULL,NULL,fastly,US,17451,NULL,lccrawresults,2024-09-18
ID,202409,NULL,NULL,fastly,US,17451,NULL,lccrawresults,2024-09-16
ID,202409,NULL,NULL,microsoft,US,17451,NULL,lccrawresults,2024-09-18
ID,202409,NULL,NULL,microsoft,US,17451,NULL,lccrawresults,2024-09-16
ID,202410,NULL,NULL,akamai,US,17451,NULL,lccrawresults,2024-10-17
ID,202410,NULL,NULL,alibaba,China,17451,NULL,lccrawresults,2024-10-17
ID,202410,NULL,NULL,amazon,US,17451,NULL,lccrawresults,2024-10-17
ID,202410,NULL,NULL,cloudflare,US,17451,NULL,lccrawresults,2024-10-17
ID,202410,NULL,NULL,facebook,US,17451,NULL,lccrawresults,2024-10-17
ID,202410,NULL,NULL,fastly,US,17451,NULL,lccrawresults,2024-10-17
ID,202410,NULL,NULL,microsoft,US,17451,NULL,lccrawresults,2024-10-17
ID,202411,NULL,NULL,akamai,US,17451,NULL,lccrawresults,2024-11-17
ID,202411,NULL,NULL,alibaba,China,17451,NULL,lccrawresults,2024-11-17
ID,202411,NULL,NULL,amazon,US,17451,NULL,lccrawresults,2024-11-17
ID,202411,NULL,NULL,bunnycdn,Slovenia,17451,NULL,lccrawresults,2024-11-17
ID,202411,NULL,NULL,cdn77,UK,17451,NULL,lccrawresults,2024-11-17
ID,202411,NULL,NULL,cloudflare,US,17451,NULL,lccrawresults,2024-11-17
ID,202411,NULL,NULL,facebook,US,17451,NULL,lccrawresults,2024-11-17
ID,202411,NULL,NULL,fastly,US,17451,NULL,lccrawresults,2024-11-17
ID,202411,NULL,NULL,microsoft,US,17451,NULL,lccrawresults,2024-11-17
ID,202412,NULL,NULL,akamai,US,17451,NULL,lccrawresults,2024-12-18
ID,202412,NULL,NULL,alibaba,China,17451,NULL,lccrawresults,2024-12-18
ID,202412,NULL,NULL,amazon,US,17451,NULL,lccrawresults,2024-12-18
ID,202412,NULL,NULL,cdn77,UK,17451,NULL,lccrawresults,2024-12-18
ID,202412,NULL,NULL,cloudflare,US,17451,NULL,lccrawresults,2024-12-18
ID,202412,NULL,NULL,facebook,US,17451,NULL,lccrawresults,2024-12-18
ID,202412,NULL,NULL,fastly,US,17451,NULL,lccrawresults,2024-12-18
ID,202412,NULL,NULL,microsoft,US,17451,NULL,lccrawresults,2024-12-18
ID,202501,NULL,NULL,akamai,US,17451,NULL,lccrawresults,2025-01-17
ID,202501,NULL,NULL,alibaba,China,17451,NULL,lccrawresults,2025-01-17
ID,202501,NULL,NULL,amazon,US,17451,NULL,lccrawresults,2025-01-17
ID,202501,NULL,NULL,cloudflare,US,17451,NULL,lccrawresults,2025-01-17
ID,202501,NULL,NULL,facebook,US,17451,NULL,lccrawresults,2025-01-17
ID,202501,NULL,NULL,fastly,US,17451,NULL,lccrawresults,2025-01-17
ID,202501,NULL,NULL,microsoft,US,17451,NULL,lccrawresults,2025-01-17
ID,202502,NULL,NULL,akamai,US,17451,NULL,lccrawresults,2025-02-17
ID,202502,NULL,NULL,akamai,US,18004,NULL,lccrawresults,2025-02-17
ID,202502,NULL,NULL,akamai,US,23693,NULL,lccrawresults,2025-02-17
ID,202502,NULL,NULL,akamai,US,23700,NULL,lccrawresults,2025-02-17
ID,202502,NULL,NULL,akamai,US,24203,NULL,lccrawresults,2025-02-17
ID,202502,NULL,NULL,akamai,US,4761,NULL,lccrawresults,2025-02-17
ID,202502,NULL,NULL,akamai,US,63859,NULL,lccrawresults,2025-02-17
ID,202502,NULL,NULL,akamai,US,7713,NULL,lccrawresults,2025-02-17
ID,202502,NULL,NULL,akamai,US,9341,NULL,lccrawresults,2025-02-17
ID,202502,NULL,NULL,alibaba,China,17451,NULL,lccrawresults,2025-02-17
ID,202502,NULL,NULL,alibaba,China,18004,NULL,lccrawresults,2025-02-17
ID,202502,NULL,NULL,alibaba,China,23693,NULL,lccrawresults,2025-02-17
ID,202502,NULL,NULL,alibaba,China,23700,NULL,lccrawresults,2025-02-17
ID,202502,NULL,NULL,alibaba,China,24203,NULL,lccrawresults,2025-02-17
ID,202502,NULL,NULL,alibaba,China,4761,NULL,lccrawresults,2025-02-17
ID,202502,NULL,NULL,alibaba,China,63859,NULL,lccrawresults,2025-02-17
ID,202502,NULL,NULL,alibaba,China,7713,NULL,lccrawresults,2025-02-17
ID,202502,NULL,NULL,alibaba,China,9341,NULL,lccrawresults,2025-02-17
ID,202502,NULL,NULL,amazon,US,17451,NULL,lccrawresults,2025-02-17
ID,202502,NULL,NULL,amazon,US,18004,NULL,lccrawresults,2025-02-17
ID,202502,NULL,NULL,amazon,US,23693,NULL,lccrawresults,2025-02-17
ID,202502,NULL,NULL,amazon,US,23700,NULL,lccrawresults,2025-02-17
ID,202502,NULL,NULL,amazon,US,24203,NULL,lccrawresults,2025-02-17
ID,202502,NULL,NULL,amazon,US,4761,NULL,lccrawresults,2025-02-17
ID,202502,NULL,NULL,amazon,US,63859,NULL,lccrawresults,2025-02-17
ID,202502,NULL,NULL,amazon,US,7713,NULL,lccrawresults,2025-02-17
ID,202502,NULL,NULL,amazon,US,9341,NULL,lccrawresults,2025-02-17
ID,202502,NULL,NULL,cdn77,UK,17451,NULL,lccrawresults,2025-02-17
ID,202502,NULL,NULL,cdn77,UK,18004,NULL,lccrawresults,2025-02-17
ID,202502,NULL,NULL,cdn77,UK,23693,NULL,lccrawresults,2025-02-17
ID,202502,NULL,NULL,cdn77,UK,23700,NULL,lccrawresults,2025-02-17
ID,202502,NULL,NULL,cdn77,UK,24203,NULL,lccrawresults,2025-02-17
ID,202502,NULL,NULL,cdn77,UK,4761,NULL,lccrawresults,2025-02-17
ID,202502,NULL,NULL,cdn77,UK,63859,NULL,lccrawresults,2025-02-17
ID,202502,NULL,NULL,cdn77,UK,7713,NULL,lccrawresults,2025-02-17
ID,202502,NULL,NULL,cdn77,UK,9341,NULL,lccrawresults,2025-02-17
ID,202502,NULL,NULL,cloudflare,US,17451,NULL,lccrawresults,2025-02-17
ID,202502,NULL,NULL,cloudflare,US,18004,NULL,lccrawresults,2025-02-17
ID,202502,NULL,NULL,cloudflare,US,23693,NULL,lccrawresults,2025-02-17
ID,202502,NULL,NULL,cloudflare,US,23700,NULL,lccrawresults,2025-02-17
ID,202502,NULL,NULL,cloudflare,US,24203,NULL,lccrawresults,2025-02-17
ID,202502,NULL,NULL,cloudflare,US,4761,NULL,lccrawresults,2025-02-17
ID,202502,NULL,NULL,cloudflare,US,63859,NULL,lccrawresults,2025-02-17
ID,202502,NULL,NULL,cloudflare,US,7713,NULL,lccrawresults,2025-02-17
ID,202502,NULL,NULL,cloudflare,US,9341,NULL,lccrawresults,2025-02-17
ID,202502,NULL,NULL,facebook,US,17451,NULL,lccrawresults,2025-02-17
ID,202502,NULL,NULL,facebook,US,18004,NULL,lccrawresults,2025-02-17
ID,202502,NULL,NULL,facebook,US,23693,NULL,lccrawresults,2025-02-17
ID,202502,NULL,NULL,facebook,US,23700,NULL,lccrawresults,2025-02-17
ID,202502,NULL,NULL,facebook,US,4761,NULL,lccrawresults,2025-02-17
ID,202502,NULL,NULL,facebook,US,63859,NULL,lccrawresults,2025-02-17
ID,202502,NULL,NULL,facebook,US,7713,NULL,lccrawresults,2025-02-17
ID,202502,NULL,NULL,facebook,US,9341,NULL,lccrawresults,2025-02-17
ID,202502,NULL,NULL,fastly,US,17451,NULL,lccrawresults,2025-02-17
ID,202502,NULL,NULL,fastly,US,18004,NULL,lccrawresults,2025-02-17
ID,202502,NULL,NULL,fastly,US,23693,NULL,lccrawresults,2025-02-17
ID,202502,NULL,NULL,fastly,US,23700,NULL,lccrawresults,2025-02-17
ID,202502,NULL,NULL,fastly,US,24203,NULL,lccrawresults,2025-02-17
ID,202502,NULL,NULL,fastly,US,4761,NULL,lccrawresults,2025-02-17
ID,202502,NULL,NULL,fastly,US,63859,NULL,lccrawresults,2025-02-17
ID,202502,NULL,NULL,fastly,US,7713,NULL,lccrawresults,2025-02-17
ID,202502,NULL,NULL,fastly,US,9341,NULL,lccrawresults,2025-02-17
ID,202502,NULL,NULL,microsoft,US,17451,NULL,lccrawresults,2025-02-17
ID,202502,NULL,NULL,microsoft,US,18004,NULL,lccrawresults,2025-02-17
ID,202502,NULL,NULL,microsoft,US,23693,NULL,lccrawresults,2025-02-17
ID,202502,NULL,NULL,microsoft,US,23700,NULL,lccrawresults,2025-02-17
ID,202502,NULL,NULL,microsoft,US,24203,NULL,lccrawresults,2025-02-17
ID,202502,NULL,NULL,microsoft,US,4761,NULL,lccrawresults,2025-02-17
ID,202502,NULL,NULL,microsoft,US,63859,NULL,lccrawresults,2025-02-17
ID,202502,NULL,NULL,microsoft,US,7713,NULL,lccrawresults,2025-02-17
ID,202502,NULL,NULL,microsoft,US,9341,NULL,lccrawresults,2025-02-17
ID,202503,NULL,NULL,akamai,US,17451,NULL,lccrawresults,2025-03-17
ID,202503,NULL,NULL,akamai,US,18004,NULL,lccrawresults,2025-03-17
ID,202503,NULL,NULL,akamai,US,23693,NULL,lccrawresults,2025-03-17
ID,202503,NULL,NULL,akamai,US,23700,NULL,lccrawresults,2025-03-17
ID,202503,NULL,NULL,akamai,US,24203,NULL,lccrawresults,2025-03-17
ID,202503,NULL,NULL,akamai,US,4761,NULL,lccrawresults,2025-03-17
ID,202503,NULL,NULL,akamai,US,63859,NULL,lccrawresults,2025-03-17
ID,202503,NULL,NULL,akamai,US,7713,NULL,lccrawresults,2025-03-17
ID,202503,NULL,NULL,akamai,US,9341,NULL,lccrawresults,2025-03-17
ID,202503,NULL,NULL,alibaba,China,17451,NULL,lccrawresults,2025-03-17
ID,202503,NULL,NULL,alibaba,China,18004,NULL,lccrawresults,2025-03-17
ID,202503,NULL,NULL,alibaba,China,23693,NULL,lccrawresults,2025-03-17
ID,202503,NULL,NULL,alibaba,China,23700,NULL,lccrawresults,2025-03-17
ID,202503,NULL,NULL,alibaba,China,24203,NULL,lccrawresults,2025-03-17
ID,202503,NULL,NULL,alibaba,China,4761,NULL,lccrawresults,2025-03-17
ID,202503,NULL,NULL,alibaba,China,63859,NULL,lccrawresults,2025-03-17
ID,202503,NULL,NULL,alibaba,China,7713,NULL,lccrawresults,2025-03-17
ID,202503,NULL,NULL,alibaba,China,9341,NULL,lccrawresults,2025-03-17
ID,202503,NULL,NULL,amazon,US,17451,NULL,lccrawresults,2025-03-17
ID,202503,NULL,NULL,amazon,US,18004,NULL,lccrawresults,2025-03-17
ID,202503,NULL,NULL,amazon,US,23693,NULL,lccrawresults,2025-03-17
ID,202503,NULL,NULL,amazon,US,23700,NULL,lccrawresults,2025-03-17
ID,202503,NULL,NULL,amazon,US,24203,NULL,lccrawresults,2025-03-17
ID,202503,NULL,NULL,amazon,US,4761,NULL,lccrawresults,2025-03-17
ID,202503,NULL,NULL,amazon,US,63859,NULL,lccrawresults,2025-03-17
ID,202503,NULL,NULL,amazon,US,7713,NULL,lccrawresults,2025-03-17
ID,202503,NULL,NULL,amazon,US,9341,NULL,lccrawresults,2025-03-17
ID,202503,NULL,NULL,cloudflare,US,17451,NULL,lccrawresults,2025-03-17
ID,202503,NULL,NULL,cloudflare,US,18004,NULL,lccrawresults,2025-03-17
ID,202503,NULL,NULL,cloudflare,US,23693,NULL,lccrawresults,2025-03-17
ID,202503,NULL,NULL,cloudflare,US,23700,NULL,lccrawresults,2025-03-17
ID,202503,NULL,NULL,cloudflare,US,24203,NULL,lccrawresults,2025-03-17
ID,202503,NULL,NULL,cloudflare,US,4761,NULL,lccrawresults,2025-03-17
ID,202503,NULL,NULL,cloudflare,US,63859,NULL,lccrawresults,2025-03-17
ID,202503,NULL,NULL,cloudflare,US,7713,NULL,lccrawresults,2025-03-17
ID,202503,NULL,NULL,cloudflare,US,9341,NULL,lccrawresults,2025-03-17
ID,202503,NULL,NULL,facebook,US,17451,NULL,lccrawresults,2025-03-17
ID,202503,NULL,NULL,facebook,US,18004,NULL,lccrawresults,2025-03-17
ID,202503,NULL,NULL,facebook,US,23693,NULL,lccrawresults,2025-03-17
ID,202503,NULL,NULL,facebook,US,23700,NULL,lccrawresults,2025-03-17
ID,202503,NULL,NULL,facebook,US,24203,NULL,lccrawresults,2025-03-17
ID,202503,NULL,NULL,facebook,US,4761,NULL,lccrawresults,2025-03-17
ID,202503,NULL,NULL,facebook,US,63859,NULL,lccrawresults,2025-03-17
ID,202503,NULL,NULL,facebook,US,7713,NULL,lccrawresults,2025-03-17
ID,202503,NULL,NULL,facebook,US,9341,NULL,lccrawresults,2025-03-17
ID,202503,NULL,NULL,fastly,US,17451,NULL,lccrawresults,2025-03-17
ID,202503,NULL,NULL,fastly,US,18004,NULL,lccrawresults,2025-03-17
ID,202503,NULL,NULL,fastly,US,23693,NULL,lccrawresults,2025-03-17
ID,202503,NULL,NULL,fastly,US,23700,NULL,lccrawresults,2025-03-17
ID,202503,NULL,NULL,fastly,US,24203,NULL,lccrawresults,2025-03-17
ID,202503,NULL,NULL,fastly,US,4761,NULL,lccrawresults,2025-03-17
ID,202503,NULL,NULL,fastly,US,63859,NULL,lccrawresults,2025-03-17
ID,202503,NULL,NULL,fastly,US,7713,NULL,lccrawresults,2025-03-17
ID,202503,NULL,NULL,fastly,US,9341,NULL,lccrawresults,2025-03-17
ID,202503,NULL,NULL,microsoft,US,17451,NULL,lccrawresults,2025-03-17
ID,202503,NULL,NULL,microsoft,US,18004,NULL,lccrawresults,2025-03-17
ID,202503,NULL,NULL,microsoft,US,23693,NULL,lccrawresults,2025-03-17
ID,202503,NULL,NULL,microsoft,US,23700,NULL,lccrawresults,2025-03-17
ID,202503,NULL,NULL,microsoft,US,24203,NULL,lccrawresults,2025-03-17
ID,202503,NULL,NULL,microsoft,US,4761,NULL,lccrawresults,2025-03-17
ID,202503,NULL,NULL,microsoft,US,63859,NULL,lccrawresults,2025-03-17
ID,202503,NULL,NULL,microsoft,US,7713,NULL,lccrawresults,2025-03-17
ID,202503,NULL,NULL,microsoft,US,9341,NULL,lccrawresults,2025-03-17
ID,202504,NULL,NULL,akamai,US,17451,NULL,lccrawresults,2025-04-17
ID,202504,NULL,NULL,akamai,US,18004,NULL,lccrawresults,2025-04-17
ID,202504,NULL,NULL,akamai,US,23693,NULL,lccrawresults,2025-04-17
ID,202504,NULL,NULL,akamai,US,23700,NULL,lccrawresults,2025-04-17
ID,202504,NULL,NULL,akamai,US,24203,NULL,lccrawresults,2025-04-17
ID,202504,NULL,NULL,akamai,US,4761,NULL,lccrawresults,2025-04-17
ID,202504,NULL,NULL,akamai,US,63859,NULL,lccrawresults,2025-04-17
ID,202504,NULL,NULL,akamai,US,7713,NULL,lccrawresults,2025-04-17
ID,202504,NULL,NULL,akamai,US,9341,NULL,lccrawresults,2025-04-17
ID,202504,NULL,NULL,alibaba,China,17451,NULL,lccrawresults,2025-04-17
ID,202504,NULL,NULL,alibaba,China,18004,NULL,lccrawresults,2025-04-17
ID,202504,NULL,NULL,alibaba,China,23693,NULL,lccrawresults,2025-04-17
ID,202504,NULL,NULL,alibaba,China,23700,NULL,lccrawresults,2025-04-17
ID,202504,NULL,NULL,alibaba,China,24203,NULL,lccrawresults,2025-04-17
ID,202504,NULL,NULL,alibaba,China,4761,NULL,lccrawresults,2025-04-17
ID,202504,NULL,NULL,alibaba,China,63859,NULL,lccrawresults,2025-04-17
ID,202504,NULL,NULL,alibaba,China,7713,NULL,lccrawresults,2025-04-17
ID,202504,NULL,NULL,alibaba,China,9341,NULL,lccrawresults,2025-04-17
ID,202504,NULL,NULL,amazon,US,17451,NULL,lccrawresults,2025-04-17
ID,202504,NULL,NULL,amazon,US,18004,NULL,lccrawresults,2025-04-17
ID,202504,NULL,NULL,amazon,US,23693,NULL,lccrawresults,2025-04-17
ID,202504,NULL,NULL,amazon,US,23700,NULL,lccrawresults,2025-04-17
ID,202504,NULL,NULL,amazon,US,24203,NULL,lccrawresults,2025-04-17
ID,202504,NULL,NULL,amazon,US,4761,NULL,lccrawresults,2025-04-17
ID,202504,NULL,NULL,amazon,US,7713,NULL,lccrawresults,2025-04-17
ID,202504,NULL,NULL,amazon,US,9341,NULL,lccrawresults,2025-04-17
ID,202504,NULL,NULL,cdn77,UK,17451,NULL,lccrawresults,2025-04-17
ID,202504,NULL,NULL,cdn77,UK,18004,NULL,lccrawresults,2025-04-17
ID,202504,NULL,NULL,cdn77,UK,23693,NULL,lccrawresults,2025-04-17
ID,202504,NULL,NULL,cdn77,UK,23700,NULL,lccrawresults,2025-04-17
ID,202504,NULL,NULL,cdn77,UK,24203,NULL,lccrawresults,2025-04-17
ID,202504,NULL,NULL,cdn77,UK,4761,NULL,lccrawresults,2025-04-17
ID,202504,NULL,NULL,cdn77,UK,63859,NULL,lccrawresults,2025-04-17
ID,202504,NULL,NULL,cdn77,UK,7713,NULL,lccrawresults,2025-04-17
ID,202504,NULL,NULL,cdn77,UK,9341,NULL,lccrawresults,2025-04-17
ID,202504,NULL,NULL,cloudflare,US,17451,NULL,lccrawresults,2025-04-17
ID,202504,NULL,NULL,cloudflare,US,18004,NULL,lccrawresults,2025-04-17
ID,202504,NULL,NULL,cloudflare,US,23693,NULL,lccrawresults,2025-04-17
ID,202504,NULL,NULL,cloudflare,US,23700,NULL,lccrawresults,2025-04-17
ID,202504,NULL,NULL,cloudflare,US,24203,NULL,lccrawresults,2025-04-17
ID,202504,NULL,NULL,cloudflare,US,4761,NULL,lccrawresults,2025-04-17
ID,202504,NULL,NULL,cloudflare,US,7713,NULL,lccrawresults,2025-04-17
ID,202504,NULL,NULL,cloudflare,US,9341,NULL,lccrawresults,2025-04-17
ID,202504,NULL,NULL,facebook,US,17451,NULL,lccrawresults,2025-04-17
ID,202504,NULL,NULL,facebook,US,18004,NULL,lccrawresults,2025-04-17
ID,202504,NULL,NULL,facebook,US,23693,NULL,lccrawresults,2025-04-17
ID,202504,NULL,NULL,facebook,US,23700,NULL,lccrawresults,2025-04-17
ID,202504,NULL,NULL,facebook,US,24203,NULL,lccrawresults,2025-04-17
ID,202504,NULL,NULL,facebook,US,4761,NULL,lccrawresults,2025-04-17
ID,202504,NULL,NULL,facebook,US,7713,NULL,lccrawresults,2025-04-17
ID,202504,NULL,NULL,facebook,US,9341,NULL,lccrawresults,2025-04-17
ID,202504,NULL,NULL,fastly,US,17451,NULL,lccrawresults,2025-04-17
ID,202504,NULL,NULL,fastly,US,18004,NULL,lccrawresults,2025-04-17
ID,202504,NULL,NULL,fastly,US,23693,NULL,lccrawresults,2025-04-17
ID,202504,NULL,NULL,fastly,US,23700,NULL,lccrawresults,2025-04-17
ID,202504,NULL,NULL,fastly,US,24203,NULL,lccrawresults,2025-04-17
ID,202504,NULL,NULL,fastly,US,4761,NULL,lccrawresults,2025-04-17
ID,202504,NULL,NULL,fastly,US,63859,NULL,lccrawresults,2025-04-17
ID,202504,NULL,NULL,fastly,US,7713,NULL,lccrawresults,2025-04-17
ID,202504,NULL,NULL,fastly,US,9341,NULL,lccrawresults,2025-04-17
ID,202504,NULL,NULL,microsoft,US,17451,NULL,lccrawresults,2025-04-17
ID,202504,NULL,NULL,microsoft,US,18004,NULL,lccrawresults,2025-04-17
ID,202504,NULL,NULL,microsoft,US,23693,NULL,lccrawresults,2025-04-17
ID,202504,NULL,NULL,microsoft,US,23700,NULL,lccrawresults,2025-04-17
ID,202504,NULL,NULL,microsoft,US,24203,NULL,lccrawresults,2025-04-17
ID,202504,NULL,NULL,microsoft,US,4761,NULL,lccrawresults,2025-04-17
ID,202504,NULL,NULL,microsoft,US,63859,NULL,lccrawresults,2025-04-17
ID,202504,NULL,NULL,microsoft,US,7713,NULL,lccrawresults,2025-04-17
ID,202504,NULL,NULL,microsoft,US,9341,NULL,lccrawresults,2025-04-17
ID,202505,NULL,NULL,akamai,US,17451,NULL,lccrawresults,2025-05-17
ID,202505,NULL,NULL,akamai,US,18004,NULL,lccrawresults,2025-05-17
ID,202505,NULL,NULL,akamai,US,23693,NULL,lccrawresults,2025-05-17
ID,202505,NULL,NULL,akamai,US,23700,NULL,lccrawresults,2025-05-17
ID,202505,NULL,NULL,akamai,US,24203,NULL,lccrawresults,2025-05-17
ID,202505,NULL,NULL,akamai,US,4761,NULL,lccrawresults,2025-05-17
ID,202505,NULL,NULL,akamai,US,63859,NULL,lccrawresults,2025-05-17
ID,202505,NULL,NULL,akamai,US,7713,NULL,lccrawresults,2025-05-17
ID,202505,NULL,NULL,akamai,US,9341,NULL,lccrawresults,2025-05-17
ID,202505,NULL,NULL,alibaba,China,17451,NULL,lccrawresults,2025-05-17
ID,202505,NULL,NULL,alibaba,China,18004,NULL,lccrawresults,2025-05-17
ID,202505,NULL,NULL,alibaba,China,23693,NULL,lccrawresults,2025-05-17
ID,202505,NULL,NULL,alibaba,China,23700,NULL,lccrawresults,2025-05-17
ID,202505,NULL,NULL,alibaba,China,24203,NULL,lccrawresults,2025-05-17
ID,202505,NULL,NULL,alibaba,China,4761,NULL,lccrawresults,2025-05-17
ID,202505,NULL,NULL,alibaba,China,63859,NULL,lccrawresults,2025-05-17
ID,202505,NULL,NULL,alibaba,China,7713,NULL,lccrawresults,2025-05-17
ID,202505,NULL,NULL,alibaba,China,9341,NULL,lccrawresults,2025-05-17
ID,202505,NULL,NULL,amazon,US,17451,NULL,lccrawresults,2025-05-17
ID,202505,NULL,NULL,amazon,US,18004,NULL,lccrawresults,2025-05-17
ID,202505,NULL,NULL,amazon,US,23693,NULL,lccrawresults,2025-05-17
ID,202505,NULL,NULL,amazon,US,23700,NULL,lccrawresults,2025-05-17
ID,202505,NULL,NULL,amazon,US,24203,NULL,lccrawresults,2025-05-17
ID,202505,NULL,NULL,amazon,US,4761,NULL,lccrawresults,2025-05-17
ID,202505,NULL,NULL,amazon,US,63859,NULL,lccrawresults,2025-05-17
ID,202505,NULL,NULL,amazon,US,7713,NULL,lccrawresults,2025-05-17
ID,202505,NULL,NULL,amazon,US,9341,NULL,lccrawresults,2025-05-17
ID,202505,NULL,NULL,bunnycdn,Slovenia,17451,NULL,lccrawresults,2025-05-17
ID,202505,NULL,NULL,bunnycdn,Slovenia,18004,NULL,lccrawresults,2025-05-17
ID,202505,NULL,NULL,bunnycdn,Slovenia,23693,NULL,lccrawresults,2025-05-17
ID,202505,NULL,NULL,bunnycdn,Slovenia,23700,NULL,lccrawresults,2025-05-17
ID,202505,NULL,NULL,bunnycdn,Slovenia,24203,NULL,lccrawresults,2025-05-17
ID,202505,NULL,NULL,bunnycdn,Slovenia,4761,NULL,lccrawresults,2025-05-17
ID,202505,NULL,NULL,bunnycdn,Slovenia,63859,NULL,lccrawresults,2025-05-17
ID,202505,NULL,NULL,bunnycdn,Slovenia,7713,NULL,lccrawresults,2025-05-17
ID,202505,NULL,NULL,bunnycdn,Slovenia,9341,NULL,lccrawresults,2025-05-17
ID,202505,NULL,NULL,cdn77,UK,17451,NULL,lccrawresults,2025-05-17
ID,202505,NULL,NULL,cdn77,UK,18004,NULL,lccrawresults,2025-05-17
ID,202505,NULL,NULL,cdn77,UK,23693,NULL,lccrawresults,2025-05-17
ID,202505,NULL,NULL,cdn77,UK,23700,NULL,lccrawresults,2025-05-17
ID,202505,NULL,NULL,cdn77,UK,24203,NULL,lccrawresults,2025-05-17
ID,202505,NULL,NULL,cdn77,UK,4761,NULL,lccrawresults,2025-05-17
ID,202505,NULL,NULL,cdn77,UK,63859,NULL,lccrawresults,2025-05-17
ID,202505,NULL,NULL,cdn77,UK,7713,NULL,lccrawresults,2025-05-17
ID,202505,NULL,NULL,cdn77,UK,9341,NULL,lccrawresults,2025-05-17
ID,202505,NULL,NULL,cloudflare,US,17451,NULL,lccrawresults,2025-05-17
ID,202505,NULL,NULL,cloudflare,US,18004,NULL,lccrawresults,2025-05-17
ID,202505,NULL,NULL,cloudflare,US,23693,NULL,lccrawresults,2025-05-17
ID,202505,NULL,NULL,cloudflare,US,23700,NULL,lccrawresults,2025-05-17
ID,202505,NULL,NULL,cloudflare,US,24203,NULL,lccrawresults,2025-05-17
ID,202505,NULL,NULL,cloudflare,US,4761,NULL,lccrawresults,2025-05-17
ID,202505,NULL,NULL,cloudflare,US,63859,NULL,lccrawresults,2025-05-17
ID,202505,NULL,NULL,cloudflare,US,7713,NULL,lccrawresults,2025-05-17
ID,202505,NULL,NULL,cloudflare,US,9341,NULL,lccrawresults,2025-05-17
ID,202505,NULL,NULL,facebook,US,17451,NULL,lccrawresults,2025-05-17
ID,202505,NULL,NULL,facebook,US,18004,NULL,lccrawresults,2025-05-17
ID,202505,NULL,NULL,facebook,US,23693,NULL,lccrawresults,2025-05-17
ID,202505,NULL,NULL,facebook,US,23700,NULL,lccrawresults,2025-05-17
ID,202505,NULL,NULL,facebook,US,24203,NULL,lccrawresults,2025-05-17
ID,202505,NULL,NULL,facebook,US,4761,NULL,lccrawresults,2025-05-17
ID,202505,NULL,NULL,facebook,US,63859,NULL,lccrawresults,2025-05-17
ID,202505,NULL,NULL,facebook,US,7713,NULL,lccrawresults,2025-05-17
ID,202505,NULL,NULL,facebook,US,9341,NULL,lccrawresults,2025-05-17
ID,202505,NULL,NULL,fastly,US,17451,NULL,lccrawresults,2025-05-17
ID,202505,NULL,NULL,fastly,US,18004,NULL,lccrawresults,2025-05-17
ID,202505,NULL,NULL,fastly,US,23693,NULL,lccrawresults,2025-05-17
ID,202505,NULL,NULL,fastly,US,23700,NULL,lccrawresults,2025-05-17
ID,202505,NULL,NULL,fastly,US,24203,NULL,lccrawresults,2025-05-17
ID,202505,NULL,NULL,fastly,US,4761,NULL,lccrawresults,2025-05-17
ID,202505,NULL,NULL,fastly,US,63859,NULL,lccrawresults,2025-05-17
ID,202505,NULL,NULL,fastly,US,7713,NULL,lccrawresults,2025-05-17
ID,202505,NULL,NULL,fastly,US,9341,NULL,lccrawresults,2025-05-17
ID,202505,NULL,NULL,microsoft,US,17451,NULL,lccrawresults,2025-05-17
ID,202505,NULL,NULL,microsoft,US,18004,NULL,lccrawresults,2025-05-17
ID,202505,NULL,NULL,microsoft,US,23693,NULL,lccrawresults,2025-05-17
ID,202505,NULL,NULL,microsoft,US,23700,NULL,lccrawresults,2025-05-17
ID,202505,NULL,NULL,microsoft,US,24203,NULL,lccrawresults,2025-05-17
ID,202505,NULL,NULL,microsoft,US,4761,NULL,lccrawresults,2025-05-17
ID,202505,NULL,NULL,microsoft,US,63859,NULL,lccrawresults,2025-05-17
ID,202505,NULL,NULL,microsoft,US,7713,NULL,lccrawresults,2025-05-17
ID,202505,NULL,NULL,microsoft,US,9341,NULL,lccrawresults,2025-05-17
ID,202506,NULL,NULL,akamai,US,17451,NULL,lccrawresults,2025-06-17
ID,202506,NULL,NULL,akamai,US,18004,NULL,lccrawresults,2025-06-17
ID,202506,NULL,NULL,akamai,US,23693,NULL,lccrawresults,2025-06-17
ID,202506,NULL,NULL,akamai,US,23700,NULL,lccrawresults,2025-06-17
ID,202506,NULL,NULL,akamai,US,24203,NULL,lccrawresults,2025-06-17
ID,202506,NULL,NULL,akamai,US,45700,NULL,lccrawresults,2025-06-17
ID,202506,NULL,NULL,akamai,US,4761,NULL,lccrawresults,2025-06-17
ID,202506,NULL,NULL,akamai,US,63859,NULL,lccrawresults,2025-06-17
ID,202506,NULL,NULL,akamai,US,7713,NULL,lccrawresults,2025-06-17
ID,202506,NULL,NULL,akamai,US,9341,NULL,lccrawresults,2025-06-17
ID,202506,NULL,NULL,alibaba,China,17451,NULL,lccrawresults,2025-06-17
ID,202506,NULL,NULL,alibaba,China,18004,NULL,lccrawresults,2025-06-17
ID,202506,NULL,NULL,alibaba,China,23693,NULL,lccrawresults,2025-06-17
ID,202506,NULL,NULL,alibaba,China,23700,NULL,lccrawresults,2025-06-17
ID,202506,NULL,NULL,alibaba,China,24203,NULL,lccrawresults,2025-06-17
ID,202506,NULL,NULL,alibaba,China,45700,NULL,lccrawresults,2025-06-17
ID,202506,NULL,NULL,alibaba,China,4761,NULL,lccrawresults,2025-06-17
ID,202506,NULL,NULL,alibaba,China,63859,NULL,lccrawresults,2025-06-17
ID,202506,NULL,NULL,alibaba,China,7713,NULL,lccrawresults,2025-06-17
ID,202506,NULL,NULL,alibaba,China,9341,NULL,lccrawresults,2025-06-17
ID,202506,NULL,NULL,amazon,US,17451,NULL,lccrawresults,2025-06-17
ID,202506,NULL,NULL,amazon,US,18004,NULL,lccrawresults,2025-06-17
ID,202506,NULL,NULL,amazon,US,23693,NULL,lccrawresults,2025-06-17
ID,202506,NULL,NULL,amazon,US,23700,NULL,lccrawresults,2025-06-17
ID,202506,NULL,NULL,amazon,US,24203,NULL,lccrawresults,2025-06-17
ID,202506,NULL,NULL,amazon,US,45700,NULL,lccrawresults,2025-06-17
ID,202506,NULL,NULL,amazon,US,4761,NULL,lccrawresults,2025-06-17
ID,202506,NULL,NULL,amazon,US,63859,NULL,lccrawresults,2025-06-17
ID,202506,NULL,NULL,amazon,US,7713,NULL,lccrawresults,2025-06-17
ID,202506,NULL,NULL,amazon,US,9341,NULL,lccrawresults,2025-06-17
ID,202506,NULL,NULL,cdn77,UK,17451,NULL,lccrawresults,2025-06-17
ID,202506,NULL,NULL,cdn77,UK,18004,NULL,lccrawresults,2025-06-17
ID,202506,NULL,NULL,cdn77,UK,23693,NULL,lccrawresults,2025-06-17
ID,202506,NULL,NULL,cdn77,UK,23700,NULL,lccrawresults,2025-06-17
ID,202506,NULL,NULL,cdn77,UK,24203,NULL,lccrawresults,2025-06-17
ID,202506,NULL,NULL,cdn77,UK,45700,NULL,lccrawresults,2025-06-17
ID,202506,NULL,NULL,cdn77,UK,4761,NULL,lccrawresults,2025-06-17
ID,202506,NULL,NULL,cdn77,UK,63859,NULL,lccrawresults,2025-06-17
ID,202506,NULL,NULL,cdn77,UK,7713,NULL,lccrawresults,2025-06-17
ID,202506,NULL,NULL,cdn77,UK,9341,NULL,lccrawresults,2025-06-17
ID,202506,NULL,NULL,cloudflare,US,17451,NULL,lccrawresults,2025-06-17
ID,202506,NULL,NULL,cloudflare,US,18004,NULL,lccrawresults,2025-06-17
ID,202506,NULL,NULL,cloudflare,US,23693,NULL,lccrawresults,2025-06-17
ID,202506,NULL,NULL,cloudflare,US,23700,NULL,lccrawresults,2025-06-17
ID,202506,NULL,NULL,cloudflare,US,24203,NULL,lccrawresults,2025-06-17
ID,202506,NULL,NULL,cloudflare,US,45700,NULL,lccrawresults,2025-06-17
ID,202506,NULL,NULL,cloudflare,US,4761,NULL,lccrawresults,2025-06-17
ID,202506,NULL,NULL,cloudflare,US,63859,NULL,lccrawresults,2025-06-17
ID,202506,NULL,NULL,cloudflare,US,7713,NULL,lccrawresults,2025-06-17
ID,202506,NULL,NULL,cloudflare,US,9341,NULL,lccrawresults,2025-06-17
ID,202506,NULL,NULL,facebook,US,17451,NULL,lccrawresults,2025-06-17
ID,202506,NULL,NULL,facebook,US,18004,NULL,lccrawresults,2025-06-17
ID,202506,NULL,NULL,facebook,US,23693,NULL,lccrawresults,2025-06-17
ID,202506,NULL,NULL,facebook,US,23700,NULL,lccrawresults,2025-06-17
ID,202506,NULL,NULL,facebook,US,24203,NULL,lccrawresults,2025-06-17
ID,202506,NULL,NULL,facebook,US,45700,NULL,lccrawresults,2025-06-17
ID,202506,NULL,NULL,facebook,US,4761,NULL,lccrawresults,2025-06-17
ID,202506,NULL,NULL,facebook,US,63859,NULL,lccrawresults,2025-06-17
ID,202506,NULL,NULL,facebook,US,7713,NULL,lccrawresults,2025-06-17
ID,202506,NULL,NULL,facebook,US,9341,NULL,lccrawresults,2025-06-17
ID,202506,NULL,NULL,fastly,US,17451,NULL,lccrawresults,2025-06-17
ID,202506,NULL,NULL,fastly,US,18004,NULL,lccrawresults,2025-06-17
ID,202506,NULL,NULL,fastly,US,23693,NULL,lccrawresults,2025-06-17
ID,202506,NULL,NULL,fastly,US,23700,NULL,lccrawresults,2025-06-17
ID,202506,NULL,NULL,fastly,US,24203,NULL,lccrawresults,2025-06-17
ID,202506,NULL,NULL,fastly,US,45700,NULL,lccrawresults,2025-06-17
ID,202506,NULL,NULL,fastly,US,4761,NULL,lccrawresults,2025-06-17
ID,202506,NULL,NULL,fastly,US,63859,NULL,lccrawresults,2025-06-17
ID,202506,NULL,NULL,fastly,US,7713,NULL,lccrawresults,2025-06-17
ID,202506,NULL,NULL,fastly,US,9341,NULL,lccrawresults,2025-06-17
ID,202506,NULL,NULL,microsoft,US,17451,NULL,lccrawresults,2025-06-17
ID,202506,NULL,NULL,microsoft,US,18004,NULL,lccrawresults,2025-06-17
ID,202506,NULL,NULL,microsoft,US,23693,NULL,lccrawresults,2025-06-17
ID,202506,NULL,NULL,microsoft,US,23700,NULL,lccrawresults,2025-06-17
ID,202506,NULL,NULL,microsoft,US,24203,NULL,lccrawresults,2025-06-17
ID,202506,NULL,NULL,microsoft,US,45700,NULL,lccrawresults,2025-06-17
ID,202506,NULL,NULL,microsoft,US,4761,NULL,lccrawresults,2025-06-17
ID,202506,NULL,NULL,microsoft,US,63859,NULL,lccrawresults,2025-06-17
ID,202506,NULL,NULL,microsoft,US,7713,NULL,lccrawresults,2025-06-17
ID,202506,NULL,NULL,microsoft,US,9341,NULL,lccrawresults,2025-06-17
ID,202507,NULL,NULL,akamai,US,17451,NULL,lccrawresults,2025-07-17
ID,202507,NULL,NULL,akamai,US,18004,NULL,lccrawresults,2025-07-17
ID,202507,NULL,NULL,akamai,US,23693,NULL,lccrawresults,2025-07-17
ID,202507,NULL,NULL,akamai,US,23700,NULL,lccrawresults,2025-07-17
ID,202507,NULL,NULL,akamai,US,24203,NULL,lccrawresults,2025-07-17
ID,202507,NULL,NULL,akamai,US,45700,NULL,lccrawresults,2025-07-17
ID,202507,NULL,NULL,akamai,US,4761,NULL,lccrawresults,2025-07-17
ID,202507,NULL,NULL,akamai,US,63859,NULL,lccrawresults,2025-07-17
ID,202507,NULL,NULL,akamai,US,7713,NULL,lccrawresults,2025-07-17
ID,202507,NULL,NULL,akamai,US,9341,NULL,lccrawresults,2025-07-17
ID,202507,NULL,NULL,alibaba,China,17451,NULL,lccrawresults,2025-07-17
ID,202507,NULL,NULL,alibaba,China,18004,NULL,lccrawresults,2025-07-17
ID,202507,NULL,NULL,alibaba,China,23693,NULL,lccrawresults,2025-07-17
ID,202507,NULL,NULL,alibaba,China,23700,NULL,lccrawresults,2025-07-17
ID,202507,NULL,NULL,alibaba,China,24203,NULL,lccrawresults,2025-07-17
ID,202507,NULL,NULL,alibaba,China,45700,NULL,lccrawresults,2025-07-17
ID,202507,NULL,NULL,alibaba,China,4761,NULL,lccrawresults,2025-07-17
ID,202507,NULL,NULL,alibaba,China,63859,NULL,lccrawresults,2025-07-17
ID,202507,NULL,NULL,alibaba,China,7713,NULL,lccrawresults,2025-07-17
ID,202507,NULL,NULL,alibaba,China,9341,NULL,lccrawresults,2025-07-17
ID,202507,NULL,NULL,amazon,US,17451,NULL,lccrawresults,2025-07-17
ID,202507,NULL,NULL,amazon,US,18004,NULL,lccrawresults,2025-07-17
ID,202507,NULL,NULL,amazon,US,23693,NULL,lccrawresults,2025-07-17
ID,202507,NULL,NULL,amazon,US,23700,NULL,lccrawresults,2025-07-17
ID,202507,NULL,NULL,amazon,US,24203,NULL,lccrawresults,2025-07-17
ID,202507,NULL,NULL,amazon,US,45700,NULL,lccrawresults,2025-07-17
ID,202507,NULL,NULL,amazon,US,4761,NULL,lccrawresults,2025-07-17
ID,202507,NULL,NULL,amazon,US,63859,NULL,lccrawresults,2025-07-17
ID,202507,NULL,NULL,amazon,US,7713,NULL,lccrawresults,2025-07-17
ID,202507,NULL,NULL,amazon,US,9341,NULL,lccrawresults,2025-07-17
ID,202507,NULL,NULL,cdn77,UK,18004,NULL,lccrawresults,2025-07-17
ID,202507,NULL,NULL,cdn77,UK,23700,NULL,lccrawresults,2025-07-17
ID,202507,NULL,NULL,cdn77,UK,45700,NULL,lccrawresults,2025-07-17
ID,202507,NULL,NULL,cdn77,UK,7713,NULL,lccrawresults,2025-07-17
ID,202507,NULL,NULL,cdn77,UK,9341,NULL,lccrawresults,2025-07-17
ID,202507,NULL,NULL,cloudflare,US,17451,NULL,lccrawresults,2025-07-17
ID,202507,NULL,NULL,cloudflare,US,18004,NULL,lccrawresults,2025-07-17
ID,202507,NULL,NULL,cloudflare,US,23693,NULL,lccrawresults,2025-07-17
ID,202507,NULL,NULL,cloudflare,US,23700,NULL,lccrawresults,2025-07-17
ID,202507,NULL,NULL,cloudflare,US,24203,NULL,lccrawresults,2025-07-17
ID,202507,NULL,NULL,cloudflare,US,45700,NULL,lccrawresults,2025-07-17
ID,202507,NULL,NULL,cloudflare,US,4761,NULL,lccrawresults,2025-07-17
ID,202507,NULL,NULL,cloudflare,US,63859,NULL,lccrawresults,2025-07-17
ID,202507,NULL,NULL,cloudflare,US,7713,NULL,lccrawresults,2025-07-17
ID,202507,NULL,NULL,cloudflare,US,9341,NULL,lccrawresults,2025-07-17
ID,202507,NULL,NULL,facebook,US,17451,NULL,lccrawresults,2025-07-17
ID,202507,NULL,NULL,facebook,US,18004,NULL,lccrawresults,2025-07-17
ID,202507,NULL,NULL,facebook,US,23693,NULL,lccrawresults,2025-07-17
ID,202507,NULL,NULL,facebook,US,23700,NULL,lccrawresults,2025-07-17
ID,202507,NULL,NULL,facebook,US,24203,NULL,lccrawresults,2025-07-17
ID,202507,NULL,NULL,facebook,US,45700,NULL,lccrawresults,2025-07-17
ID,202507,NULL,NULL,facebook,US,4761,NULL,lccrawresults,2025-07-17
ID,202507,NULL,NULL,facebook,US,63859,NULL,lccrawresults,2025-07-17
ID,202507,NULL,NULL,facebook,US,7713,NULL,lccrawresults,2025-07-17
ID,202507,NULL,NULL,facebook,US,9341,NULL,lccrawresults,2025-07-17
ID,202507,NULL,NULL,fastly,US,17451,NULL,lccrawresults,2025-07-17
ID,202507,NULL,NULL,fastly,US,18004,NULL,lccrawresults,2025-07-17
ID,202507,NULL,NULL,fastly,US,23693,NULL,lccrawresults,2025-07-17
ID,202507,NULL,NULL,fastly,US,23700,NULL,lccrawresults,2025-07-17
ID,202507,NULL,NULL,fastly,US,24203,NULL,lccrawresults,2025-07-17
ID,202507,NULL,NULL,fastly,US,45700,NULL,lccrawresults,2025-07-17
ID,202507,NULL,NULL,fastly,US,4761,NULL,lccrawresults,2025-07-17
ID,202507,NULL,NULL,fastly,US,63859,NULL,lccrawresults,2025-07-17
ID,202507,NULL,NULL,fastly,US,7713,NULL,lccrawresults,2025-07-17
ID,202507,NULL,NULL,fastly,US,9341,NULL,lccrawresults,2025-07-17
ID,202507,NULL,NULL,microsoft,US,17451,NULL,lccrawresults,2025-07-17
ID,202507,NULL,NULL,microsoft,US,18004,NULL,lccrawresults,2025-07-17
ID,202507,NULL,NULL,microsoft,US,23693,NULL,lccrawresults,2025-07-17
ID,202507,NULL,NULL,microsoft,US,23700,NULL,lccrawresults,2025-07-17
ID,202507,NULL,NULL,microsoft,US,24203,NULL,lccrawresults,2025-07-17
ID,202507,NULL,NULL,microsoft,US,45700,NULL,lccrawresults,2025-07-17
ID,202507,NULL,NULL,microsoft,US,4761,NULL,lccrawresults,2025-07-17
ID,202507,NULL,NULL,microsoft,US,63859,NULL,lccrawresults,2025-07-17
ID,202507,NULL,NULL,microsoft,US,7713,NULL,lccrawresults,2025-07-17
ID,202507,NULL,NULL,microsoft,US,9341,NULL,lccrawresults,2025-07-17
ID,202508,NULL,NULL,akamai,US,17451,NULL,lccrawresults,2025-08-17
ID,202508,NULL,NULL,akamai,US,18004,NULL,lccrawresults,2025-08-17
ID,202508,NULL,NULL,akamai,US,23693,NULL,lccrawresults,2025-08-17
ID,202508,NULL,NULL,akamai,US,23700,NULL,lccrawresults,2025-08-17
ID,202508,NULL,NULL,akamai,US,24203,NULL,lccrawresults,2025-08-17
ID,202508,NULL,NULL,akamai,US,45700,NULL,lccrawresults,2025-08-17
ID,202508,NULL,NULL,akamai,US,4761,NULL,lccrawresults,2025-08-17
ID,202508,NULL,NULL,akamai,US,63859,NULL,lccrawresults,2025-08-17
ID,202508,NULL,NULL,akamai,US,7713,NULL,lccrawresults,2025-08-17
ID,202508,NULL,NULL,akamai,US,9341,NULL,lccrawresults,2025-08-17
ID,202508,NULL,NULL,alibaba,China,17451,NULL,lccrawresults,2025-08-17
ID,202508,NULL,NULL,alibaba,China,18004,NULL,lccrawresults,2025-08-17
ID,202508,NULL,NULL,alibaba,China,23693,NULL,lccrawresults,2025-08-17
ID,202508,NULL,NULL,alibaba,China,23700,NULL,lccrawresults,2025-08-17
ID,202508,NULL,NULL,alibaba,China,24203,NULL,lccrawresults,2025-08-17
ID,202508,NULL,NULL,alibaba,China,45700,NULL,lccrawresults,2025-08-17
ID,202508,NULL,NULL,alibaba,China,4761,NULL,lccrawresults,2025-08-17
ID,202508,NULL,NULL,alibaba,China,63859,NULL,lccrawresults,2025-08-17
ID,202508,NULL,NULL,alibaba,China,7713,NULL,lccrawresults,2025-08-17
ID,202508,NULL,NULL,alibaba,China,9341,NULL,lccrawresults,2025-08-17
ID,202508,NULL,NULL,amazon,US,17451,NULL,lccrawresults,2025-08-17
ID,202508,NULL,NULL,amazon,US,18004,NULL,lccrawresults,2025-08-17
ID,202508,NULL,NULL,amazon,US,23693,NULL,lccrawresults,2025-08-17
ID,202508,NULL,NULL,amazon,US,23700,NULL,lccrawresults,2025-08-17
ID,202508,NULL,NULL,amazon,US,24203,NULL,lccrawresults,2025-08-17
ID,202508,NULL,NULL,amazon,US,45700,NULL,lccrawresults,2025-08-17
ID,202508,NULL,NULL,amazon,US,4761,NULL,lccrawresults,2025-08-17
ID,202508,NULL,NULL,amazon,US,63859,NULL,lccrawresults,2025-08-17
ID,202508,NULL,NULL,amazon,US,7713,NULL,lccrawresults,2025-08-17
ID,202508,NULL,NULL,amazon,US,9341,NULL,lccrawresults,2025-08-17
ID,202508,NULL,NULL,cdn77,UK,17451,NULL,lccrawresults,2025-08-17
ID,202508,NULL,NULL,cdn77,UK,18004,NULL,lccrawresults,2025-08-17
ID,202508,NULL,NULL,cdn77,UK,23693,NULL,lccrawresults,2025-08-17
ID,202508,NULL,NULL,cdn77,UK,23700,NULL,lccrawresults,2025-08-17
ID,202508,NULL,NULL,cdn77,UK,24203,NULL,lccrawresults,2025-08-17
ID,202508,NULL,NULL,cdn77,UK,45700,NULL,lccrawresults,2025-08-17
ID,202508,NULL,NULL,cdn77,UK,4761,NULL,lccrawresults,2025-08-17
ID,202508,NULL,NULL,cdn77,UK,63859,NULL,lccrawresults,2025-08-17
ID,202508,NULL,NULL,cdn77,UK,7713,NULL,lccrawresults,2025-08-17
ID,202508,NULL,NULL,cdn77,UK,9341,NULL,lccrawresults,2025-08-17
ID,202508,NULL,NULL,cloudflare,US,17451,NULL,lccrawresults,2025-08-17
ID,202508,NULL,NULL,cloudflare,US,18004,NULL,lccrawresults,2025-08-17
ID,202508,NULL,NULL,cloudflare,US,23693,NULL,lccrawresults,2025-08-17
ID,202508,NULL,NULL,cloudflare,US,23700,NULL,lccrawresults,2025-08-17
ID,202508,NULL,NULL,cloudflare,US,24203,NULL,lccrawresults,2025-08-17
ID,202508,NULL,NULL,cloudflare,US,45700,NULL,lccrawresults,2025-08-17
ID,202508,NULL,NULL,cloudflare,US,4761,NULL,lccrawresults,2025-08-17
ID,202508,NULL,NULL,cloudflare,US,63859,NULL,lccrawresults,2025-08-17
ID,202508,NULL,NULL,cloudflare,US,7713,NULL,lccrawresults,2025-08-17
ID,202508,NULL,NULL,cloudflare,US,9341,NULL,lccrawresults,2025-08-17
ID,202508,NULL,NULL,facebook,US,17451,NULL,lccrawresults,2025-08-17
ID,202508,NULL,NULL,facebook,US,18004,NULL,lccrawresults,2025-08-17
ID,202508,NULL,NULL,facebook,US,23693,NULL,lccrawresults,2025-08-17
ID,202508,NULL,NULL,facebook,US,23700,NULL,lccrawresults,2025-08-17
ID,202508,NULL,NULL,facebook,US,24203,NULL,lccrawresults,2025-08-17
ID,202508,NULL,NULL,facebook,US,45700,NULL,lccrawresults,2025-08-17
ID,202508,NULL,NULL,facebook,US,4761,NULL,lccrawresults,2025-08-17
ID,202508,NULL,NULL,facebook,US,63859,NULL,lccrawresults,2025-08-17
ID,202508,NULL,NULL,facebook,US,7713,NULL,lccrawresults,2025-08-17
ID,202508,NULL,NULL,facebook,US,9341,NULL,lccrawresults,2025-08-17
ID,202508,NULL,NULL,fastly,US,17451,NULL,lccrawresults,2025-08-17
ID,202508,NULL,NULL,fastly,US,18004,NULL,lccrawresults,2025-08-17
ID,202508,NULL,NULL,fastly,US,23693,NULL,lccrawresults,2025-08-17
ID,202508,NULL,NULL,fastly,US,23700,NULL,lccrawresults,2025-08-17
ID,202508,NULL,NULL,fastly,US,24203,NULL,lccrawresults,2025-08-17
ID,202508,NULL,NULL,fastly,US,45700,NULL,lccrawresults,2025-08-17
ID,202508,NULL,NULL,fastly,US,4761,NULL,lccrawresults,2025-08-17
ID,202508,NULL,NULL,fastly,US,63859,NULL,lccrawresults,2025-08-17
ID,202508,NULL,NULL,fastly,US,7713,NULL,lccrawresults,2025-08-17
ID,202508,NULL,NULL,fastly,US,9341,NULL,lccrawresults,2025-08-17
ID,202508,NULL,NULL,microsoft,US,17451,NULL,lccrawresults,2025-08-17
ID,202508,NULL,NULL,microsoft,US,18004,NULL,lccrawresults,2025-08-17
ID,202508,NULL,NULL,microsoft,US,23693,NULL,lccrawresults,2025-08-17
ID,202508,NULL,NULL,microsoft,US,23700,NULL,lccrawresults,2025-08-17
ID,202508,NULL,NULL,microsoft,US,24203,NULL,lccrawresults,2025-08-17
ID,202508,NULL,NULL,microsoft,US,45700,NULL,lccrawresults,2025-08-17
ID,202508,NULL,NULL,microsoft,US,4761,NULL,lccrawresults,2025-08-17
ID,202508,NULL,NULL,microsoft,US,63859,NULL,lccrawresults,2025-08-17
ID,202508,NULL,NULL,microsoft,US,7713,NULL,lccrawresults,2025-08-17
ID,202508,NULL,NULL,microsoft,US,9341,NULL,lccrawresults,2025-08-17
ID,202509,NULL,NULL,akamai,US,17451,NULL,lccrawresults,2025-09-17
ID,202509,NULL,NULL,akamai,US,18004,NULL,lccrawresults,2025-09-17
ID,202509,NULL,NULL,akamai,US,23693,NULL,lccrawresults,2025-09-17
ID,202509,NULL,NULL,akamai,US,23700,NULL,lccrawresults,2025-09-17
ID,202509,NULL,NULL,akamai,US,24203,NULL,lccrawresults,2025-09-17
ID,202509,NULL,NULL,akamai,US,45700,NULL,lccrawresults,2025-09-17
ID,202509,NULL,NULL,akamai,US,4761,NULL,lccrawresults,2025-09-17
ID,202509,NULL,NULL,akamai,US,63859,NULL,lccrawresults,2025-09-17
ID,202509,NULL,NULL,akamai,US,7713,NULL,lccrawresults,2025-09-17
ID,202509,NULL,NULL,akamai,US,9341,NULL,lccrawresults,2025-09-17
ID,202509,NULL,NULL,alibaba,China,17451,NULL,lccrawresults,2025-09-17
ID,202509,NULL,NULL,alibaba,China,18004,NULL,lccrawresults,2025-09-17
ID,202509,NULL,NULL,alibaba,China,23693,NULL,lccrawresults,2025-09-17
ID,202509,NULL,NULL,alibaba,China,23700,NULL,lccrawresults,2025-09-17
ID,202509,NULL,NULL,alibaba,China,24203,NULL,lccrawresults,2025-09-17
ID,202509,NULL,NULL,alibaba,China,4761,NULL,lccrawresults,2025-09-17
ID,202509,NULL,NULL,alibaba,China,63859,NULL,lccrawresults,2025-09-17
ID,202509,NULL,NULL,alibaba,China,7713,NULL,lccrawresults,2025-09-17
ID,202509,NULL,NULL,alibaba,China,9341,NULL,lccrawresults,2025-09-17
ID,202509,NULL,NULL,amazon,US,17451,NULL,lccrawresults,2025-09-17
ID,202509,NULL,NULL,amazon,US,18004,NULL,lccrawresults,2025-09-17
ID,202509,NULL,NULL,amazon,US,23693,NULL,lccrawresults,2025-09-17
ID,202509,NULL,NULL,amazon,US,23700,NULL,lccrawresults,2025-09-17
ID,202509,NULL,NULL,amazon,US,24203,NULL,lccrawresults,2025-09-17
ID,202509,NULL,NULL,amazon,US,45700,NULL,lccrawresults,2025-09-17
ID,202509,NULL,NULL,amazon,US,4761,NULL,lccrawresults,2025-09-17
ID,202509,NULL,NULL,amazon,US,63859,NULL,lccrawresults,2025-09-17
ID,202509,NULL,NULL,amazon,US,7713,NULL,lccrawresults,2025-09-17
ID,202509,NULL,NULL,amazon,US,9341,NULL,lccrawresults,2025-09-17
ID,202509,NULL,NULL,cdn77,UK,17451,NULL,lccrawresults,2025-09-17
ID,202509,NULL,NULL,cdn77,UK,18004,NULL,lccrawresults,2025-09-17
ID,202509,NULL,NULL,cdn77,UK,23693,NULL,lccrawresults,2025-09-17
ID,202509,NULL,NULL,cdn77,UK,23700,NULL,lccrawresults,2025-09-17
ID,202509,NULL,NULL,cdn77,UK,24203,NULL,lccrawresults,2025-09-17
ID,202509,NULL,NULL,cdn77,UK,45700,NULL,lccrawresults,2025-09-17
ID,202509,NULL,NULL,cdn77,UK,4761,NULL,lccrawresults,2025-09-17
ID,202509,NULL,NULL,cdn77,UK,63859,NULL,lccrawresults,2025-09-17
ID,202509,NULL,NULL,cdn77,UK,7713,NULL,lccrawresults,2025-09-17
ID,202509,NULL,NULL,cdn77,UK,9341,NULL,lccrawresults,2025-09-17
ID,202509,NULL,NULL,cloudflare,US,17451,NULL,lccrawresults,2025-09-17
ID,202509,NULL,NULL,cloudflare,US,18004,NULL,lccrawresults,2025-09-17
ID,202509,NULL,NULL,cloudflare,US,23693,NULL,lccrawresults,2025-09-17
ID,202509,NULL,NULL,cloudflare,US,23700,NULL,lccrawresults,2025-09-17
ID,202509,NULL,NULL,cloudflare,US,24203,NULL,lccrawresults,2025-09-17
ID,202509,NULL,NULL,cloudflare,US,45700,NULL,lccrawresults,2025-09-17
ID,202509,NULL,NULL,cloudflare,US,4761,NULL,lccrawresults,2025-09-17
ID,202509,NULL,NULL,cloudflare,US,63859,NULL,lccrawresults,2025-09-17
ID,202509,NULL,NULL,cloudflare,US,7713,NULL,lccrawresults,2025-09-17
ID,202509,NULL,NULL,cloudflare,US,9341,NULL,lccrawresults,2025-09-17
ID,202509,NULL,NULL,facebook,US,17451,NULL,lccrawresults,2025-09-17
ID,202509,NULL,NULL,facebook,US,18004,NULL,lccrawresults,2025-09-17
ID,202509,NULL,NULL,facebook,US,23693,NULL,lccrawresults,2025-09-17
ID,202509,NULL,NULL,facebook,US,23700,NULL,lccrawresults,2025-09-17
ID,202509,NULL,NULL,facebook,US,24203,NULL,lccrawresults,2025-09-17
ID,202509,NULL,NULL,facebook,US,45700,NULL,lccrawresults,2025-09-17
ID,202509,NULL,NULL,facebook,US,4761,NULL,lccrawresults,2025-09-17
ID,202509,NULL,NULL,facebook,US,63859,NULL,lccrawresults,2025-09-17
ID,202509,NULL,NULL,facebook,US,7713,NULL,lccrawresults,2025-09-17
ID,202509,NULL,NULL,facebook,US,9341,NULL,lccrawresults,2025-09-17
ID,202509,NULL,NULL,fastly,US,17451,NULL,lccrawresults,2025-09-17
ID,202509,NULL,NULL,fastly,US,18004,NULL,lccrawresults,2025-09-17
ID,202509,NULL,NULL,fastly,US,23693,NULL,lccrawresults,2025-09-17
ID,202509,NULL,NULL,fastly,US,23700,NULL,lccrawresults,2025-09-17
ID,202509,NULL,NULL,fastly,US,24203,NULL,lccrawresults,2025-09-17
ID,202509,NULL,NULL,fastly,US,45700,NULL,lccrawresults,2025-09-17
ID,202509,NULL,NULL,fastly,US,4761,NULL,lccrawresults,2025-09-17
ID,202509,NULL,NULL,fastly,US,63859,NULL,lccrawresults,2025-09-17
ID,202509,NULL,NULL,fastly,US,7713,NULL,lccrawresults,2025-09-17
ID,202509,NULL,NULL,fastly,US,9341,NULL,lccrawresults,2025-09-17
ID,202509,NULL,NULL,microsoft,US,17451,NULL,lccrawresults,2025-09-17
ID,202509,NULL,NULL,microsoft,US,18004,NULL,lccrawresults,2025-09-17
ID,202509,NULL,NULL,microsoft,US,23693,NULL,lccrawresults,2025-09-17
ID,202509,NULL,NULL,microsoft,US,23700,NULL,lccrawresults,2025-09-17
ID,202509,NULL,NULL,microsoft,US,24203,NULL,lccrawresults,2025-09-17
ID,202509,NULL,NULL,microsoft,US,45700,NULL,lccrawresults,2025-09-17
ID,202509,NULL,NULL,microsoft,US,4761,NULL,lccrawresults,2025-09-17
ID,202509,NULL,NULL,microsoft,US,63859,NULL,lccrawresults,2025-09-17
ID,202509,NULL,NULL,microsoft,US,7713,NULL,lccrawresults,2025-09-17
ID,202509,NULL,NULL,microsoft,US,9341,NULL,lccrawresults,2025-09-17
ID,202510,NULL,NULL,akamai,US,17451,NULL,lccrawresults,2025-10-17
ID,202510,NULL,NULL,akamai,US,18004,NULL,lccrawresults,2025-10-17
ID,202510,NULL,NULL,akamai,US,23693,NULL,lccrawresults,2025-10-17
ID,202510,NULL,NULL,akamai,US,23700,NULL,lccrawresults,2025-10-17
ID,202510,NULL,NULL,akamai,US,24203,NULL,lccrawresults,2025-10-17
ID,202510,NULL,NULL,akamai,US,45700,NULL,lccrawresults,2025-10-17
ID,202510,NULL,NULL,akamai,US,4761,NULL,lccrawresults,2025-10-17
ID,202510,NULL,NULL,akamai,US,63859,NULL,lccrawresults,2025-10-17
ID,202510,NULL,NULL,akamai,US,7713,NULL,lccrawresults,2025-10-17
ID,202510,NULL,NULL,akamai,US,9341,NULL,lccrawresults,2025-10-17
ID,202510,NULL,NULL,alibaba,China,17451,NULL,lccrawresults,2025-10-17
ID,202510,NULL,NULL,alibaba,China,18004,NULL,lccrawresults,2025-10-17
ID,202510,NULL,NULL,alibaba,China,23693,NULL,lccrawresults,2025-10-17
ID,202510,NULL,NULL,alibaba,China,23700,NULL,lccrawresults,2025-10-17
ID,202510,NULL,NULL,alibaba,China,24203,NULL,lccrawresults,2025-10-17
ID,202510,NULL,NULL,alibaba,China,45700,NULL,lccrawresults,2025-10-17
ID,202510,NULL,NULL,alibaba,China,4761,NULL,lccrawresults,2025-10-17
ID,202510,NULL,NULL,alibaba,China,63859,NULL,lccrawresults,2025-10-17
ID,202510,NULL,NULL,alibaba,China,7713,NULL,lccrawresults,2025-10-17
ID,202510,NULL,NULL,alibaba,China,9341,NULL,lccrawresults,2025-10-17
ID,202510,NULL,NULL,amazon,US,17451,NULL,lccrawresults,2025-10-17
ID,202510,NULL,NULL,amazon,US,18004,NULL,lccrawresults,2025-10-17
ID,202510,NULL,NULL,amazon,US,23693,NULL,lccrawresults,2025-10-17
ID,202510,NULL,NULL,amazon,US,23700,NULL,lccrawresults,2025-10-17
ID,202510,NULL,NULL,amazon,US,24203,NULL,lccrawresults,2025-10-17
ID,202510,NULL,NULL,amazon,US,45700,NULL,lccrawresults,2025-10-17
ID,202510,NULL,NULL,amazon,US,4761,NULL,lccrawresults,2025-10-17
ID,202510,NULL,NULL,amazon,US,63859,NULL,lccrawresults,2025-10-17
ID,202510,NULL,NULL,amazon,US,7713,NULL,lccrawresults,2025-10-17
ID,202510,NULL,NULL,amazon,US,9341,NULL,lccrawresults,2025-10-17
ID,202510,NULL,NULL,cdn77,UK,17451,NULL,lccrawresults,2025-10-17
ID,202510,NULL,NULL,cdn77,UK,18004,NULL,lccrawresults,2025-10-17
ID,202510,NULL,NULL,cdn77,UK,23693,NULL,lccrawresults,2025-10-17
ID,202510,NULL,NULL,cdn77,UK,23700,NULL,lccrawresults,2025-10-17
ID,202510,NULL,NULL,cdn77,UK,24203,NULL,lccrawresults,2025-10-17
ID,202510,NULL,NULL,cdn77,UK,45700,NULL,lccrawresults,2025-10-17
ID,202510,NULL,NULL,cdn77,UK,4761,NULL,lccrawresults,2025-10-17
ID,202510,NULL,NULL,cdn77,UK,63859,NULL,lccrawresults,2025-10-17
ID,202510,NULL,NULL,cdn77,UK,7713,NULL,lccrawresults,2025-10-17
ID,202510,NULL,NULL,cdn77,UK,9341,NULL,lccrawresults,2025-10-17
ID,202510,NULL,NULL,cloudflare,US,17451,NULL,lccrawresults,2025-10-17
ID,202510,NULL,NULL,cloudflare,US,18004,NULL,lccrawresults,2025-10-17
ID,202510,NULL,NULL,cloudflare,US,23693,NULL,lccrawresults,2025-10-17
ID,202510,NULL,NULL,cloudflare,US,23700,NULL,lccrawresults,2025-10-17
ID,202510,NULL,NULL,cloudflare,US,24203,NULL,lccrawresults,2025-10-17
ID,202510,NULL,NULL,cloudflare,US,45700,NULL,lccrawresults,2025-10-17
ID,202510,NULL,NULL,cloudflare,US,4761,NULL,lccrawresults,2025-10-17
ID,202510,NULL,NULL,cloudflare,US,63859,NULL,lccrawresults,2025-10-17
ID,202510,NULL,NULL,cloudflare,US,7713,NULL,lccrawresults,2025-10-17
ID,202510,NULL,NULL,cloudflare,US,9341,NULL,lccrawresults,2025-10-17
ID,202510,NULL,NULL,facebook,US,17451,NULL,lccrawresults,2025-10-17
ID,202510,NULL,NULL,facebook,US,18004,NULL,lccrawresults,2025-10-17
ID,202510,NULL,NULL,facebook,US,23693,NULL,lccrawresults,2025-10-17
ID,202510,NULL,NULL,facebook,US,23700,NULL,lccrawresults,2025-10-17
ID,202510,NULL,NULL,facebook,US,24203,NULL,lccrawresults,2025-10-17
ID,202510,NULL,NULL,facebook,US,45700,NULL,lccrawresults,2025-10-17
ID,202510,NULL,NULL,facebook,US,4761,NULL,lccrawresults,2025-10-17
ID,202510,NULL,NULL,facebook,US,63859,NULL,lccrawresults,2025-10-17
ID,202510,NULL,NULL,facebook,US,7713,NULL,lccrawresults,2025-10-17
ID,202510,NULL,NULL,facebook,US,9341,NULL,lccrawresults,2025-10-17
ID,202510,NULL,NULL,fastly,US,17451,NULL,lccrawresults,2025-10-17
ID,202510,NULL,NULL,fastly,US,18004,NULL,lccrawresults,2025-10-17
ID,202510,NULL,NULL,fastly,US,23693,NULL,lccrawresults,2025-10-17
ID,202510,NULL,NULL,fastly,US,23700,NULL,lccrawresults,2025-10-17
ID,202510,NULL,NULL,fastly,US,24203,NULL,lccrawresults,2025-10-17
ID,202510,NULL,NULL,fastly,US,45700,NULL,lccrawresults,2025-10-17
ID,202510,NULL,NULL,fastly,US,4761,NULL,lccrawresults,2025-10-17
ID,202510,NULL,NULL,fastly,US,63859,NULL,lccrawresults,2025-10-17
ID,202510,NULL,NULL,fastly,US,7713,NULL,lccrawresults,2025-10-17
ID,202510,NULL,NULL,fastly,US,9341,NULL,lccrawresults,2025-10-17
ID,202510,NULL,NULL,microsoft,US,17451,NULL,lccrawresults,2025-10-17
ID,202510,NULL,NULL,microsoft,US,18004,NULL,lccrawresults,2025-10-17
ID,202510,NULL,NULL,microsoft,US,23693,NULL,lccrawresults,2025-10-17
ID,202510,NULL,NULL,microsoft,US,23700,NULL,lccrawresults,2025-10-17
ID,202510,NULL,NULL,microsoft,US,24203,NULL,lccrawresults,2025-10-17
ID,202510,NULL,NULL,microsoft,US,45700,NULL,lccrawresults,2025-10-17
ID,202510,NULL,NULL,microsoft,US,4761,NULL,lccrawresults,2025-10-17
ID,202510,NULL,NULL,microsoft,US,63859,NULL,lccrawresults,2025-10-17
ID,202510,NULL,NULL,microsoft,US,7713,NULL,lccrawresults,2025-10-17
ID,202510,NULL,NULL,microsoft,US,9341,NULL,lccrawresults,2025-10-17
ID,202511,NULL,NULL,akamai,US,135478,NULL,lccrawresults,2025-11-17
ID,202511,NULL,NULL,akamai,US,139994,NULL,lccrawresults,2025-11-17
ID,202511,NULL,NULL,akamai,US,17451,NULL,lccrawresults,2025-11-17
ID,202511,NULL,NULL,akamai,US,18004,NULL,lccrawresults,2025-11-17
ID,202511,NULL,NULL,akamai,US,23693,NULL,lccrawresults,2025-11-17
ID,202511,NULL,NULL,akamai,US,23700,NULL,lccrawresults,2025-11-17
ID,202511,NULL,NULL,akamai,US,24203,NULL,lccrawresults,2025-11-17
ID,202511,NULL,NULL,akamai,US,4761,NULL,lccrawresults,2025-11-17
ID,202511,NULL,NULL,akamai,US,63859,NULL,lccrawresults,2025-11-17
ID,202511,NULL,NULL,akamai,US,7713,NULL,lccrawresults,2025-11-17
ID,202511,NULL,NULL,akamai,US,9341,NULL,lccrawresults,2025-11-17
ID,202511,NULL,NULL,alibaba,China,135478,NULL,lccrawresults,2025-11-17
ID,202511,NULL,NULL,alibaba,China,139994,NULL,lccrawresults,2025-11-17
ID,202511,NULL,NULL,alibaba,China,17451,NULL,lccrawresults,2025-11-17
ID,202511,NULL,NULL,alibaba,China,18004,NULL,lccrawresults,2025-11-17
ID,202511,NULL,NULL,alibaba,China,23693,NULL,lccrawresults,2025-11-17
ID,202511,NULL,NULL,alibaba,China,23700,NULL,lccrawresults,2025-11-17
ID,202511,NULL,NULL,alibaba,China,24203,NULL,lccrawresults,2025-11-17
ID,202511,NULL,NULL,alibaba,China,4761,NULL,lccrawresults,2025-11-17
ID,202511,NULL,NULL,alibaba,China,63859,NULL,lccrawresults,2025-11-17
ID,202511,NULL,NULL,alibaba,China,7713,NULL,lccrawresults,2025-11-17
ID,202511,NULL,NULL,alibaba,China,9341,NULL,lccrawresults,2025-11-17
ID,202511,NULL,NULL,amazon,US,135478,NULL,lccrawresults,2025-11-17
ID,202511,NULL,NULL,amazon,US,139994,NULL,lccrawresults,2025-11-17
ID,202511,NULL,NULL,amazon,US,17451,NULL,lccrawresults,2025-11-17
ID,202511,NULL,NULL,amazon,US,18004,NULL,lccrawresults,2025-11-17
ID,202511,NULL,NULL,amazon,US,23693,NULL,lccrawresults,2025-11-17
ID,202511,NULL,NULL,amazon,US,23700,NULL,lccrawresults,2025-11-17
ID,202511,NULL,NULL,amazon,US,24203,NULL,lccrawresults,2025-11-17
ID,202511,NULL,NULL,amazon,US,4761,NULL,lccrawresults,2025-11-17
ID,202511,NULL,NULL,amazon,US,63859,NULL,lccrawresults,2025-11-17
ID,202511,NULL,NULL,amazon,US,7713,NULL,lccrawresults,2025-11-17
ID,202511,NULL,NULL,amazon,US,9341,NULL,lccrawresults,2025-11-17
ID,202511,NULL,NULL,cdn77,UK,135478,NULL,lccrawresults,2025-11-17
ID,202511,NULL,NULL,cdn77,UK,139994,NULL,lccrawresults,2025-11-17
ID,202511,NULL,NULL,cdn77,UK,17451,NULL,lccrawresults,2025-11-17
ID,202511,NULL,NULL,cdn77,UK,18004,NULL,lccrawresults,2025-11-17
ID,202511,NULL,NULL,cdn77,UK,23693,NULL,lccrawresults,2025-11-17
ID,202511,NULL,NULL,cdn77,UK,23700,NULL,lccrawresults,2025-11-17
ID,202511,NULL,NULL,cdn77,UK,24203,NULL,lccrawresults,2025-11-17
ID,202511,NULL,NULL,cdn77,UK,4761,NULL,lccrawresults,2025-11-17
ID,202511,NULL,NULL,cdn77,UK,63859,NULL,lccrawresults,2025-11-17
ID,202511,NULL,NULL,cdn77,UK,7713,NULL,lccrawresults,2025-11-17
ID,202511,NULL,NULL,cdn77,UK,9341,NULL,lccrawresults,2025-11-17
ID,202511,NULL,NULL,cloudflare,US,135478,NULL,lccrawresults,2025-11-17
ID,202511,NULL,NULL,cloudflare,US,139994,NULL,lccrawresults,2025-11-17
ID,202511,NULL,NULL,cloudflare,US,17451,NULL,lccrawresults,2025-11-17
ID,202511,NULL,NULL,cloudflare,US,18004,NULL,lccrawresults,2025-11-17
ID,202511,NULL,NULL,cloudflare,US,23693,NULL,lccrawresults,2025-11-17
ID,202511,NULL,NULL,cloudflare,US,23700,NULL,lccrawresults,2025-11-17
ID,202511,NULL,NULL,cloudflare,US,24203,NULL,lccrawresults,2025-11-17
ID,202511,NULL,NULL,cloudflare,US,4761,NULL,lccrawresults,2025-11-17
ID,202511,NULL,NULL,cloudflare,US,63859,NULL,lccrawresults,2025-11-17
ID,202511,NULL,NULL,cloudflare,US,7713,NULL,lccrawresults,2025-11-17
ID,202511,NULL,NULL,cloudflare,US,9341,NULL,lccrawresults,2025-11-17
ID,202511,NULL,NULL,facebook,US,135478,NULL,lccrawresults,2025-11-17
ID,202511,NULL,NULL,facebook,US,139994,NULL,lccrawresults,2025-11-17
ID,202511,NULL,NULL,facebook,US,17451,NULL,lccrawresults,2025-11-17
ID,202511,NULL,NULL,facebook,US,18004,NULL,lccrawresults,2025-11-17
ID,202511,NULL,NULL,facebook,US,23693,NULL,lccrawresults,2025-11-17
ID,202511,NULL,NULL,facebook,US,23700,NULL,lccrawresults,2025-11-17
ID,202511,NULL,NULL,facebook,US,24203,NULL,lccrawresults,2025-11-17
ID,202511,NULL,NULL,facebook,US,4761,NULL,lccrawresults,2025-11-17
ID,202511,NULL,NULL,facebook,US,63859,NULL,lccrawresults,2025-11-17
ID,202511,NULL,NULL,facebook,US,7713,NULL,lccrawresults,2025-11-17
ID,202511,NULL,NULL,facebook,US,9341,NULL,lccrawresults,2025-11-17
ID,202511,NULL,NULL,fastly,US,135478,NULL,lccrawresults,2025-11-17
ID,202511,NULL,NULL,fastly,US,139994,NULL,lccrawresults,2025-11-17
ID,202511,NULL,NULL,fastly,US,17451,NULL,lccrawresults,2025-11-17
ID,202511,NULL,NULL,fastly,US,18004,NULL,lccrawresults,2025-11-17
ID,202511,NULL,NULL,fastly,US,23693,NULL,lccrawresults,2025-11-17
ID,202511,NULL,NULL,fastly,US,23700,NULL,lccrawresults,2025-11-17
ID,202511,NULL,NULL,fastly,US,24203,NULL,lccrawresults,2025-11-17
ID,202511,NULL,NULL,fastly,US,4761,NULL,lccrawresults,2025-11-17
ID,202511,NULL,NULL,fastly,US,63859,NULL,lccrawresults,2025-11-17
ID,202511,NULL,NULL,fastly,US,7713,NULL,lccrawresults,2025-11-17
ID,202511,NULL,NULL,fastly,US,9341,NULL,lccrawresults,2025-11-17
ID,202511,NULL,NULL,microsoft,US,135478,NULL,lccrawresults,2025-11-17
ID,202511,NULL,NULL,microsoft,US,139994,NULL,lccrawresults,2025-11-17
ID,202511,NULL,NULL,microsoft,US,17451,NULL,lccrawresults,2025-11-17
ID,202511,NULL,NULL,microsoft,US,18004,NULL,lccrawresults,2025-11-17
ID,202511,NULL,NULL,microsoft,US,23693,NULL,lccrawresults,2025-11-17
ID,202511,NULL,NULL,microsoft,US,23700,NULL,lccrawresults,2025-11-17
ID,202511,NULL,NULL,microsoft,US,24203,NULL,lccrawresults,2025-11-17
ID,202511,NULL,NULL,microsoft,US,4761,NULL,lccrawresults,2025-11-17
ID,202511,NULL,NULL,microsoft,US,63859,NULL,lccrawresults,2025-11-17
ID,202511,NULL,NULL,microsoft,US,7713,NULL,lccrawresults,2025-11-17
ID,202511,NULL,NULL,microsoft,US,9341,NULL,lccrawresults,2025-11-17
ID,202512,NULL,NULL,akamai,US,135478,NULL,lccrawresults,2025-12-17
ID,202512,NULL,NULL,akamai,US,139994,NULL,lccrawresults,2025-12-17
ID,202512,NULL,NULL,akamai,US,17451,NULL,lccrawresults,2025-12-17
ID,202512,NULL,NULL,akamai,US,18004,NULL,lccrawresults,2025-12-17
ID,202512,NULL,NULL,akamai,US,23693,NULL,lccrawresults,2025-12-17
ID,202512,NULL,NULL,akamai,US,23700,NULL,lccrawresults,2025-12-17
ID,202512,NULL,NULL,akamai,US,24203,NULL,lccrawresults,2025-12-17
ID,202512,NULL,NULL,akamai,US,45700,NULL,lccrawresults,2025-12-17
ID,202512,NULL,NULL,akamai,US,4761,NULL,lccrawresults,2025-12-17
ID,202512,NULL,NULL,akamai,US,63859,NULL,lccrawresults,2025-12-17
ID,202512,NULL,NULL,akamai,US,7713,NULL,lccrawresults,2025-12-17
ID,202512,NULL,NULL,akamai,US,9341,NULL,lccrawresults,2025-12-17
ID,202512,NULL,NULL,alibaba,China,135478,NULL,lccrawresults,2025-12-17
ID,202512,NULL,NULL,alibaba,China,139994,NULL,lccrawresults,2025-12-17
ID,202512,NULL,NULL,alibaba,China,17451,NULL,lccrawresults,2025-12-17
ID,202512,NULL,NULL,alibaba,China,23693,NULL,lccrawresults,2025-12-17
ID,202512,NULL,NULL,alibaba,China,23700,NULL,lccrawresults,2025-12-17
ID,202512,NULL,NULL,alibaba,China,24203,NULL,lccrawresults,2025-12-17
ID,202512,NULL,NULL,alibaba,China,45700,NULL,lccrawresults,2025-12-17
ID,202512,NULL,NULL,alibaba,China,4761,NULL,lccrawresults,2025-12-17
ID,202512,NULL,NULL,alibaba,China,63859,NULL,lccrawresults,2025-12-17
ID,202512,NULL,NULL,alibaba,China,7713,NULL,lccrawresults,2025-12-17
ID,202512,NULL,NULL,alibaba,China,9341,NULL,lccrawresults,2025-12-17
ID,202512,NULL,NULL,amazon,US,135478,NULL,lccrawresults,2025-12-17
ID,202512,NULL,NULL,amazon,US,139994,NULL,lccrawresults,2025-12-17
ID,202512,NULL,NULL,amazon,US,17451,NULL,lccrawresults,2025-12-17
ID,202512,NULL,NULL,amazon,US,18004,NULL,lccrawresults,2025-12-17
ID,202512,NULL,NULL,amazon,US,23693,NULL,lccrawresults,2025-12-17
ID,202512,NULL,NULL,amazon,US,23700,NULL,lccrawresults,2025-12-17
ID,202512,NULL,NULL,amazon,US,24203,NULL,lccrawresults,2025-12-17
ID,202512,NULL,NULL,amazon,US,45700,NULL,lccrawresults,2025-12-17
ID,202512,NULL,NULL,amazon,US,4761,NULL,lccrawresults,2025-12-17
ID,202512,NULL,NULL,amazon,US,63859,NULL,lccrawresults,2025-12-17
ID,202512,NULL,NULL,amazon,US,7713,NULL,lccrawresults,2025-12-17
ID,202512,NULL,NULL,amazon,US,9341,NULL,lccrawresults,2025-12-17
ID,202512,NULL,NULL,bunnycdn,Slovenia,135478,NULL,lccrawresults,2025-12-17
ID,202512,NULL,NULL,bunnycdn,Slovenia,139994,NULL,lccrawresults,2025-12-17
ID,202512,NULL,NULL,bunnycdn,Slovenia,17451,NULL,lccrawresults,2025-12-17
ID,202512,NULL,NULL,bunnycdn,Slovenia,23693,NULL,lccrawresults,2025-12-17
ID,202512,NULL,NULL,bunnycdn,Slovenia,23700,NULL,lccrawresults,2025-12-17
ID,202512,NULL,NULL,bunnycdn,Slovenia,24203,NULL,lccrawresults,2025-12-17
ID,202512,NULL,NULL,bunnycdn,Slovenia,45700,NULL,lccrawresults,2025-12-17
ID,202512,NULL,NULL,bunnycdn,Slovenia,4761,NULL,lccrawresults,2025-12-17
ID,202512,NULL,NULL,bunnycdn,Slovenia,63859,NULL,lccrawresults,2025-12-17
ID,202512,NULL,NULL,bunnycdn,Slovenia,7713,NULL,lccrawresults,2025-12-17
ID,202512,NULL,NULL,bunnycdn,Slovenia,9341,NULL,lccrawresults,2025-12-17
ID,202512,NULL,NULL,cdn77,UK,135478,NULL,lccrawresults,2025-12-17
ID,202512,NULL,NULL,cdn77,UK,139994,NULL,lccrawresults,2025-12-17
ID,202512,NULL,NULL,cdn77,UK,17451,NULL,lccrawresults,2025-12-17
ID,202512,NULL,NULL,cdn77,UK,18004,NULL,lccrawresults,2025-12-17
ID,202512,NULL,NULL,cdn77,UK,23693,NULL,lccrawresults,2025-12-17
ID,202512,NULL,NULL,cdn77,UK,23700,NULL,lccrawresults,2025-12-17
ID,202512,NULL,NULL,cdn77,UK,24203,NULL,lccrawresults,2025-12-17
ID,202512,NULL,NULL,cdn77,UK,45700,NULL,lccrawresults,2025-12-17
ID,202512,NULL,NULL,cdn77,UK,4761,NULL,lccrawresults,2025-12-17
ID,202512,NULL,NULL,cdn77,UK,63859,NULL,lccrawresults,2025-12-17
ID,202512,NULL,NULL,cdn77,UK,7713,NULL,lccrawresults,2025-12-17
ID,202512,NULL,NULL,cdn77,UK,9341,NULL,lccrawresults,2025-12-17
ID,202512,NULL,NULL,cloudflare,US,135478,NULL,lccrawresults,2025-12-17
ID,202512,NULL,NULL,cloudflare,US,139994,NULL,lccrawresults,2025-12-17
ID,202512,NULL,NULL,cloudflare,US,17451,NULL,lccrawresults,2025-12-17
ID,202512,NULL,NULL,cloudflare,US,18004,NULL,lccrawresults,2025-12-17
ID,202512,NULL,NULL,cloudflare,US,23693,NULL,lccrawresults,2025-12-17
ID,202512,NULL,NULL,cloudflare,US,23700,NULL,lccrawresults,2025-12-17
ID,202512,NULL,NULL,cloudflare,US,24203,NULL,lccrawresults,2025-12-17
ID,202512,NULL,NULL,cloudflare,US,45700,NULL,lccrawresults,2025-12-17
ID,202512,NULL,NULL,cloudflare,US,4761,NULL,lccrawresults,2025-12-17
ID,202512,NULL,NULL,cloudflare,US,63859,NULL,lccrawresults,2025-12-17
ID,202512,NULL,NULL,cloudflare,US,7713,NULL,lccrawresults,2025-12-17
ID,202512,NULL,NULL,cloudflare,US,9341,NULL,lccrawresults,2025-12-17
ID,202512,NULL,NULL,facebook,US,135478,NULL,lccrawresults,2025-12-17
ID,202512,NULL,NULL,facebook,US,139994,NULL,lccrawresults,2025-12-17
ID,202512,NULL,NULL,facebook,US,17451,NULL,lccrawresults,2025-12-17
ID,202512,NULL,NULL,facebook,US,18004,NULL,lccrawresults,2025-12-17
ID,202512,NULL,NULL,facebook,US,23693,NULL,lccrawresults,2025-12-17
ID,202512,NULL,NULL,facebook,US,23700,NULL,lccrawresults,2025-12-17
ID,202512,NULL,NULL,facebook,US,24203,NULL,lccrawresults,2025-12-17
ID,202512,NULL,NULL,facebook,US,45700,NULL,lccrawresults,2025-12-17
ID,202512,NULL,NULL,facebook,US,4761,NULL,lccrawresults,2025-12-17
ID,202512,NULL,NULL,facebook,US,63859,NULL,lccrawresults,2025-12-17
ID,202512,NULL,NULL,facebook,US,7713,NULL,lccrawresults,2025-12-17
ID,202512,NULL,NULL,facebook,US,9341,NULL,lccrawresults,2025-12-17
ID,202512,NULL,NULL,fastly,US,135478,NULL,lccrawresults,2025-12-17
ID,202512,NULL,NULL,fastly,US,139994,NULL,lccrawresults,2025-12-17
ID,202512,NULL,NULL,fastly,US,17451,NULL,lccrawresults,2025-12-17
ID,202512,NULL,NULL,fastly,US,18004,NULL,lccrawresults,2025-12-17
ID,202512,NULL,NULL,fastly,US,23693,NULL,lccrawresults,2025-12-17
ID,202512,NULL,NULL,fastly,US,23700,NULL,lccrawresults,2025-12-17
ID,202512,NULL,NULL,fastly,US,24203,NULL,lccrawresults,2025-12-17
ID,202512,NULL,NULL,fastly,US,45700,NULL,lccrawresults,2025-12-17
ID,202512,NULL,NULL,fastly,US,4761,NULL,lccrawresults,2025-12-17
ID,202512,NULL,NULL,fastly,US,63859,NULL,lccrawresults,2025-12-17
ID,202512,NULL,NULL,fastly,US,7713,NULL,lccrawresults,2025-12-17
ID,202512,NULL,NULL,fastly,US,9341,NULL,lccrawresults,2025-12-17
ID,202512,NULL,NULL,microsoft,US,135478,NULL,lccrawresults,2025-12-17
ID,202512,NULL,NULL,microsoft,US,139994,NULL,lccrawresults,2025-12-17
ID,202512,NULL,NULL,microsoft,US,17451,NULL,lccrawresults,2025-12-17
ID,202512,NULL,NULL,microsoft,US,18004,NULL,lccrawresults,2025-12-17
ID,202512,NULL,NULL,microsoft,US,23693,NULL,lccrawresults,2025-12-17
ID,202512,NULL,NULL,microsoft,US,23700,NULL,lccrawresults,2025-12-17
ID,202512,NULL,NULL,microsoft,US,24203,NULL,lccrawresults,2025-12-17
ID,202512,NULL,NULL,microsoft,US,45700,NULL,lccrawresults,2025-12-17
ID,202512,NULL,NULL,microsoft,US,4761,NULL,lccrawresults,2025-12-17
ID,202512,NULL,NULL,microsoft,US,63859,NULL,lccrawresults,2025-12-17
ID,202512,NULL,NULL,microsoft,US,7713,NULL,lccrawresults,2025-12-17
ID,202512,NULL,NULL,microsoft,US,9341,NULL,lccrawresults,2025-12-17
ID,202601,NULL,NULL,akamai,US,131111,NULL,lccrawresults,2026-01-17
ID,202601,NULL,NULL,akamai,US,131706,NULL,lccrawresults,2026-01-17
ID,202601,NULL,NULL,akamai,US,131769,NULL,lccrawresults,2026-01-17
ID,202601,NULL,NULL,akamai,US,13335,NULL,lccrawresults,2026-01-17
ID,202601,NULL,NULL,akamai,US,135477,NULL,lccrawresults,2026-01-17
ID,202601,NULL,NULL,akamai,US,135478,NULL,lccrawresults,2026-01-17
ID,202601,NULL,NULL,akamai,US,136093,NULL,lccrawresults,2026-01-17
ID,202601,NULL,NULL,akamai,US,136119,NULL,lccrawresults,2026-01-17
ID,202601,NULL,NULL,akamai,US,136873,NULL,lccrawresults,2026-01-17
ID,202601,NULL,NULL,akamai,US,138089,NULL,lccrawresults,2026-01-17
ID,202601,NULL,NULL,akamai,US,138109,NULL,lccrawresults,2026-01-17
ID,202601,NULL,NULL,akamai,US,138134,NULL,lccrawresults,2026-01-17
ID,202601,NULL,NULL,akamai,US,138886,NULL,lccrawresults,2026-01-17
ID,202601,NULL,NULL,akamai,US,139952,NULL,lccrawresults,2026-01-17
ID,202601,NULL,NULL,akamai,US,139967,NULL,lccrawresults,2026-01-17
ID,202601,NULL,NULL,akamai,US,139994,NULL,lccrawresults,2026-01-17
ID,202601,NULL,NULL,akamai,US,141077,NULL,lccrawresults,2026-01-17
ID,202601,NULL,NULL,akamai,US,141127,NULL,lccrawresults,2026-01-17
ID,202601,NULL,NULL,akamai,US,141140,NULL,lccrawresults,2026-01-17
ID,202601,NULL,NULL,akamai,US,141145,NULL,lccrawresults,2026-01-17
ID,202601,NULL,NULL,akamai,US,141607,NULL,lccrawresults,2026-01-17
ID,202601,NULL,NULL,akamai,US,141642,NULL,lccrawresults,2026-01-17
ID,202601,NULL,NULL,akamai,US,142319,NULL,lccrawresults,2026-01-17
ID,202601,NULL,NULL,akamai,US,142386,NULL,lccrawresults,2026-01-17
ID,202601,NULL,NULL,akamai,US,149359,NULL,lccrawresults,2026-01-17
ID,202601,NULL,NULL,akamai,US,149360,NULL,lccrawresults,2026-01-17
ID,202601,NULL,NULL,akamai,US,149925,NULL,lccrawresults,2026-01-17
ID,202601,NULL,NULL,akamai,US,150279,NULL,lccrawresults,2026-01-17
ID,202601,NULL,NULL,akamai,US,17451,NULL,lccrawresults,2026-01-17
ID,202601,NULL,NULL,akamai,US,18004,NULL,lccrawresults,2026-01-17
ID,202601,NULL,NULL,akamai,US,23693,NULL,lccrawresults,2026-01-17
ID,202601,NULL,NULL,akamai,US,23700,NULL,lccrawresults,2026-01-17
ID,202601,NULL,NULL,akamai,US,24203,NULL,lccrawresults,2026-01-17
ID,202601,NULL,NULL,akamai,US,38511,NULL,lccrawresults,2026-01-17
ID,202601,NULL,NULL,akamai,US,45305,NULL,lccrawresults,2026-01-17
ID,202601,NULL,NULL,akamai,US,45700,NULL,lccrawresults,2026-01-17
ID,202601,NULL,NULL,akamai,US,4761,NULL,lccrawresults,2026-01-17
ID,202601,NULL,NULL,akamai,US,55685,NULL,lccrawresults,2026-01-17
ID,202601,NULL,NULL,akamai,US,55699,NULL,lccrawresults,2026-01-17
ID,202601,NULL,NULL,akamai,US,58485,NULL,lccrawresults,2026-01-17
ID,202601,NULL,NULL,akamai,US,58495,NULL,lccrawresults,2026-01-17
ID,202601,NULL,NULL,akamai,US,58821,NULL,lccrawresults,2026-01-17
ID,202601,NULL,NULL,akamai,US,63859,NULL,lccrawresults,2026-01-17
ID,202601,NULL,NULL,akamai,US,64300,NULL,lccrawresults,2026-01-17
ID,202601,NULL,NULL,akamai,US,7713,NULL,lccrawresults,2026-01-17
ID,202601,NULL,NULL,akamai,US,9341,NULL,lccrawresults,2026-01-17
ID,202601,NULL,NULL,alibaba,China,131111,NULL,lccrawresults,2026-01-17
ID,202601,NULL,NULL,alibaba,China,131706,NULL,lccrawresults,2026-01-17
ID,202601,NULL,NULL,alibaba,China,131769,NULL,lccrawresults,2026-01-17
ID,202601,NULL,NULL,alibaba,China,13335,NULL,lccrawresults,2026-01-17
ID,202601,NULL,NULL,alibaba,China,135477,NULL,lccrawresults,2026-01-17
ID,202601,NULL,NULL,alibaba,China,135478,NULL,lccrawresults,2026-01-17
ID,202601,NULL,NULL,alibaba,China,136093,NULL,lccrawresults,2026-01-17
ID,202601,NULL,NULL,alibaba,China,136119,NULL,lccrawresults,2026-01-17
ID,202601,NULL,NULL,alibaba,China,136873,NULL,lccrawresults,2026-01-17
ID,202601,NULL,NULL,alibaba,China,138089,NULL,lccrawresults,2026-01-17
ID,202601,NULL,NULL,alibaba,China,138109,NULL,lccrawresults,2026-01-17
ID,202601,NULL,NULL,alibaba,China,138134,NULL,lccrawresults,2026-01-17
ID,202601,NULL,NULL,alibaba,China,138886,NULL,lccrawresults,2026-01-17
ID,202601,NULL,NULL,alibaba,China,139952,NULL,lccrawresults,2026-01-17
ID,202601,NULL,NULL,alibaba,China,139967,NULL,lccrawresults,2026-01-17
ID,202601,NULL,NULL,alibaba,China,139994,NULL,lccrawresults,2026-01-17
ID,202601,NULL,NULL,alibaba,China,141077,NULL,lccrawresults,2026-01-17
ID,202601,NULL,NULL,alibaba,China,141127,NULL,lccrawresults,2026-01-17
ID,202601,NULL,NULL,alibaba,China,141140,NULL,lccrawresults,2026-01-17
ID,202601,NULL,NULL,alibaba,China,141145,NULL,lccrawresults,2026-01-17
ID,202601,NULL,NULL,alibaba,China,141607,NULL,lccrawresults,2026-01-17
ID,202601,NULL,NULL,alibaba,China,141642,NULL,lccrawresults,2026-01-17
ID,202601,NULL,NULL,alibaba,China,142319,NULL,lccrawresults,2026-01-17
ID,202601,NULL,NULL,alibaba,China,142386,NULL,lccrawresults,2026-01-17
ID,202601,NULL,NULL,alibaba,China,149359,NULL,lccrawresults,2026-01-17
ID,202601,NULL,NULL,alibaba,China,149360,NULL,lccrawresults,2026-01-17
ID,202601,NULL,NULL,alibaba,China,149925,NULL,lccrawresults,2026-01-17
ID,202601,NULL,NULL,alibaba,China,150279,NULL,lccrawresults,2026-01-17
ID,202601,NULL,NULL,alibaba,China,17451,NULL,lccrawresults,2026-01-17
ID,202601,NULL,NULL,alibaba,China,18004,NULL,lccrawresults,2026-01-17
ID,202601,NULL,NULL,alibaba,China,23693,NULL,lccrawresults,2026-01-17
ID,202601,NULL,NULL,alibaba,China,23700,NULL,lccrawresults,2026-01-17
ID,202601,NULL,NULL,alibaba,China,24203,NULL,lccrawresults,2026-01-17
ID,202601,NULL,NULL,alibaba,China,38511,NULL,lccrawresults,2026-01-17
ID,202601,NULL,NULL,alibaba,China,45305,NULL,lccrawresults,2026-01-17
ID,202601,NULL,NULL,alibaba,China,45700,NULL,lccrawresults,2026-01-17
ID,202601,NULL,NULL,alibaba,China,4761,NULL,lccrawresults,2026-01-17
ID,202601,NULL,NULL,alibaba,China,55685,NULL,lccrawresults,2026-01-17
ID,202601,NULL,NULL,alibaba,China,55699,NULL,lccrawresults,2026-01-17
ID,202601,NULL,NULL,alibaba,China,58485,NULL,lccrawresults,2026-01-17
ID,202601,NULL,NULL,alibaba,China,58495,NULL,lccrawresults,2026-01-17
ID,202601,NULL,NULL,alibaba,China,58821,NULL,lccrawresults,2026-01-17
ID,202601,NULL,NULL,alibaba,China,63859,NULL,lccrawresults,2026-01-17
ID,202601,NULL,NULL,alibaba,China,64300,NULL,lccrawresults,2026-01-17
ID,202601,NULL,NULL,alibaba,China,7713,NULL,lccrawresults,2026-01-17
ID,202601,NULL,NULL,alibaba,China,9341,NULL,lccrawresults,2026-01-17
ID,202601,NULL,NULL,amazon,US,131111,NULL,lccrawresults,2026-01-17
ID,202601,NULL,NULL,amazon,US,131706,NULL,lccrawresults,2026-01-17
ID,202601,NULL,NULL,amazon,US,131769,NULL,lccrawresults,2026-01-17
ID,202601,NULL,NULL,amazon,US,13335,NULL,lccrawresults,2026-01-17
ID,202601,NULL,NULL,amazon,US,135477,NULL,lccrawresults,2026-01-17
ID,202601,NULL,NULL,amazon,US,135478,NULL,lccrawresults,2026-01-17
ID,202601,NULL,NULL,amazon,US,136093,NULL,lccrawresults,2026-01-17
ID,202601,NULL,NULL,amazon,US,136119,NULL,lccrawresults,2026-01-17
ID,202601,NULL,NULL,amazon,US,136873,NULL,lccrawresults,2026-01-17
ID,202601,NULL,NULL,amazon,US,138089,NULL,lccrawresults,2026-01-17
ID,202601,NULL,NULL,amazon,US,138109,NULL,lccrawresults,2026-01-17
ID,202601,NULL,NULL,amazon,US,138134,NULL,lccrawresults,2026-01-17
ID,202601,NULL,NULL,amazon,US,138886,NULL,lccrawresults,2026-01-17
ID,202601,NULL,NULL,amazon,US,139952,NULL,lccrawresults,2026-01-17
ID,202601,NULL,NULL,amazon,US,139967,NULL,lccrawresults,2026-01-17
ID,202601,NULL,NULL,amazon,US,139994,NULL,lccrawresults,2026-01-17
ID,202601,NULL,NULL,amazon,US,141077,NULL,lccrawresults,2026-01-17
ID,202601,NULL,NULL,amazon,US,141127,NULL,lccrawresults,2026-01-17
ID,202601,NULL,NULL,amazon,US,141140,NULL,lccrawresults,2026-01-17
ID,202601,NULL,NULL,amazon,US,141145,NULL,lccrawresults,2026-01-17
ID,202601,NULL,NULL,amazon,US,141607,NULL,lccrawresults,2026-01-17
ID,202601,NULL,NULL,amazon,US,141642,NULL,lccrawresults,2026-01-17
ID,202601,NULL,NULL,amazon,US,142319,NULL,lccrawresults,2026-01-17
ID,202601,NULL,NULL,amazon,US,142386,NULL,lccrawresults,2026-01-17
ID,202601,NULL,NULL,amazon,US,149359,NULL,lccrawresults,2026-01-17
ID,202601,NULL,NULL,amazon,US,149360,NULL,lccrawresults,2026-01-17
ID,202601,NULL,NULL,amazon,US,149925,NULL,lccrawresults,2026-01-17
ID,202601,NULL,NULL,amazon,US,150279,NULL,lccrawresults,2026-01-17
ID,202601,NULL,NULL,amazon,US,17451,NULL,lccrawresults,2026-01-17
ID,202601,NULL,NULL,amazon,US,18004,NULL,lccrawresults,2026-01-17
ID,202601,NULL,NULL,amazon,US,23693,NULL,lccrawresults,2026-01-17
ID,202601,NULL,NULL,amazon,US,23700,NULL,lccrawresults,2026-01-17
ID,202601,NULL,NULL,amazon,US,24203,NULL,lccrawresults,2026-01-17
ID,202601,NULL,NULL,amazon,US,38511,NULL,lccrawresults,2026-01-17
ID,202601,NULL,NULL,amazon,US,45305,NULL,lccrawresults,2026-01-17
ID,202601,NULL,NULL,amazon,US,45700,NULL,lccrawresults,2026-01-17
ID,202601,NULL,NULL,amazon,US,4761,NULL,lccrawresults,2026-01-17
ID,202601,NULL,NULL,amazon,US,55685,NULL,lccrawresults,2026-01-17
ID,202601,NULL,NULL,amazon,US,55699,NULL,lccrawresults,2026-01-17
ID,202601,NULL,NULL,amazon,US,58485,NULL,lccrawresults,2026-01-17
ID,202601,NULL,NULL,amazon,US,58495,NULL,lccrawresults,2026-01-17
ID,202601,NULL,NULL,amazon,US,58821,NULL,lccrawresults,2026-01-17
ID,202601,NULL,NULL,amazon,US,63859,NULL,lccrawresults,2026-01-17
ID,202601,NULL,NULL,amazon,US,64300,NULL,lccrawresults,2026-01-17
ID,202601,NULL,NULL,amazon,US,7713,NULL,lccrawresults,2026-01-17
ID,202601,NULL,NULL,amazon,US,9341,NULL,lccrawresults,2026-01-17
ID,202601,NULL,NULL,bunnycdn,Slovenia,131111,NULL,lccrawresults,2026-01-17
ID,202601,NULL,NULL,bunnycdn,Slovenia,131706,NULL,lccrawresults,2026-01-17
ID,202601,NULL,NULL,bunnycdn,Slovenia,131769,NULL,lccrawresults,2026-01-17
ID,202601,NULL,NULL,bunnycdn,Slovenia,13335,NULL,lccrawresults,2026-01-17
ID,202601,NULL,NULL,bunnycdn,Slovenia,135477,NULL,lccrawresults,2026-01-17
ID,202601,NULL,NULL,bunnycdn,Slovenia,135478,NULL,lccrawresults,2026-01-17
ID,202601,NULL,NULL,bunnycdn,Slovenia,136093,NULL,lccrawresults,2026-01-17
ID,202601,NULL,NULL,bunnycdn,Slovenia,136119,NULL,lccrawresults,2026-01-17
ID,202601,NULL,NULL,bunnycdn,Slovenia,136873,NULL,lccrawresults,2026-01-17
ID,202601,NULL,NULL,bunnycdn,Slovenia,138089,NULL,lccrawresults,2026-01-17
ID,202601,NULL,NULL,bunnycdn,Slovenia,138109,NULL,lccrawresults,2026-01-17
ID,202601,NULL,NULL,bunnycdn,Slovenia,138134,NULL,lccrawresults,2026-01-17
ID,202601,NULL,NULL,bunnycdn,Slovenia,138886,NULL,lccrawresults,2026-01-17
ID,202601,NULL,NULL,bunnycdn,Slovenia,139952,NULL,lccrawresults,2026-01-17
ID,202601,NULL,NULL,bunnycdn,Slovenia,139967,NULL,lccrawresults,2026-01-17
ID,202601,NULL,NULL,bunnycdn,Slovenia,139994,NULL,lccrawresults,2026-01-17
ID,202601,NULL,NULL,bunnycdn,Slovenia,141077,NULL,lccrawresults,2026-01-17
ID,202601,NULL,NULL,bunnycdn,Slovenia,141127,NULL,lccrawresults,2026-01-17
ID,202601,NULL,NULL,bunnycdn,Slovenia,141140,NULL,lccrawresults,2026-01-17
ID,202601,NULL,NULL,bunnycdn,Slovenia,141145,NULL,lccrawresults,2026-01-17
ID,202601,NULL,NULL,bunnycdn,Slovenia,141607,NULL,lccrawresults,2026-01-17
ID,202601,NULL,NULL,bunnycdn,Slovenia,141642,NULL,lccrawresults,2026-01-17
ID,202601,NULL,NULL,bunnycdn,Slovenia,142319,NULL,lccrawresults,2026-01-17
ID,202601,NULL,NULL,bunnycdn,Slovenia,142386,NULL,lccrawresults,2026-01-17
ID,202601,NULL,NULL,bunnycdn,Slovenia,149359,NULL,lccrawresults,2026-01-17
ID,202601,NULL,NULL,bunnycdn,Slovenia,149360,NULL,lccrawresults,2026-01-17
ID,202601,NULL,NULL,bunnycdn,Slovenia,149925,NULL,lccrawresults,2026-01-17
ID,202601,NULL,NULL,bunnycdn,Slovenia,150279,NULL,lccrawresults,2026-01-17
ID,202601,NULL,NULL,bunnycdn,Slovenia,17451,NULL,lccrawresults,2026-01-17
ID,202601,NULL,NULL,bunnycdn,Slovenia,18004,NULL,lccrawresults,2026-01-17
ID,202601,NULL,NULL,bunnycdn,Slovenia,23693,NULL,lccrawresults,2026-01-17
ID,202601,NULL,NULL,bunnycdn,Slovenia,23700,NULL,lccrawresults,2026-01-17
ID,202601,NULL,NULL,bunnycdn,Slovenia,24203,NULL,lccrawresults,2026-01-17
ID,202601,NULL,NULL,bunnycdn,Slovenia,38511,NULL,lccrawresults,2026-01-17
ID,202601,NULL,NULL,bunnycdn,Slovenia,45305,NULL,lccrawresults,2026-01-17
ID,202601,NULL,NULL,bunnycdn,Slovenia,45700,NULL,lccrawresults,2026-01-17
ID,202601,NULL,NULL,bunnycdn,Slovenia,4761,NULL,lccrawresults,2026-01-17
ID,202601,NULL,NULL,bunnycdn,Slovenia,55685,NULL,lccrawresults,2026-01-17
ID,202601,NULL,NULL,bunnycdn,Slovenia,55699,NULL,lccrawresults,2026-01-17
ID,202601,NULL,NULL,bunnycdn,Slovenia,58485,NULL,lccrawresults,2026-01-17
ID,202601,NULL,NULL,bunnycdn,Slovenia,58495,NULL,lccrawresults,2026-01-17
ID,202601,NULL,NULL,bunnycdn,Slovenia,58821,NULL,lccrawresults,2026-01-17
ID,202601,NULL,NULL,bunnycdn,Slovenia,63859,NULL,lccrawresults,2026-01-17
ID,202601,NULL,NULL,bunnycdn,Slovenia,64300,NULL,lccrawresults,2026-01-17
ID,202601,NULL,NULL,bunnycdn,Slovenia,7713,NULL,lccrawresults,2026-01-17
ID,202601,NULL,NULL,bunnycdn,Slovenia,9341,NULL,lccrawresults,2026-01-17
ID,202601,NULL,NULL,cdn77,UK,131111,NULL,lccrawresults,2026-01-17
ID,202601,NULL,NULL,cdn77,UK,131706,NULL,lccrawresults,2026-01-17
ID,202601,NULL,NULL,cdn77,UK,131769,NULL,lccrawresults,2026-01-17
ID,202601,NULL,NULL,cdn77,UK,13335,NULL,lccrawresults,2026-01-17
ID,202601,NULL,NULL,cdn77,UK,135477,NULL,lccrawresults,2026-01-17
ID,202601,NULL,NULL,cdn77,UK,135478,NULL,lccrawresults,2026-01-17
ID,202601,NULL,NULL,cdn77,UK,136093,NULL,lccrawresults,2026-01-17
ID,202601,NULL,NULL,cdn77,UK,136119,NULL,lccrawresults,2026-01-17
ID,202601,NULL,NULL,cdn77,UK,136873,NULL,lccrawresults,2026-01-17
ID,202601,NULL,NULL,cdn77,UK,138089,NULL,lccrawresults,2026-01-17
ID,202601,NULL,NULL,cdn77,UK,138109,NULL,lccrawresults,2026-01-17
ID,202601,NULL,NULL,cdn77,UK,138134,NULL,lccrawresults,2026-01-17
ID,202601,NULL,NULL,cdn77,UK,138886,NULL,lccrawresults,2026-01-17
ID,202601,NULL,NULL,cdn77,UK,139952,NULL,lccrawresults,2026-01-17
ID,202601,NULL,NULL,cdn77,UK,139967,NULL,lccrawresults,2026-01-17
ID,202601,NULL,NULL,cdn77,UK,139994,NULL,lccrawresults,2026-01-17
ID,202601,NULL,NULL,cdn77,UK,141077,NULL,lccrawresults,2026-01-17
ID,202601,NULL,NULL,cdn77,UK,141127,NULL,lccrawresults,2026-01-17
ID,202601,NULL,NULL,cdn77,UK,141140,NULL,lccrawresults,2026-01-17
ID,202601,NULL,NULL,cdn77,UK,141145,NULL,lccrawresults,2026-01-17
ID,202601,NULL,NULL,cdn77,UK,141607,NULL,lccrawresults,2026-01-17
ID,202601,NULL,NULL,cdn77,UK,141642,NULL,lccrawresults,2026-01-17
ID,202601,NULL,NULL,cdn77,UK,142319,NULL,lccrawresults,2026-01-17
ID,202601,NULL,NULL,cdn77,UK,142386,NULL,lccrawresults,2026-01-17
ID,202601,NULL,NULL,cdn77,UK,149359,NULL,lccrawresults,2026-01-17
ID,202601,NULL,NULL,cdn77,UK,149360,NULL,lccrawresults,2026-01-17
ID,202601,NULL,NULL,cdn77,UK,149925,NULL,lccrawresults,2026-01-17
ID,202601,NULL,NULL,cdn77,UK,150279,NULL,lccrawresults,2026-01-17
ID,202601,NULL,NULL,cdn77,UK,17451,NULL,lccrawresults,2026-01-17
ID,202601,NULL,NULL,cdn77,UK,18004,NULL,lccrawresults,2026-01-17
ID,202601,NULL,NULL,cdn77,UK,23693,NULL,lccrawresults,2026-01-17
ID,202601,NULL,NULL,cdn77,UK,23700,NULL,lccrawresults,2026-01-17
ID,202601,NULL,NULL,cdn77,UK,24203,NULL,lccrawresults,2026-01-17
ID,202601,NULL,NULL,cdn77,UK,38511,NULL,lccrawresults,2026-01-17
ID,202601,NULL,NULL,cdn77,UK,45305,NULL,lccrawresults,2026-01-17
ID,202601,NULL,NULL,cdn77,UK,45700,NULL,lccrawresults,2026-01-17
ID,202601,NULL,NULL,cdn77,UK,4761,NULL,lccrawresults,2026-01-17
ID,202601,NULL,NULL,cdn77,UK,55685,NULL,lccrawresults,2026-01-17
ID,202601,NULL,NULL,cdn77,UK,55699,NULL,lccrawresults,2026-01-17
ID,202601,NULL,NULL,cdn77,UK,58485,NULL,lccrawresults,2026-01-17
ID,202601,NULL,NULL,cdn77,UK,58495,NULL,lccrawresults,2026-01-17
ID,202601,NULL,NULL,cdn77,UK,58821,NULL,lccrawresults,2026-01-17
ID,202601,NULL,NULL,cdn77,UK,63859,NULL,lccrawresults,2026-01-17
ID,202601,NULL,NULL,cdn77,UK,64300,NULL,lccrawresults,2026-01-17
ID,202601,NULL,NULL,cdn77,UK,7713,NULL,lccrawresults,2026-01-17
ID,202601,NULL,NULL,cdn77,UK,9341,NULL,lccrawresults,2026-01-17
ID,202601,NULL,NULL,cloudflare,US,131111,NULL,lccrawresults,2026-01-17
ID,202601,NULL,NULL,cloudflare,US,131706,NULL,lccrawresults,2026-01-17
ID,202601,NULL,NULL,cloudflare,US,131769,NULL,lccrawresults,2026-01-17
ID,202601,NULL,NULL,cloudflare,US,13335,NULL,lccrawresults,2026-01-17
ID,202601,NULL,NULL,cloudflare,US,135477,NULL,lccrawresults,2026-01-17
ID,202601,NULL,NULL,cloudflare,US,135478,NULL,lccrawresults,2026-01-17
ID,202601,NULL,NULL,cloudflare,US,136093,NULL,lccrawresults,2026-01-17
ID,202601,NULL,NULL,cloudflare,US,136119,NULL,lccrawresults,2026-01-17
ID,202601,NULL,NULL,cloudflare,US,136873,NULL,lccrawresults,2026-01-17
ID,202601,NULL,NULL,cloudflare,US,138089,NULL,lccrawresults,2026-01-17
ID,202601,NULL,NULL,cloudflare,US,138109,NULL,lccrawresults,2026-01-17
ID,202601,NULL,NULL,cloudflare,US,138134,NULL,lccrawresults,2026-01-17
ID,202601,NULL,NULL,cloudflare,US,138886,NULL,lccrawresults,2026-01-17
ID,202601,NULL,NULL,cloudflare,US,139952,NULL,lccrawresults,2026-01-17
ID,202601,NULL,NULL,cloudflare,US,139967,NULL,lccrawresults,2026-01-17
ID,202601,NULL,NULL,cloudflare,US,139994,NULL,lccrawresults,2026-01-17
ID,202601,NULL,NULL,cloudflare,US,141077,NULL,lccrawresults,2026-01-17
ID,202601,NULL,NULL,cloudflare,US,141127,NULL,lccrawresults,2026-01-17
ID,202601,NULL,NULL,cloudflare,US,141140,NULL,lccrawresults,2026-01-17
ID,202601,NULL,NULL,cloudflare,US,141145,NULL,lccrawresults,2026-01-17
ID,202601,NULL,NULL,cloudflare,US,141607,NULL,lccrawresults,2026-01-17
ID,202601,NULL,NULL,cloudflare,US,141642,NULL,lccrawresults,2026-01-17
ID,202601,NULL,NULL,cloudflare,US,142319,NULL,lccrawresults,2026-01-17
ID,202601,NULL,NULL,cloudflare,US,142386,NULL,lccrawresults,2026-01-17
ID,202601,NULL,NULL,cloudflare,US,149359,NULL,lccrawresults,2026-01-17
ID,202601,NULL,NULL,cloudflare,US,149360,NULL,lccrawresults,2026-01-17
ID,202601,NULL,NULL,cloudflare,US,149925,NULL,lccrawresults,2026-01-17
ID,202601,NULL,NULL,cloudflare,US,150279,NULL,lccrawresults,2026-01-17
ID,202601,NULL,NULL,cloudflare,US,17451,NULL,lccrawresults,2026-01-17
ID,202601,NULL,NULL,cloudflare,US,18004,NULL,lccrawresults,2026-01-17
ID,202601,NULL,NULL,cloudflare,US,23693,NULL,lccrawresults,2026-01-17
ID,202601,NULL,NULL,cloudflare,US,23700,NULL,lccrawresults,2026-01-17
ID,202601,NULL,NULL,cloudflare,US,24203,NULL,lccrawresults,2026-01-17
ID,202601,NULL,NULL,cloudflare,US,38511,NULL,lccrawresults,2026-01-17
ID,202601,NULL,NULL,cloudflare,US,45305,NULL,lccrawresults,2026-01-17
ID,202601,NULL,NULL,cloudflare,US,45700,NULL,lccrawresults,2026-01-17
ID,202601,NULL,NULL,cloudflare,US,4761,NULL,lccrawresults,2026-01-17
ID,202601,NULL,NULL,cloudflare,US,55685,NULL,lccrawresults,2026-01-17
ID,202601,NULL,NULL,cloudflare,US,55699,NULL,lccrawresults,2026-01-17
ID,202601,NULL,NULL,cloudflare,US,58485,NULL,lccrawresults,2026-01-17
ID,202601,NULL,NULL,cloudflare,US,58495,NULL,lccrawresults,2026-01-17
ID,202601,NULL,NULL,cloudflare,US,58821,NULL,lccrawresults,2026-01-17
ID,202601,NULL,NULL,cloudflare,US,63859,NULL,lccrawresults,2026-01-17
ID,202601,NULL,NULL,cloudflare,US,64300,NULL,lccrawresults,2026-01-17
ID,202601,NULL,NULL,cloudflare,US,7713,NULL,lccrawresults,2026-01-17
ID,202601,NULL,NULL,cloudflare,US,9341,NULL,lccrawresults,2026-01-17
ID,202601,NULL,NULL,facebook,US,131111,NULL,lccrawresults,2026-01-17
ID,202601,NULL,NULL,facebook,US,131706,NULL,lccrawresults,2026-01-17
ID,202601,NULL,NULL,facebook,US,131769,NULL,lccrawresults,2026-01-17
ID,202601,NULL,NULL,facebook,US,13335,NULL,lccrawresults,2026-01-17
ID,202601,NULL,NULL,facebook,US,135477,NULL,lccrawresults,2026-01-17
ID,202601,NULL,NULL,facebook,US,135478,NULL,lccrawresults,2026-01-17
ID,202601,NULL,NULL,facebook,US,136093,NULL,lccrawresults,2026-01-17
ID,202601,NULL,NULL,facebook,US,136119,NULL,lccrawresults,2026-01-17
ID,202601,NULL,NULL,facebook,US,136873,NULL,lccrawresults,2026-01-17
ID,202601,NULL,NULL,facebook,US,138089,NULL,lccrawresults,2026-01-17
ID,202601,NULL,NULL,facebook,US,138109,NULL,lccrawresults,2026-01-17
ID,202601,NULL,NULL,facebook,US,138134,NULL,lccrawresults,2026-01-17
ID,202601,NULL,NULL,facebook,US,138886,NULL,lccrawresults,2026-01-17
ID,202601,NULL,NULL,facebook,US,139952,NULL,lccrawresults,2026-01-17
ID,202601,NULL,NULL,facebook,US,139967,NULL,lccrawresults,2026-01-17
ID,202601,NULL,NULL,facebook,US,139994,NULL,lccrawresults,2026-01-17
ID,202601,NULL,NULL,facebook,US,141077,NULL,lccrawresults,2026-01-17
ID,202601,NULL,NULL,facebook,US,141127,NULL,lccrawresults,2026-01-17
ID,202601,NULL,NULL,facebook,US,141140,NULL,lccrawresults,2026-01-17
ID,202601,NULL,NULL,facebook,US,141145,NULL,lccrawresults,2026-01-17
ID,202601,NULL,NULL,facebook,US,141607,NULL,lccrawresults,2026-01-17
ID,202601,NULL,NULL,facebook,US,141642,NULL,lccrawresults,2026-01-17
ID,202601,NULL,NULL,facebook,US,142319,NULL,lccrawresults,2026-01-17
ID,202601,NULL,NULL,facebook,US,142386,NULL,lccrawresults,2026-01-17
ID,202601,NULL,NULL,facebook,US,149359,NULL,lccrawresults,2026-01-17
ID,202601,NULL,NULL,facebook,US,149360,NULL,lccrawresults,2026-01-17
ID,202601,NULL,NULL,facebook,US,149925,NULL,lccrawresults,2026-01-17
ID,202601,NULL,NULL,facebook,US,150279,NULL,lccrawresults,2026-01-17
ID,202601,NULL,NULL,facebook,US,17451,NULL,lccrawresults,2026-01-17
ID,202601,NULL,NULL,facebook,US,18004,NULL,lccrawresults,2026-01-17
ID,202601,NULL,NULL,facebook,US,23693,NULL,lccrawresults,2026-01-17
ID,202601,NULL,NULL,facebook,US,23700,NULL,lccrawresults,2026-01-17
ID,202601,NULL,NULL,facebook,US,24203,NULL,lccrawresults,2026-01-17
ID,202601,NULL,NULL,facebook,US,38511,NULL,lccrawresults,2026-01-17
ID,202601,NULL,NULL,facebook,US,45305,NULL,lccrawresults,2026-01-17
ID,202601,NULL,NULL,facebook,US,45700,NULL,lccrawresults,2026-01-17
ID,202601,NULL,NULL,facebook,US,4761,NULL,lccrawresults,2026-01-17
ID,202601,NULL,NULL,facebook,US,55685,NULL,lccrawresults,2026-01-17
ID,202601,NULL,NULL,facebook,US,55699,NULL,lccrawresults,2026-01-17
ID,202601,NULL,NULL,facebook,US,58485,NULL,lccrawresults,2026-01-17
ID,202601,NULL,NULL,facebook,US,58495,NULL,lccrawresults,2026-01-17
ID,202601,NULL,NULL,facebook,US,58821,NULL,lccrawresults,2026-01-17
ID,202601,NULL,NULL,facebook,US,63859,NULL,lccrawresults,2026-01-17
ID,202601,NULL,NULL,facebook,US,64300,NULL,lccrawresults,2026-01-17
ID,202601,NULL,NULL,facebook,US,7713,NULL,lccrawresults,2026-01-17
ID,202601,NULL,NULL,facebook,US,9341,NULL,lccrawresults,2026-01-17
ID,202601,NULL,NULL,fastly,US,131111,NULL,lccrawresults,2026-01-17
ID,202601,NULL,NULL,fastly,US,131706,NULL,lccrawresults,2026-01-17
ID,202601,NULL,NULL,fastly,US,131769,NULL,lccrawresults,2026-01-17
ID,202601,NULL,NULL,fastly,US,13335,NULL,lccrawresults,2026-01-17
ID,202601,NULL,NULL,fastly,US,135477,NULL,lccrawresults,2026-01-17
ID,202601,NULL,NULL,fastly,US,135478,NULL,lccrawresults,2026-01-17
ID,202601,NULL,NULL,fastly,US,136093,NULL,lccrawresults,2026-01-17
ID,202601,NULL,NULL,fastly,US,136119,NULL,lccrawresults,2026-01-17
ID,202601,NULL,NULL,fastly,US,136873,NULL,lccrawresults,2026-01-17
ID,202601,NULL,NULL,fastly,US,138089,NULL,lccrawresults,2026-01-17
ID,202601,NULL,NULL,fastly,US,138109,NULL,lccrawresults,2026-01-17
ID,202601,NULL,NULL,fastly,US,138134,NULL,lccrawresults,2026-01-17
ID,202601,NULL,NULL,fastly,US,138886,NULL,lccrawresults,2026-01-17
ID,202601,NULL,NULL,fastly,US,139952,NULL,lccrawresults,2026-01-17
ID,202601,NULL,NULL,fastly,US,139967,NULL,lccrawresults,2026-01-17
ID,202601,NULL,NULL,fastly,US,139994,NULL,lccrawresults,2026-01-17
ID,202601,NULL,NULL,fastly,US,141077,NULL,lccrawresults,2026-01-17
ID,202601,NULL,NULL,fastly,US,141127,NULL,lccrawresults,2026-01-17
ID,202601,NULL,NULL,fastly,US,141140,NULL,lccrawresults,2026-01-17
ID,202601,NULL,NULL,fastly,US,141145,NULL,lccrawresults,2026-01-17
ID,202601,NULL,NULL,fastly,US,141607,NULL,lccrawresults,2026-01-17
ID,202601,NULL,NULL,fastly,US,141642,NULL,lccrawresults,2026-01-17
ID,202601,NULL,NULL,fastly,US,142319,NULL,lccrawresults,2026-01-17
ID,202601,NULL,NULL,fastly,US,142386,NULL,lccrawresults,2026-01-17
ID,202601,NULL,NULL,fastly,US,149359,NULL,lccrawresults,2026-01-17
ID,202601,NULL,NULL,fastly,US,149360,NULL,lccrawresults,2026-01-17
ID,202601,NULL,NULL,fastly,US,149925,NULL,lccrawresults,2026-01-17
ID,202601,NULL,NULL,fastly,US,150279,NULL,lccrawresults,2026-01-17
ID,202601,NULL,NULL,fastly,US,17451,NULL,lccrawresults,2026-01-17
ID,202601,NULL,NULL,fastly,US,18004,NULL,lccrawresults,2026-01-17
ID,202601,NULL,NULL,fastly,US,23693,NULL,lccrawresults,2026-01-17
ID,202601,NULL,NULL,fastly,US,23700,NULL,lccrawresults,2026-01-17
ID,202601,NULL,NULL,fastly,US,24203,NULL,lccrawresults,2026-01-17
ID,202601,NULL,NULL,fastly,US,38511,NULL,lccrawresults,2026-01-17
ID,202601,NULL,NULL,fastly,US,45305,NULL,lccrawresults,2026-01-17
ID,202601,NULL,NULL,fastly,US,45700,NULL,lccrawresults,2026-01-17
ID,202601,NULL,NULL,fastly,US,4761,NULL,lccrawresults,2026-01-17
ID,202601,NULL,NULL,fastly,US,55685,NULL,lccrawresults,2026-01-17
ID,202601,NULL,NULL,fastly,US,55699,NULL,lccrawresults,2026-01-17
ID,202601,NULL,NULL,fastly,US,58485,NULL,lccrawresults,2026-01-17
ID,202601,NULL,NULL,fastly,US,58495,NULL,lccrawresults,2026-01-17
ID,202601,NULL,NULL,fastly,US,58821,NULL,lccrawresults,2026-01-17
ID,202601,NULL,NULL,fastly,US,63859,NULL,lccrawresults,2026-01-17
ID,202601,NULL,NULL,fastly,US,64300,NULL,lccrawresults,2026-01-17
ID,202601,NULL,NULL,fastly,US,7713,NULL,lccrawresults,2026-01-17
ID,202601,NULL,NULL,fastly,US,9341,NULL,lccrawresults,2026-01-17
ID,202601,NULL,NULL,microsoft,US,131111,NULL,lccrawresults,2026-01-17
ID,202601,NULL,NULL,microsoft,US,131706,NULL,lccrawresults,2026-01-17
ID,202601,NULL,NULL,microsoft,US,131769,NULL,lccrawresults,2026-01-17
ID,202601,NULL,NULL,microsoft,US,13335,NULL,lccrawresults,2026-01-17
ID,202601,NULL,NULL,microsoft,US,135477,NULL,lccrawresults,2026-01-17
ID,202601,NULL,NULL,microsoft,US,135478,NULL,lccrawresults,2026-01-17
ID,202601,NULL,NULL,microsoft,US,136093,NULL,lccrawresults,2026-01-17
ID,202601,NULL,NULL,microsoft,US,136119,NULL,lccrawresults,2026-01-17
ID,202601,NULL,NULL,microsoft,US,136873,NULL,lccrawresults,2026-01-17
ID,202601,NULL,NULL,microsoft,US,138089,NULL,lccrawresults,2026-01-17
ID,202601,NULL,NULL,microsoft,US,138109,NULL,lccrawresults,2026-01-17
ID,202601,NULL,NULL,microsoft,US,138134,NULL,lccrawresults,2026-01-17
ID,202601,NULL,NULL,microsoft,US,138886,NULL,lccrawresults,2026-01-17
ID,202601,NULL,NULL,microsoft,US,139952,NULL,lccrawresults,2026-01-17
ID,202601,NULL,NULL,microsoft,US,139967,NULL,lccrawresults,2026-01-17
ID,202601,NULL,NULL,microsoft,US,139994,NULL,lccrawresults,2026-01-17
ID,202601,NULL,NULL,microsoft,US,141077,NULL,lccrawresults,2026-01-17
ID,202601,NULL,NULL,microsoft,US,141127,NULL,lccrawresults,2026-01-17
ID,202601,NULL,NULL,microsoft,US,141140,NULL,lccrawresults,2026-01-17
ID,202601,NULL,NULL,microsoft,US,141145,NULL,lccrawresults,2026-01-17
ID,202601,NULL,NULL,microsoft,US,141607,NULL,lccrawresults,2026-01-17
ID,202601,NULL,NULL,microsoft,US,141642,NULL,lccrawresults,2026-01-17
ID,202601,NULL,NULL,microsoft,US,142319,NULL,lccrawresults,2026-01-17
ID,202601,NULL,NULL,microsoft,US,142386,NULL,lccrawresults,2026-01-17
ID,202601,NULL,NULL,microsoft,US,149359,NULL,lccrawresults,2026-01-17
ID,202601,NULL,NULL,microsoft,US,149360,NULL,lccrawresults,2026-01-17
ID,202601,NULL,NULL,microsoft,US,149925,NULL,lccrawresults,2026-01-17
ID,202601,NULL,NULL,microsoft,US,150279,NULL,lccrawresults,2026-01-17
ID,202601,NULL,NULL,microsoft,US,17451,NULL,lccrawresults,2026-01-17
ID,202601,NULL,NULL,microsoft,US,18004,NULL,lccrawresults,2026-01-17
ID,202601,NULL,NULL,microsoft,US,23693,NULL,lccrawresults,2026-01-17
ID,202601,NULL,NULL,microsoft,US,23700,NULL,lccrawresults,2026-01-17
ID,202601,NULL,NULL,microsoft,US,24203,NULL,lccrawresults,2026-01-17
ID,202601,NULL,NULL,microsoft,US,38511,NULL,lccrawresults,2026-01-17
ID,202601,NULL,NULL,microsoft,US,45305,NULL,lccrawresults,2026-01-17
ID,202601,NULL,NULL,microsoft,US,45700,NULL,lccrawresults,2026-01-17
ID,202601,NULL,NULL,microsoft,US,4761,NULL,lccrawresults,2026-01-17
ID,202601,NULL,NULL,microsoft,US,55685,NULL,lccrawresults,2026-01-17
ID,202601,NULL,NULL,microsoft,US,55699,NULL,lccrawresults,2026-01-17
ID,202601,NULL,NULL,microsoft,US,58485,NULL,lccrawresults,2026-01-17
ID,202601,NULL,NULL,microsoft,US,58495,NULL,lccrawresults,2026-01-17
ID,202601,NULL,NULL,microsoft,US,58821,NULL,lccrawresults,2026-01-17
ID,202601,NULL,NULL,microsoft,US,63859,NULL,lccrawresults,2026-01-17
ID,202601,NULL,NULL,microsoft,US,64300,NULL,lccrawresults,2026-01-17
ID,202601,NULL,NULL,microsoft,US,7713,NULL,lccrawresults,2026-01-17
ID,202601,NULL,NULL,microsoft,US,9341,NULL,lccrawresults,2026-01-17
KH,202406,NULL,NULL,akamai,US,131178,NULL,lccrawresults,2024-06-01
KH,202406,NULL,NULL,akamai,US,131178,NULL,lccrawresults,2024-06-19
KH,202406,NULL,NULL,akamai,US,131207,NULL,lccrawresults,2024-06-01
KH,202406,NULL,NULL,akamai,US,131207,NULL,lccrawresults,2024-06-19
KH,202406,NULL,NULL,akamai,US,17976,NULL,lccrawresults,2024-06-01
KH,202406,NULL,NULL,akamai,US,17976,NULL,lccrawresults,2024-06-19
KH,202406,NULL,NULL,akamai,US,38235,NULL,lccrawresults,2024-06-01
KH,202406,NULL,NULL,akamai,US,38235,NULL,lccrawresults,2024-06-19
KH,202406,NULL,NULL,akamai,US,38623,NULL,lccrawresults,2024-06-01
KH,202406,NULL,NULL,akamai,US,38623,NULL,lccrawresults,2024-06-19
KH,202406,NULL,NULL,akamai,US,38901,NULL,lccrawresults,2024-06-01
KH,202406,NULL,NULL,akamai,US,38901,NULL,lccrawresults,2024-06-19
KH,202406,NULL,NULL,akamai,US,45498,NULL,lccrawresults,2024-06-01
KH,202406,NULL,NULL,akamai,US,45498,NULL,lccrawresults,2024-06-19
KH,202406,NULL,NULL,alibaba,China,131178,NULL,lccrawresults,2024-06-19
KH,202406,NULL,NULL,alibaba,China,131207,NULL,lccrawresults,2024-06-19
KH,202406,NULL,NULL,alibaba,China,17976,NULL,lccrawresults,2024-06-19
KH,202406,NULL,NULL,alibaba,China,38235,NULL,lccrawresults,2024-06-19
KH,202406,NULL,NULL,alibaba,China,38623,NULL,lccrawresults,2024-06-19
KH,202406,NULL,NULL,alibaba,China,45498,NULL,lccrawresults,2024-06-19
KH,202406,NULL,NULL,amazon,US,131178,NULL,lccrawresults,2024-06-19
KH,202406,NULL,NULL,amazon,US,131207,NULL,lccrawresults,2024-06-19
KH,202406,NULL,NULL,amazon,US,17976,NULL,lccrawresults,2024-06-19
KH,202406,NULL,NULL,amazon,US,38235,NULL,lccrawresults,2024-06-19
KH,202406,NULL,NULL,amazon,US,38623,NULL,lccrawresults,2024-06-19
KH,202406,NULL,NULL,amazon,US,38901,NULL,lccrawresults,2024-06-19
KH,202406,NULL,NULL,amazon,US,45498,NULL,lccrawresults,2024-06-19
KH,202406,NULL,NULL,cdn77,UK,131178,NULL,lccrawresults,2024-06-19
KH,202406,NULL,NULL,cdn77,UK,131207,NULL,lccrawresults,2024-06-19
KH,202406,NULL,NULL,cdn77,UK,38235,NULL,lccrawresults,2024-06-19
KH,202406,NULL,NULL,cdn77,UK,38623,NULL,lccrawresults,2024-06-19
KH,202406,NULL,NULL,cdn77,UK,38901,NULL,lccrawresults,2024-06-19
KH,202406,NULL,NULL,cloudflare,US,131178,NULL,lccrawresults,2024-06-01
KH,202406,NULL,NULL,cloudflare,US,131178,NULL,lccrawresults,2024-06-19
KH,202406,NULL,NULL,cloudflare,US,131207,NULL,lccrawresults,2024-06-01
KH,202406,NULL,NULL,cloudflare,US,131207,NULL,lccrawresults,2024-06-19
KH,202406,NULL,NULL,cloudflare,US,17976,NULL,lccrawresults,2024-06-01
KH,202406,NULL,NULL,cloudflare,US,17976,NULL,lccrawresults,2024-06-19
KH,202406,NULL,NULL,cloudflare,US,38235,NULL,lccrawresults,2024-06-01
KH,202406,NULL,NULL,cloudflare,US,38235,NULL,lccrawresults,2024-06-19
KH,202406,NULL,NULL,cloudflare,US,38623,NULL,lccrawresults,2024-06-01
KH,202406,NULL,NULL,cloudflare,US,38623,NULL,lccrawresults,2024-06-19
KH,202406,NULL,NULL,cloudflare,US,38901,NULL,lccrawresults,2024-06-01
KH,202406,NULL,NULL,cloudflare,US,38901,NULL,lccrawresults,2024-06-19
KH,202406,NULL,NULL,cloudflare,US,45498,NULL,lccrawresults,2024-06-01
KH,202406,NULL,NULL,cloudflare,US,45498,NULL,lccrawresults,2024-06-19
KH,202406,NULL,NULL,cloudfront,US,131178,NULL,lccrawresults,2024-06-01
KH,202406,NULL,NULL,cloudfront,US,131207,NULL,lccrawresults,2024-06-01
KH,202406,NULL,NULL,cloudfront,US,17976,NULL,lccrawresults,2024-06-01
KH,202406,NULL,NULL,cloudfront,US,38235,NULL,lccrawresults,2024-06-01
KH,202406,NULL,NULL,cloudfront,US,38901,NULL,lccrawresults,2024-06-01
KH,202406,NULL,NULL,cloudfront,US,45498,NULL,lccrawresults,2024-06-01
KH,202406,NULL,NULL,facebook,US,131178,NULL,lccrawresults,2024-06-01
KH,202406,NULL,NULL,facebook,US,131207,NULL,lccrawresults,2024-06-01
KH,202406,NULL,NULL,facebook,US,131207,NULL,lccrawresults,2024-06-19
KH,202406,NULL,NULL,facebook,US,17976,NULL,lccrawresults,2024-06-01
KH,202406,NULL,NULL,facebook,US,17976,NULL,lccrawresults,2024-06-19
KH,202406,NULL,NULL,facebook,US,38235,NULL,lccrawresults,2024-06-01
KH,202406,NULL,NULL,facebook,US,38235,NULL,lccrawresults,2024-06-19
KH,202406,NULL,NULL,facebook,US,38623,NULL,lccrawresults,2024-06-01
KH,202406,NULL,NULL,facebook,US,38623,NULL,lccrawresults,2024-06-19
KH,202406,NULL,NULL,facebook,US,38901,NULL,lccrawresults,2024-06-01
KH,202406,NULL,NULL,facebook,US,38901,NULL,lccrawresults,2024-06-19
KH,202406,NULL,NULL,facebook,US,45498,NULL,lccrawresults,2024-06-01
KH,202406,NULL,NULL,facebook,US,45498,NULL,lccrawresults,2024-06-19
KH,202406,NULL,NULL,fastly,US,131178,NULL,lccrawresults,2024-06-01
KH,202406,NULL,NULL,fastly,US,131207,NULL,lccrawresults,2024-06-01
KH,202406,NULL,NULL,fastly,US,131207,NULL,lccrawresults,2024-06-19
KH,202406,NULL,NULL,fastly,US,17976,NULL,lccrawresults,2024-06-01
KH,202406,NULL,NULL,fastly,US,17976,NULL,lccrawresults,2024-06-19
KH,202406,NULL,NULL,fastly,US,38235,NULL,lccrawresults,2024-06-01
KH,202406,NULL,NULL,fastly,US,38235,NULL,lccrawresults,2024-06-19
KH,202406,NULL,NULL,fastly,US,38623,NULL,lccrawresults,2024-06-01
KH,202406,NULL,NULL,fastly,US,38623,NULL,lccrawresults,2024-06-19
KH,202406,NULL,NULL,fastly,US,38901,NULL,lccrawresults,2024-06-01
KH,202406,NULL,NULL,fastly,US,38901,NULL,lccrawresults,2024-06-19
KH,202406,NULL,NULL,fastly,US,45498,NULL,lccrawresults,2024-06-01
KH,202406,NULL,NULL,fastly,US,45498,NULL,lccrawresults,2024-06-19
KH,202406,NULL,NULL,microsoft,US,131178,NULL,lccrawresults,2024-06-19
KH,202406,NULL,NULL,microsoft,US,131207,NULL,lccrawresults,2024-06-19
KH,202406,NULL,NULL,microsoft,US,17976,NULL,lccrawresults,2024-06-19
KH,202406,NULL,NULL,microsoft,US,38235,NULL,lccrawresults,2024-06-19
KH,202406,NULL,NULL,microsoft,US,38623,NULL,lccrawresults,2024-06-19
KH,202406,NULL,NULL,microsoft,US,38901,NULL,lccrawresults,2024-06-19
KH,202406,NULL,NULL,microsoft,US,45498,NULL,lccrawresults,2024-06-19
KH,202408,NULL,NULL,akamai,US,131207,NULL,lccrawresults,2024-08-08
KH,202408,NULL,NULL,akamai,US,131207,NULL,lccrawresults,2024-08-16
KH,202408,NULL,NULL,alibaba,China,131207,NULL,lccrawresults,2024-08-08
KH,202408,NULL,NULL,alibaba,China,131207,NULL,lccrawresults,2024-08-16
KH,202408,NULL,NULL,amazon,US,131207,NULL,lccrawresults,2024-08-08
KH,202408,NULL,NULL,amazon,US,131207,NULL,lccrawresults,2024-08-16
KH,202408,NULL,NULL,cdn77,UK,131207,NULL,lccrawresults,2024-08-08
KH,202408,NULL,NULL,cloudflare,US,131207,NULL,lccrawresults,2024-08-08
KH,202408,NULL,NULL,cloudflare,US,131207,NULL,lccrawresults,2024-08-16
KH,202408,NULL,NULL,facebook,US,131207,NULL,lccrawresults,2024-08-08
KH,202408,NULL,NULL,facebook,US,131207,NULL,lccrawresults,2024-08-16
KH,202408,NULL,NULL,fastly,US,131207,NULL,lccrawresults,2024-08-08
KH,202408,NULL,NULL,fastly,US,131207,NULL,lccrawresults,2024-08-16
KH,202408,NULL,NULL,microsoft,US,131207,NULL,lccrawresults,2024-08-08
KH,202408,NULL,NULL,microsoft,US,131207,NULL,lccrawresults,2024-08-16
KH,202408,NULL,NULL,wordpress,US,131207,NULL,lccrawresults,2024-08-16
KH,202409,NULL,NULL,akamai,US,131207,NULL,lccrawresults,2024-09-17
KH,202409,NULL,NULL,akamai,US,131207,NULL,lccrawresults,2024-09-16
KH,202409,NULL,NULL,alibaba,China,131207,NULL,lccrawresults,2024-09-17
KH,202409,NULL,NULL,alibaba,China,131207,NULL,lccrawresults,2024-09-16
KH,202409,NULL,NULL,amazon,US,131207,NULL,lccrawresults,2024-09-17
KH,202409,NULL,NULL,amazon,US,131207,NULL,lccrawresults,2024-09-16
KH,202409,NULL,NULL,cloudflare,US,131207,NULL,lccrawresults,2024-09-17
KH,202409,NULL,NULL,cloudflare,US,131207,NULL,lccrawresults,2024-09-16
KH,202409,NULL,NULL,facebook,US,131207,NULL,lccrawresults,2024-09-17
KH,202409,NULL,NULL,facebook,US,131207,NULL,lccrawresults,2024-09-16
KH,202409,NULL,NULL,fastly,US,131207,NULL,lccrawresults,2024-09-17
KH,202409,NULL,NULL,fastly,US,131207,NULL,lccrawresults,2024-09-16
KH,202409,NULL,NULL,microsoft,US,131207,NULL,lccrawresults,2024-09-17
KH,202409,NULL,NULL,microsoft,US,131207,NULL,lccrawresults,2024-09-16
KH,202410,NULL,NULL,akamai,US,131207,NULL,lccrawresults,2024-10-17
KH,202410,NULL,NULL,alibaba,China,131207,NULL,lccrawresults,2024-10-17
KH,202410,NULL,NULL,amazon,US,131207,NULL,lccrawresults,2024-10-17
KH,202410,NULL,NULL,cdn77,UK,131207,NULL,lccrawresults,2024-10-17
KH,202410,NULL,NULL,cloudflare,US,131207,NULL,lccrawresults,2024-10-17
KH,202410,NULL,NULL,facebook,US,131207,NULL,lccrawresults,2024-10-17
KH,202410,NULL,NULL,fastly,US,131207,NULL,lccrawresults,2024-10-17
KH,202410,NULL,NULL,microsoft,US,131207,NULL,lccrawresults,2024-10-17
KH,202411,NULL,NULL,akamai,US,131207,NULL,lccrawresults,2024-11-17
KH,202411,NULL,NULL,alibaba,China,131207,NULL,lccrawresults,2024-11-17
KH,202411,NULL,NULL,amazon,US,131207,NULL,lccrawresults,2024-11-17
KH,202411,NULL,NULL,cdn77,UK,131207,NULL,lccrawresults,2024-11-17
KH,202411,NULL,NULL,cloudflare,US,131207,NULL,lccrawresults,2024-11-17
KH,202411,NULL,NULL,facebook,US,131207,NULL,lccrawresults,2024-11-17
KH,202411,NULL,NULL,fastly,US,131207,NULL,lccrawresults,2024-11-17
KH,202411,NULL,NULL,microsoft,US,131207,NULL,lccrawresults,2024-11-17
KH,202412,NULL,NULL,akamai,US,131207,NULL,lccrawresults,2024-12-18
KH,202412,NULL,NULL,alibaba,China,131207,NULL,lccrawresults,2024-12-18
KH,202412,NULL,NULL,amazon,US,131207,NULL,lccrawresults,2024-12-18
KH,202412,NULL,NULL,cdn77,UK,131207,NULL,lccrawresults,2024-12-18
KH,202412,NULL,NULL,cloudflare,US,131207,NULL,lccrawresults,2024-12-18
KH,202412,NULL,NULL,facebook,US,131207,NULL,lccrawresults,2024-12-18
KH,202412,NULL,NULL,fastly,US,131207,NULL,lccrawresults,2024-12-18
KH,202412,NULL,NULL,microsoft,US,131207,NULL,lccrawresults,2024-12-18
KH,202501,NULL,NULL,akamai,US,131207,NULL,lccrawresults,2025-01-17
KH,202501,NULL,NULL,alibaba,China,131207,NULL,lccrawresults,2025-01-17
KH,202501,NULL,NULL,amazon,US,131207,NULL,lccrawresults,2025-01-17
KH,202501,NULL,NULL,cloudflare,US,131207,NULL,lccrawresults,2025-01-17
KH,202501,NULL,NULL,facebook,US,131207,NULL,lccrawresults,2025-01-17
KH,202501,NULL,NULL,fastly,US,131207,NULL,lccrawresults,2025-01-17
KH,202501,NULL,NULL,microsoft,US,131207,NULL,lccrawresults,2025-01-17
KH,202502,NULL,NULL,akamai,US,131178,NULL,lccrawresults,2025-02-17
KH,202502,NULL,NULL,akamai,US,17976,NULL,lccrawresults,2025-02-17
KH,202502,NULL,NULL,akamai,US,23673,NULL,lccrawresults,2025-02-17
KH,202502,NULL,NULL,akamai,US,24492,NULL,lccrawresults,2025-02-17
KH,202502,NULL,NULL,akamai,US,38235,NULL,lccrawresults,2025-02-17
KH,202502,NULL,NULL,akamai,US,38623,NULL,lccrawresults,2025-02-17
KH,202502,NULL,NULL,akamai,US,38901,NULL,lccrawresults,2025-02-17
KH,202502,NULL,NULL,akamai,US,45498,NULL,lccrawresults,2025-02-17
KH,202502,NULL,NULL,alibaba,China,131178,NULL,lccrawresults,2025-02-17
KH,202502,NULL,NULL,alibaba,China,17976,NULL,lccrawresults,2025-02-17
KH,202502,NULL,NULL,alibaba,China,23673,NULL,lccrawresults,2025-02-17
KH,202502,NULL,NULL,alibaba,China,24492,NULL,lccrawresults,2025-02-17
KH,202502,NULL,NULL,alibaba,China,38235,NULL,lccrawresults,2025-02-17
KH,202502,NULL,NULL,alibaba,China,38623,NULL,lccrawresults,2025-02-17
KH,202502,NULL,NULL,alibaba,China,38901,NULL,lccrawresults,2025-02-17
KH,202502,NULL,NULL,alibaba,China,45498,NULL,lccrawresults,2025-02-17
KH,202502,NULL,NULL,amazon,US,131178,NULL,lccrawresults,2025-02-17
KH,202502,NULL,NULL,amazon,US,17976,NULL,lccrawresults,2025-02-17
KH,202502,NULL,NULL,amazon,US,23673,NULL,lccrawresults,2025-02-17
KH,202502,NULL,NULL,amazon,US,24492,NULL,lccrawresults,2025-02-17
KH,202502,NULL,NULL,amazon,US,38235,NULL,lccrawresults,2025-02-17
KH,202502,NULL,NULL,amazon,US,38623,NULL,lccrawresults,2025-02-17
KH,202502,NULL,NULL,amazon,US,38901,NULL,lccrawresults,2025-02-17
KH,202502,NULL,NULL,amazon,US,45498,NULL,lccrawresults,2025-02-17
KH,202502,NULL,NULL,cloudflare,US,131178,NULL,lccrawresults,2025-02-17
KH,202502,NULL,NULL,cloudflare,US,17976,NULL,lccrawresults,2025-02-17
KH,202502,NULL,NULL,cloudflare,US,23673,NULL,lccrawresults,2025-02-17
KH,202502,NULL,NULL,cloudflare,US,24492,NULL,lccrawresults,2025-02-17
KH,202502,NULL,NULL,cloudflare,US,38235,NULL,lccrawresults,2025-02-17
KH,202502,NULL,NULL,cloudflare,US,38623,NULL,lccrawresults,2025-02-17
KH,202502,NULL,NULL,cloudflare,US,38901,NULL,lccrawresults,2025-02-17
KH,202502,NULL,NULL,cloudflare,US,45498,NULL,lccrawresults,2025-02-17
KH,202502,NULL,NULL,facebook,US,131178,NULL,lccrawresults,2025-02-17
KH,202502,NULL,NULL,facebook,US,17976,NULL,lccrawresults,2025-02-17
KH,202502,NULL,NULL,facebook,US,23673,NULL,lccrawresults,2025-02-17
KH,202502,NULL,NULL,facebook,US,24492,NULL,lccrawresults,2025-02-17
KH,202502,NULL,NULL,facebook,US,38235,NULL,lccrawresults,2025-02-17
KH,202502,NULL,NULL,facebook,US,38623,NULL,lccrawresults,2025-02-17
KH,202502,NULL,NULL,facebook,US,38901,NULL,lccrawresults,2025-02-17
KH,202502,NULL,NULL,facebook,US,45498,NULL,lccrawresults,2025-02-17
KH,202502,NULL,NULL,fastly,US,131178,NULL,lccrawresults,2025-02-17
KH,202502,NULL,NULL,fastly,US,17976,NULL,lccrawresults,2025-02-17
KH,202502,NULL,NULL,fastly,US,23673,NULL,lccrawresults,2025-02-17
KH,202502,NULL,NULL,fastly,US,24492,NULL,lccrawresults,2025-02-17
KH,202502,NULL,NULL,fastly,US,38235,NULL,lccrawresults,2025-02-17
KH,202502,NULL,NULL,fastly,US,38623,NULL,lccrawresults,2025-02-17
KH,202502,NULL,NULL,fastly,US,38901,NULL,lccrawresults,2025-02-17
KH,202502,NULL,NULL,fastly,US,45498,NULL,lccrawresults,2025-02-17
KH,202502,NULL,NULL,microsoft,US,131178,NULL,lccrawresults,2025-02-17
KH,202502,NULL,NULL,microsoft,US,17976,NULL,lccrawresults,2025-02-17
KH,202502,NULL,NULL,microsoft,US,23673,NULL,lccrawresults,2025-02-17
KH,202502,NULL,NULL,microsoft,US,24492,NULL,lccrawresults,2025-02-17
KH,202502,NULL,NULL,microsoft,US,38235,NULL,lccrawresults,2025-02-17
KH,202502,NULL,NULL,microsoft,US,38623,NULL,lccrawresults,2025-02-17
KH,202502,NULL,NULL,microsoft,US,38901,NULL,lccrawresults,2025-02-17
KH,202502,NULL,NULL,microsoft,US,45498,NULL,lccrawresults,2025-02-17
KH,202503,NULL,NULL,akamai,US,131178,NULL,lccrawresults,2025-03-17
KH,202503,NULL,NULL,akamai,US,131207,NULL,lccrawresults,2025-03-17
KH,202503,NULL,NULL,akamai,US,17976,NULL,lccrawresults,2025-03-17
KH,202503,NULL,NULL,akamai,US,23673,NULL,lccrawresults,2025-03-17
KH,202503,NULL,NULL,akamai,US,38235,NULL,lccrawresults,2025-03-17
KH,202503,NULL,NULL,akamai,US,38623,NULL,lccrawresults,2025-03-17
KH,202503,NULL,NULL,akamai,US,38901,NULL,lccrawresults,2025-03-17
KH,202503,NULL,NULL,akamai,US,45498,NULL,lccrawresults,2025-03-17
KH,202503,NULL,NULL,alibaba,China,131178,NULL,lccrawresults,2025-03-17
KH,202503,NULL,NULL,alibaba,China,131207,NULL,lccrawresults,2025-03-17
KH,202503,NULL,NULL,alibaba,China,17976,NULL,lccrawresults,2025-03-17
KH,202503,NULL,NULL,alibaba,China,23673,NULL,lccrawresults,2025-03-17
KH,202503,NULL,NULL,alibaba,China,38235,NULL,lccrawresults,2025-03-17
KH,202503,NULL,NULL,alibaba,China,38623,NULL,lccrawresults,2025-03-17
KH,202503,NULL,NULL,alibaba,China,38901,NULL,lccrawresults,2025-03-17
KH,202503,NULL,NULL,alibaba,China,45498,NULL,lccrawresults,2025-03-17
KH,202503,NULL,NULL,amazon,US,131178,NULL,lccrawresults,2025-03-17
KH,202503,NULL,NULL,amazon,US,131207,NULL,lccrawresults,2025-03-17
KH,202503,NULL,NULL,amazon,US,17976,NULL,lccrawresults,2025-03-17
KH,202503,NULL,NULL,amazon,US,23673,NULL,lccrawresults,2025-03-17
KH,202503,NULL,NULL,amazon,US,38235,NULL,lccrawresults,2025-03-17
KH,202503,NULL,NULL,amazon,US,38623,NULL,lccrawresults,2025-03-17
KH,202503,NULL,NULL,amazon,US,38901,NULL,lccrawresults,2025-03-17
KH,202503,NULL,NULL,amazon,US,45498,NULL,lccrawresults,2025-03-17
KH,202503,NULL,NULL,cloudflare,US,131178,NULL,lccrawresults,2025-03-17
KH,202503,NULL,NULL,cloudflare,US,131207,NULL,lccrawresults,2025-03-17
KH,202503,NULL,NULL,cloudflare,US,17976,NULL,lccrawresults,2025-03-17
KH,202503,NULL,NULL,cloudflare,US,23673,NULL,lccrawresults,2025-03-17
KH,202503,NULL,NULL,cloudflare,US,38235,NULL,lccrawresults,2025-03-17
KH,202503,NULL,NULL,cloudflare,US,38623,NULL,lccrawresults,2025-03-17
KH,202503,NULL,NULL,cloudflare,US,38901,NULL,lccrawresults,2025-03-17
KH,202503,NULL,NULL,cloudflare,US,45498,NULL,lccrawresults,2025-03-17
KH,202503,NULL,NULL,facebook,US,131178,NULL,lccrawresults,2025-03-17
KH,202503,NULL,NULL,facebook,US,131207,NULL,lccrawresults,2025-03-17
KH,202503,NULL,NULL,facebook,US,17976,NULL,lccrawresults,2025-03-17
KH,202503,NULL,NULL,facebook,US,23673,NULL,lccrawresults,2025-03-17
KH,202503,NULL,NULL,facebook,US,38235,NULL,lccrawresults,2025-03-17
KH,202503,NULL,NULL,facebook,US,38623,NULL,lccrawresults,2025-03-17
KH,202503,NULL,NULL,facebook,US,38901,NULL,lccrawresults,2025-03-17
KH,202503,NULL,NULL,facebook,US,45498,NULL,lccrawresults,2025-03-17
KH,202503,NULL,NULL,fastly,US,131178,NULL,lccrawresults,2025-03-17
KH,202503,NULL,NULL,fastly,US,131207,NULL,lccrawresults,2025-03-17
KH,202503,NULL,NULL,fastly,US,17976,NULL,lccrawresults,2025-03-17
KH,202503,NULL,NULL,fastly,US,23673,NULL,lccrawresults,2025-03-17
KH,202503,NULL,NULL,fastly,US,38235,NULL,lccrawresults,2025-03-17
KH,202503,NULL,NULL,fastly,US,38623,NULL,lccrawresults,2025-03-17
KH,202503,NULL,NULL,fastly,US,38901,NULL,lccrawresults,2025-03-17
KH,202503,NULL,NULL,fastly,US,45498,NULL,lccrawresults,2025-03-17
KH,202503,NULL,NULL,microsoft,US,131178,NULL,lccrawresults,2025-03-17
KH,202503,NULL,NULL,microsoft,US,131207,NULL,lccrawresults,2025-03-17
KH,202503,NULL,NULL,microsoft,US,17976,NULL,lccrawresults,2025-03-17
KH,202503,NULL,NULL,microsoft,US,23673,NULL,lccrawresults,2025-03-17
KH,202503,NULL,NULL,microsoft,US,38235,NULL,lccrawresults,2025-03-17
KH,202503,NULL,NULL,microsoft,US,38623,NULL,lccrawresults,2025-03-17
KH,202503,NULL,NULL,microsoft,US,38901,NULL,lccrawresults,2025-03-17
KH,202503,NULL,NULL,microsoft,US,45498,NULL,lccrawresults,2025-03-17
KH,202504,NULL,NULL,akamai,US,131178,NULL,lccrawresults,2025-04-17
KH,202504,NULL,NULL,akamai,US,131207,NULL,lccrawresults,2025-04-17
KH,202504,NULL,NULL,akamai,US,17976,NULL,lccrawresults,2025-04-17
KH,202504,NULL,NULL,akamai,US,23673,NULL,lccrawresults,2025-04-17
KH,202504,NULL,NULL,akamai,US,38235,NULL,lccrawresults,2025-04-17
KH,202504,NULL,NULL,akamai,US,38623,NULL,lccrawresults,2025-04-17
KH,202504,NULL,NULL,akamai,US,38901,NULL,lccrawresults,2025-04-17
KH,202504,NULL,NULL,akamai,US,45498,NULL,lccrawresults,2025-04-17
KH,202504,NULL,NULL,alibaba,China,131178,NULL,lccrawresults,2025-04-17
KH,202504,NULL,NULL,alibaba,China,131207,NULL,lccrawresults,2025-04-17
KH,202504,NULL,NULL,alibaba,China,17976,NULL,lccrawresults,2025-04-17
KH,202504,NULL,NULL,alibaba,China,23673,NULL,lccrawresults,2025-04-17
KH,202504,NULL,NULL,alibaba,China,38235,NULL,lccrawresults,2025-04-17
KH,202504,NULL,NULL,alibaba,China,38623,NULL,lccrawresults,2025-04-17
KH,202504,NULL,NULL,alibaba,China,38901,NULL,lccrawresults,2025-04-17
KH,202504,NULL,NULL,alibaba,China,45498,NULL,lccrawresults,2025-04-17
KH,202504,NULL,NULL,amazon,US,131178,NULL,lccrawresults,2025-04-17
KH,202504,NULL,NULL,amazon,US,131207,NULL,lccrawresults,2025-04-17
KH,202504,NULL,NULL,amazon,US,17976,NULL,lccrawresults,2025-04-17
KH,202504,NULL,NULL,amazon,US,23673,NULL,lccrawresults,2025-04-17
KH,202504,NULL,NULL,amazon,US,38235,NULL,lccrawresults,2025-04-17
KH,202504,NULL,NULL,amazon,US,38623,NULL,lccrawresults,2025-04-17
KH,202504,NULL,NULL,amazon,US,38901,NULL,lccrawresults,2025-04-17
KH,202504,NULL,NULL,amazon,US,45498,NULL,lccrawresults,2025-04-17
KH,202504,NULL,NULL,cdn77,UK,131178,NULL,lccrawresults,2025-04-17
KH,202504,NULL,NULL,cdn77,UK,131207,NULL,lccrawresults,2025-04-17
KH,202504,NULL,NULL,cdn77,UK,17976,NULL,lccrawresults,2025-04-17
KH,202504,NULL,NULL,cdn77,UK,23673,NULL,lccrawresults,2025-04-17
KH,202504,NULL,NULL,cdn77,UK,38235,NULL,lccrawresults,2025-04-17
KH,202504,NULL,NULL,cdn77,UK,38623,NULL,lccrawresults,2025-04-17
KH,202504,NULL,NULL,cdn77,UK,38901,NULL,lccrawresults,2025-04-17
KH,202504,NULL,NULL,cdn77,UK,45498,NULL,lccrawresults,2025-04-17
KH,202504,NULL,NULL,cloudflare,US,131178,NULL,lccrawresults,2025-04-17
KH,202504,NULL,NULL,cloudflare,US,131207,NULL,lccrawresults,2025-04-17
KH,202504,NULL,NULL,cloudflare,US,17976,NULL,lccrawresults,2025-04-17
KH,202504,NULL,NULL,cloudflare,US,23673,NULL,lccrawresults,2025-04-17
KH,202504,NULL,NULL,cloudflare,US,38235,NULL,lccrawresults,2025-04-17
KH,202504,NULL,NULL,cloudflare,US,38623,NULL,lccrawresults,2025-04-17
KH,202504,NULL,NULL,cloudflare,US,38901,NULL,lccrawresults,2025-04-17
KH,202504,NULL,NULL,cloudflare,US,45498,NULL,lccrawresults,2025-04-17
KH,202504,NULL,NULL,facebook,US,131178,NULL,lccrawresults,2025-04-17
KH,202504,NULL,NULL,facebook,US,131207,NULL,lccrawresults,2025-04-17
KH,202504,NULL,NULL,facebook,US,17976,NULL,lccrawresults,2025-04-17
KH,202504,NULL,NULL,facebook,US,23673,NULL,lccrawresults,2025-04-17
KH,202504,NULL,NULL,facebook,US,38235,NULL,lccrawresults,2025-04-17
KH,202504,NULL,NULL,facebook,US,38623,NULL,lccrawresults,2025-04-17
KH,202504,NULL,NULL,facebook,US,38901,NULL,lccrawresults,2025-04-17
KH,202504,NULL,NULL,facebook,US,45498,NULL,lccrawresults,2025-04-17
KH,202504,NULL,NULL,fastly,US,131178,NULL,lccrawresults,2025-04-17
KH,202504,NULL,NULL,fastly,US,131207,NULL,lccrawresults,2025-04-17
KH,202504,NULL,NULL,fastly,US,17976,NULL,lccrawresults,2025-04-17
KH,202504,NULL,NULL,fastly,US,23673,NULL,lccrawresults,2025-04-17
KH,202504,NULL,NULL,fastly,US,38235,NULL,lccrawresults,2025-04-17
KH,202504,NULL,NULL,fastly,US,38623,NULL,lccrawresults,2025-04-17
KH,202504,NULL,NULL,fastly,US,38901,NULL,lccrawresults,2025-04-17
KH,202504,NULL,NULL,fastly,US,45498,NULL,lccrawresults,2025-04-17
KH,202504,NULL,NULL,microsoft,US,131178,NULL,lccrawresults,2025-04-17
KH,202504,NULL,NULL,microsoft,US,131207,NULL,lccrawresults,2025-04-17
KH,202504,NULL,NULL,microsoft,US,17976,NULL,lccrawresults,2025-04-17
KH,202504,NULL,NULL,microsoft,US,23673,NULL,lccrawresults,2025-04-17
KH,202504,NULL,NULL,microsoft,US,38235,NULL,lccrawresults,2025-04-17
KH,202504,NULL,NULL,microsoft,US,38623,NULL,lccrawresults,2025-04-17
KH,202504,NULL,NULL,microsoft,US,38901,NULL,lccrawresults,2025-04-17
KH,202504,NULL,NULL,microsoft,US,45498,NULL,lccrawresults,2025-04-17
KH,202505,NULL,NULL,akamai,US,131178,NULL,lccrawresults,2025-05-17
KH,202505,NULL,NULL,akamai,US,17976,NULL,lccrawresults,2025-05-17
KH,202505,NULL,NULL,akamai,US,23673,NULL,lccrawresults,2025-05-17
KH,202505,NULL,NULL,akamai,US,24492,NULL,lccrawresults,2025-05-17
KH,202505,NULL,NULL,akamai,US,38235,NULL,lccrawresults,2025-05-17
KH,202505,NULL,NULL,akamai,US,38623,NULL,lccrawresults,2025-05-17
KH,202505,NULL,NULL,akamai,US,38901,NULL,lccrawresults,2025-05-17
KH,202505,NULL,NULL,akamai,US,45498,NULL,lccrawresults,2025-05-17
KH,202505,NULL,NULL,alibaba,China,131178,NULL,lccrawresults,2025-05-17
KH,202505,NULL,NULL,alibaba,China,17976,NULL,lccrawresults,2025-05-17
KH,202505,NULL,NULL,alibaba,China,23673,NULL,lccrawresults,2025-05-17
KH,202505,NULL,NULL,alibaba,China,24492,NULL,lccrawresults,2025-05-17
KH,202505,NULL,NULL,alibaba,China,38235,NULL,lccrawresults,2025-05-17
KH,202505,NULL,NULL,alibaba,China,38623,NULL,lccrawresults,2025-05-17
KH,202505,NULL,NULL,alibaba,China,38901,NULL,lccrawresults,2025-05-17
KH,202505,NULL,NULL,alibaba,China,45498,NULL,lccrawresults,2025-05-17
KH,202505,NULL,NULL,amazon,US,131178,NULL,lccrawresults,2025-05-17
KH,202505,NULL,NULL,amazon,US,17976,NULL,lccrawresults,2025-05-17
KH,202505,NULL,NULL,amazon,US,23673,NULL,lccrawresults,2025-05-17
KH,202505,NULL,NULL,amazon,US,24492,NULL,lccrawresults,2025-05-17
KH,202505,NULL,NULL,amazon,US,38235,NULL,lccrawresults,2025-05-17
KH,202505,NULL,NULL,amazon,US,38623,NULL,lccrawresults,2025-05-17
KH,202505,NULL,NULL,amazon,US,38901,NULL,lccrawresults,2025-05-17
KH,202505,NULL,NULL,amazon,US,45498,NULL,lccrawresults,2025-05-17
KH,202505,NULL,NULL,cdn77,UK,131178,NULL,lccrawresults,2025-05-17
KH,202505,NULL,NULL,cdn77,UK,17976,NULL,lccrawresults,2025-05-17
KH,202505,NULL,NULL,cdn77,UK,23673,NULL,lccrawresults,2025-05-17
KH,202505,NULL,NULL,cdn77,UK,24492,NULL,lccrawresults,2025-05-17
KH,202505,NULL,NULL,cdn77,UK,38235,NULL,lccrawresults,2025-05-17
KH,202505,NULL,NULL,cdn77,UK,38623,NULL,lccrawresults,2025-05-17
KH,202505,NULL,NULL,cdn77,UK,38901,NULL,lccrawresults,2025-05-17
KH,202505,NULL,NULL,cdn77,UK,45498,NULL,lccrawresults,2025-05-17
KH,202505,NULL,NULL,cloudflare,US,131178,NULL,lccrawresults,2025-05-17
KH,202505,NULL,NULL,cloudflare,US,17976,NULL,lccrawresults,2025-05-17
KH,202505,NULL,NULL,cloudflare,US,23673,NULL,lccrawresults,2025-05-17
KH,202505,NULL,NULL,cloudflare,US,24492,NULL,lccrawresults,2025-05-17
KH,202505,NULL,NULL,cloudflare,US,38235,NULL,lccrawresults,2025-05-17
KH,202505,NULL,NULL,cloudflare,US,38623,NULL,lccrawresults,2025-05-17
KH,202505,NULL,NULL,cloudflare,US,38901,NULL,lccrawresults,2025-05-17
KH,202505,NULL,NULL,cloudflare,US,45498,NULL,lccrawresults,2025-05-17
KH,202505,NULL,NULL,facebook,US,131178,NULL,lccrawresults,2025-05-17
KH,202505,NULL,NULL,facebook,US,17976,NULL,lccrawresults,2025-05-17
KH,202505,NULL,NULL,facebook,US,23673,NULL,lccrawresults,2025-05-17
KH,202505,NULL,NULL,facebook,US,24492,NULL,lccrawresults,2025-05-17
KH,202505,NULL,NULL,facebook,US,38235,NULL,lccrawresults,2025-05-17
KH,202505,NULL,NULL,facebook,US,38623,NULL,lccrawresults,2025-05-17
KH,202505,NULL,NULL,facebook,US,38901,NULL,lccrawresults,2025-05-17
KH,202505,NULL,NULL,facebook,US,45498,NULL,lccrawresults,2025-05-17
KH,202505,NULL,NULL,fastly,US,131178,NULL,lccrawresults,2025-05-17
KH,202505,NULL,NULL,fastly,US,17976,NULL,lccrawresults,2025-05-17
KH,202505,NULL,NULL,fastly,US,23673,NULL,lccrawresults,2025-05-17
KH,202505,NULL,NULL,fastly,US,24492,NULL,lccrawresults,2025-05-17
KH,202505,NULL,NULL,fastly,US,38235,NULL,lccrawresults,2025-05-17
KH,202505,NULL,NULL,fastly,US,38623,NULL,lccrawresults,2025-05-17
KH,202505,NULL,NULL,fastly,US,38901,NULL,lccrawresults,2025-05-17
KH,202505,NULL,NULL,fastly,US,45498,NULL,lccrawresults,2025-05-17
KH,202505,NULL,NULL,microsoft,US,131178,NULL,lccrawresults,2025-05-17
KH,202505,NULL,NULL,microsoft,US,17976,NULL,lccrawresults,2025-05-17
KH,202505,NULL,NULL,microsoft,US,23673,NULL,lccrawresults,2025-05-17
KH,202505,NULL,NULL,microsoft,US,24492,NULL,lccrawresults,2025-05-17
KH,202505,NULL,NULL,microsoft,US,38235,NULL,lccrawresults,2025-05-17
KH,202505,NULL,NULL,microsoft,US,38623,NULL,lccrawresults,2025-05-17
KH,202505,NULL,NULL,microsoft,US,38901,NULL,lccrawresults,2025-05-17
KH,202505,NULL,NULL,microsoft,US,45498,NULL,lccrawresults,2025-05-17
KH,202506,NULL,NULL,akamai,US,131178,NULL,lccrawresults,2025-06-17
KH,202506,NULL,NULL,akamai,US,17976,NULL,lccrawresults,2025-06-17
KH,202506,NULL,NULL,akamai,US,23673,NULL,lccrawresults,2025-06-17
KH,202506,NULL,NULL,akamai,US,24492,NULL,lccrawresults,2025-06-17
KH,202506,NULL,NULL,akamai,US,38235,NULL,lccrawresults,2025-06-17
KH,202506,NULL,NULL,akamai,US,38623,NULL,lccrawresults,2025-06-17
KH,202506,NULL,NULL,akamai,US,38901,NULL,lccrawresults,2025-06-17
KH,202506,NULL,NULL,akamai,US,45498,NULL,lccrawresults,2025-06-17
KH,202506,NULL,NULL,alibaba,China,131178,NULL,lccrawresults,2025-06-17
KH,202506,NULL,NULL,alibaba,China,17976,NULL,lccrawresults,2025-06-17
KH,202506,NULL,NULL,alibaba,China,23673,NULL,lccrawresults,2025-06-17
KH,202506,NULL,NULL,alibaba,China,24492,NULL,lccrawresults,2025-06-17
KH,202506,NULL,NULL,alibaba,China,38235,NULL,lccrawresults,2025-06-17
KH,202506,NULL,NULL,alibaba,China,38623,NULL,lccrawresults,2025-06-17
KH,202506,NULL,NULL,alibaba,China,38901,NULL,lccrawresults,2025-06-17
KH,202506,NULL,NULL,alibaba,China,45498,NULL,lccrawresults,2025-06-17
KH,202506,NULL,NULL,amazon,US,131178,NULL,lccrawresults,2025-06-17
KH,202506,NULL,NULL,amazon,US,17976,NULL,lccrawresults,2025-06-17
KH,202506,NULL,NULL,amazon,US,23673,NULL,lccrawresults,2025-06-17
KH,202506,NULL,NULL,amazon,US,24492,NULL,lccrawresults,2025-06-17
KH,202506,NULL,NULL,amazon,US,38235,NULL,lccrawresults,2025-06-17
KH,202506,NULL,NULL,amazon,US,38623,NULL,lccrawresults,2025-06-17
KH,202506,NULL,NULL,amazon,US,38901,NULL,lccrawresults,2025-06-17
KH,202506,NULL,NULL,amazon,US,45498,NULL,lccrawresults,2025-06-17
KH,202506,NULL,NULL,cloudflare,US,131178,NULL,lccrawresults,2025-06-17
KH,202506,NULL,NULL,cloudflare,US,17976,NULL,lccrawresults,2025-06-17
KH,202506,NULL,NULL,cloudflare,US,23673,NULL,lccrawresults,2025-06-17
KH,202506,NULL,NULL,cloudflare,US,24492,NULL,lccrawresults,2025-06-17
KH,202506,NULL,NULL,cloudflare,US,38235,NULL,lccrawresults,2025-06-17
KH,202506,NULL,NULL,cloudflare,US,38623,NULL,lccrawresults,2025-06-17
KH,202506,NULL,NULL,cloudflare,US,38901,NULL,lccrawresults,2025-06-17
KH,202506,NULL,NULL,cloudflare,US,45498,NULL,lccrawresults,2025-06-17
KH,202506,NULL,NULL,facebook,US,131178,NULL,lccrawresults,2025-06-17
KH,202506,NULL,NULL,facebook,US,17976,NULL,lccrawresults,2025-06-17
KH,202506,NULL,NULL,facebook,US,23673,NULL,lccrawresults,2025-06-17
KH,202506,NULL,NULL,facebook,US,24492,NULL,lccrawresults,2025-06-17
KH,202506,NULL,NULL,facebook,US,38235,NULL,lccrawresults,2025-06-17
KH,202506,NULL,NULL,facebook,US,38623,NULL,lccrawresults,2025-06-17
KH,202506,NULL,NULL,facebook,US,38901,NULL,lccrawresults,2025-06-17
KH,202506,NULL,NULL,facebook,US,45498,NULL,lccrawresults,2025-06-17
KH,202506,NULL,NULL,fastly,US,131178,NULL,lccrawresults,2025-06-17
KH,202506,NULL,NULL,fastly,US,17976,NULL,lccrawresults,2025-06-17
KH,202506,NULL,NULL,fastly,US,23673,NULL,lccrawresults,2025-06-17
KH,202506,NULL,NULL,fastly,US,24492,NULL,lccrawresults,2025-06-17
KH,202506,NULL,NULL,fastly,US,38235,NULL,lccrawresults,2025-06-17
KH,202506,NULL,NULL,fastly,US,38623,NULL,lccrawresults,2025-06-17
KH,202506,NULL,NULL,fastly,US,38901,NULL,lccrawresults,2025-06-17
KH,202506,NULL,NULL,fastly,US,45498,NULL,lccrawresults,2025-06-17
KH,202506,NULL,NULL,microsoft,US,131178,NULL,lccrawresults,2025-06-17
KH,202506,NULL,NULL,microsoft,US,17976,NULL,lccrawresults,2025-06-17
KH,202506,NULL,NULL,microsoft,US,23673,NULL,lccrawresults,2025-06-17
KH,202506,NULL,NULL,microsoft,US,24492,NULL,lccrawresults,2025-06-17
KH,202506,NULL,NULL,microsoft,US,38235,NULL,lccrawresults,2025-06-17
KH,202506,NULL,NULL,microsoft,US,38623,NULL,lccrawresults,2025-06-17
KH,202506,NULL,NULL,microsoft,US,38901,NULL,lccrawresults,2025-06-17
KH,202506,NULL,NULL,microsoft,US,45498,NULL,lccrawresults,2025-06-17
KH,202507,NULL,NULL,akamai,US,131178,NULL,lccrawresults,2025-07-17
KH,202507,NULL,NULL,akamai,US,131207,NULL,lccrawresults,2025-07-17
KH,202507,NULL,NULL,akamai,US,17976,NULL,lccrawresults,2025-07-17
KH,202507,NULL,NULL,akamai,US,23673,NULL,lccrawresults,2025-07-17
KH,202507,NULL,NULL,akamai,US,38235,NULL,lccrawresults,2025-07-17
KH,202507,NULL,NULL,akamai,US,38623,NULL,lccrawresults,2025-07-17
KH,202507,NULL,NULL,akamai,US,38901,NULL,lccrawresults,2025-07-17
KH,202507,NULL,NULL,akamai,US,45498,NULL,lccrawresults,2025-07-17
KH,202507,NULL,NULL,alibaba,China,131178,NULL,lccrawresults,2025-07-17
KH,202507,NULL,NULL,alibaba,China,131207,NULL,lccrawresults,2025-07-17
KH,202507,NULL,NULL,alibaba,China,17976,NULL,lccrawresults,2025-07-17
KH,202507,NULL,NULL,alibaba,China,23673,NULL,lccrawresults,2025-07-17
KH,202507,NULL,NULL,alibaba,China,38235,NULL,lccrawresults,2025-07-17
KH,202507,NULL,NULL,alibaba,China,38623,NULL,lccrawresults,2025-07-17
KH,202507,NULL,NULL,alibaba,China,38901,NULL,lccrawresults,2025-07-17
KH,202507,NULL,NULL,alibaba,China,45498,NULL,lccrawresults,2025-07-17
KH,202507,NULL,NULL,amazon,US,131178,NULL,lccrawresults,2025-07-17
KH,202507,NULL,NULL,amazon,US,131207,NULL,lccrawresults,2025-07-17
KH,202507,NULL,NULL,amazon,US,17976,NULL,lccrawresults,2025-07-17
KH,202507,NULL,NULL,amazon,US,23673,NULL,lccrawresults,2025-07-17
KH,202507,NULL,NULL,amazon,US,38235,NULL,lccrawresults,2025-07-17
KH,202507,NULL,NULL,amazon,US,38623,NULL,lccrawresults,2025-07-17
KH,202507,NULL,NULL,amazon,US,38901,NULL,lccrawresults,2025-07-17
KH,202507,NULL,NULL,amazon,US,45498,NULL,lccrawresults,2025-07-17
KH,202507,NULL,NULL,cloudflare,US,131178,NULL,lccrawresults,2025-07-17
KH,202507,NULL,NULL,cloudflare,US,131207,NULL,lccrawresults,2025-07-17
KH,202507,NULL,NULL,cloudflare,US,17976,NULL,lccrawresults,2025-07-17
KH,202507,NULL,NULL,cloudflare,US,23673,NULL,lccrawresults,2025-07-17
KH,202507,NULL,NULL,cloudflare,US,38235,NULL,lccrawresults,2025-07-17
KH,202507,NULL,NULL,cloudflare,US,38623,NULL,lccrawresults,2025-07-17
KH,202507,NULL,NULL,cloudflare,US,38901,NULL,lccrawresults,2025-07-17
KH,202507,NULL,NULL,cloudflare,US,45498,NULL,lccrawresults,2025-07-17
KH,202507,NULL,NULL,facebook,US,131178,NULL,lccrawresults,2025-07-17
KH,202507,NULL,NULL,facebook,US,131207,NULL,lccrawresults,2025-07-17
KH,202507,NULL,NULL,facebook,US,17976,NULL,lccrawresults,2025-07-17
KH,202507,NULL,NULL,facebook,US,23673,NULL,lccrawresults,2025-07-17
KH,202507,NULL,NULL,facebook,US,38235,NULL,lccrawresults,2025-07-17
KH,202507,NULL,NULL,facebook,US,38623,NULL,lccrawresults,2025-07-17
KH,202507,NULL,NULL,facebook,US,38901,NULL,lccrawresults,2025-07-17
KH,202507,NULL,NULL,facebook,US,45498,NULL,lccrawresults,2025-07-17
KH,202507,NULL,NULL,fastly,US,131178,NULL,lccrawresults,2025-07-17
KH,202507,NULL,NULL,fastly,US,131207,NULL,lccrawresults,2025-07-17
KH,202507,NULL,NULL,fastly,US,17976,NULL,lccrawresults,2025-07-17
KH,202507,NULL,NULL,fastly,US,23673,NULL,lccrawresults,2025-07-17
KH,202507,NULL,NULL,fastly,US,38235,NULL,lccrawresults,2025-07-17
KH,202507,NULL,NULL,fastly,US,38623,NULL,lccrawresults,2025-07-17
KH,202507,NULL,NULL,fastly,US,38901,NULL,lccrawresults,2025-07-17
KH,202507,NULL,NULL,fastly,US,45498,NULL,lccrawresults,2025-07-17
KH,202507,NULL,NULL,microsoft,US,131178,NULL,lccrawresults,2025-07-17
KH,202507,NULL,NULL,microsoft,US,131207,NULL,lccrawresults,2025-07-17
KH,202507,NULL,NULL,microsoft,US,17976,NULL,lccrawresults,2025-07-17
KH,202507,NULL,NULL,microsoft,US,23673,NULL,lccrawresults,2025-07-17
KH,202507,NULL,NULL,microsoft,US,38235,NULL,lccrawresults,2025-07-17
KH,202507,NULL,NULL,microsoft,US,38623,NULL,lccrawresults,2025-07-17
KH,202507,NULL,NULL,microsoft,US,38901,NULL,lccrawresults,2025-07-17
KH,202507,NULL,NULL,microsoft,US,45498,NULL,lccrawresults,2025-07-17
KH,202508,NULL,NULL,akamai,US,131178,NULL,lccrawresults,2025-08-17
KH,202508,NULL,NULL,akamai,US,17976,NULL,lccrawresults,2025-08-17
KH,202508,NULL,NULL,akamai,US,23673,NULL,lccrawresults,2025-08-17
KH,202508,NULL,NULL,akamai,US,24492,NULL,lccrawresults,2025-08-17
KH,202508,NULL,NULL,akamai,US,38235,NULL,lccrawresults,2025-08-17
KH,202508,NULL,NULL,akamai,US,38623,NULL,lccrawresults,2025-08-17
KH,202508,NULL,NULL,akamai,US,38901,NULL,lccrawresults,2025-08-17
KH,202508,NULL,NULL,alibaba,China,131178,NULL,lccrawresults,2025-08-17
KH,202508,NULL,NULL,alibaba,China,17976,NULL,lccrawresults,2025-08-17
KH,202508,NULL,NULL,alibaba,China,23673,NULL,lccrawresults,2025-08-17
KH,202508,NULL,NULL,alibaba,China,24492,NULL,lccrawresults,2025-08-17
KH,202508,NULL,NULL,alibaba,China,38235,NULL,lccrawresults,2025-08-17
KH,202508,NULL,NULL,alibaba,China,38623,NULL,lccrawresults,2025-08-17
KH,202508,NULL,NULL,alibaba,China,38901,NULL,lccrawresults,2025-08-17
KH,202508,NULL,NULL,amazon,US,131178,NULL,lccrawresults,2025-08-17
KH,202508,NULL,NULL,amazon,US,17976,NULL,lccrawresults,2025-08-17
KH,202508,NULL,NULL,amazon,US,23673,NULL,lccrawresults,2025-08-17
KH,202508,NULL,NULL,amazon,US,24492,NULL,lccrawresults,2025-08-17
KH,202508,NULL,NULL,amazon,US,38235,NULL,lccrawresults,2025-08-17
KH,202508,NULL,NULL,amazon,US,38623,NULL,lccrawresults,2025-08-17
KH,202508,NULL,NULL,amazon,US,38901,NULL,lccrawresults,2025-08-17
KH,202508,NULL,NULL,cdn77,UK,131178,NULL,lccrawresults,2025-08-17
KH,202508,NULL,NULL,cdn77,UK,17976,NULL,lccrawresults,2025-08-17
KH,202508,NULL,NULL,cdn77,UK,23673,NULL,lccrawresults,2025-08-17
KH,202508,NULL,NULL,cdn77,UK,24492,NULL,lccrawresults,2025-08-17
KH,202508,NULL,NULL,cdn77,UK,38235,NULL,lccrawresults,2025-08-17
KH,202508,NULL,NULL,cdn77,UK,38623,NULL,lccrawresults,2025-08-17
KH,202508,NULL,NULL,cdn77,UK,38901,NULL,lccrawresults,2025-08-17
KH,202508,NULL,NULL,cloudflare,US,131178,NULL,lccrawresults,2025-08-17
KH,202508,NULL,NULL,cloudflare,US,17976,NULL,lccrawresults,2025-08-17
KH,202508,NULL,NULL,cloudflare,US,23673,NULL,lccrawresults,2025-08-17
KH,202508,NULL,NULL,cloudflare,US,24492,NULL,lccrawresults,2025-08-17
KH,202508,NULL,NULL,cloudflare,US,38235,NULL,lccrawresults,2025-08-17
KH,202508,NULL,NULL,cloudflare,US,38623,NULL,lccrawresults,2025-08-17
KH,202508,NULL,NULL,cloudflare,US,38901,NULL,lccrawresults,2025-08-17
KH,202508,NULL,NULL,facebook,US,131178,NULL,lccrawresults,2025-08-17
KH,202508,NULL,NULL,facebook,US,17976,NULL,lccrawresults,2025-08-17
KH,202508,NULL,NULL,facebook,US,23673,NULL,lccrawresults,2025-08-17
KH,202508,NULL,NULL,facebook,US,24492,NULL,lccrawresults,2025-08-17
KH,202508,NULL,NULL,facebook,US,38235,NULL,lccrawresults,2025-08-17
KH,202508,NULL,NULL,facebook,US,38623,NULL,lccrawresults,2025-08-17
KH,202508,NULL,NULL,facebook,US,38901,NULL,lccrawresults,2025-08-17
KH,202508,NULL,NULL,fastly,US,131178,NULL,lccrawresults,2025-08-17
KH,202508,NULL,NULL,fastly,US,17976,NULL,lccrawresults,2025-08-17
KH,202508,NULL,NULL,fastly,US,23673,NULL,lccrawresults,2025-08-17
KH,202508,NULL,NULL,fastly,US,24492,NULL,lccrawresults,2025-08-17
KH,202508,NULL,NULL,fastly,US,38235,NULL,lccrawresults,2025-08-17
KH,202508,NULL,NULL,fastly,US,38623,NULL,lccrawresults,2025-08-17
KH,202508,NULL,NULL,fastly,US,38901,NULL,lccrawresults,2025-08-17
KH,202508,NULL,NULL,microsoft,US,131178,NULL,lccrawresults,2025-08-17
KH,202508,NULL,NULL,microsoft,US,17976,NULL,lccrawresults,2025-08-17
KH,202508,NULL,NULL,microsoft,US,23673,NULL,lccrawresults,2025-08-17
KH,202508,NULL,NULL,microsoft,US,24492,NULL,lccrawresults,2025-08-17
KH,202508,NULL,NULL,microsoft,US,38235,NULL,lccrawresults,2025-08-17
KH,202508,NULL,NULL,microsoft,US,38623,NULL,lccrawresults,2025-08-17
KH,202508,NULL,NULL,microsoft,US,38901,NULL,lccrawresults,2025-08-17
KH,202509,NULL,NULL,akamai,US,131178,NULL,lccrawresults,2025-09-17
KH,202509,NULL,NULL,akamai,US,17976,NULL,lccrawresults,2025-09-17
KH,202509,NULL,NULL,akamai,US,23673,NULL,lccrawresults,2025-09-17
KH,202509,NULL,NULL,akamai,US,38235,NULL,lccrawresults,2025-09-17
KH,202509,NULL,NULL,akamai,US,38623,NULL,lccrawresults,2025-09-17
KH,202509,NULL,NULL,akamai,US,38901,NULL,lccrawresults,2025-09-17
KH,202509,NULL,NULL,akamai,US,45498,NULL,lccrawresults,2025-09-17
KH,202509,NULL,NULL,alibaba,China,17976,NULL,lccrawresults,2025-09-17
KH,202509,NULL,NULL,alibaba,China,23673,NULL,lccrawresults,2025-09-17
KH,202509,NULL,NULL,alibaba,China,38235,NULL,lccrawresults,2025-09-17
KH,202509,NULL,NULL,alibaba,China,38623,NULL,lccrawresults,2025-09-17
KH,202509,NULL,NULL,alibaba,China,38901,NULL,lccrawresults,2025-09-17
KH,202509,NULL,NULL,alibaba,China,45498,NULL,lccrawresults,2025-09-17
KH,202509,NULL,NULL,amazon,US,17976,NULL,lccrawresults,2025-09-17
KH,202509,NULL,NULL,amazon,US,23673,NULL,lccrawresults,2025-09-17
KH,202509,NULL,NULL,amazon,US,38235,NULL,lccrawresults,2025-09-17
KH,202509,NULL,NULL,amazon,US,38623,NULL,lccrawresults,2025-09-17
KH,202509,NULL,NULL,amazon,US,38901,NULL,lccrawresults,2025-09-17
KH,202509,NULL,NULL,amazon,US,45498,NULL,lccrawresults,2025-09-17
KH,202509,NULL,NULL,cdn77,UK,131178,NULL,lccrawresults,2025-09-17
KH,202509,NULL,NULL,cdn77,UK,17976,NULL,lccrawresults,2025-09-17
KH,202509,NULL,NULL,cdn77,UK,23673,NULL,lccrawresults,2025-09-17
KH,202509,NULL,NULL,cdn77,UK,38235,NULL,lccrawresults,2025-09-17
KH,202509,NULL,NULL,cdn77,UK,38623,NULL,lccrawresults,2025-09-17
KH,202509,NULL,NULL,cdn77,UK,38901,NULL,lccrawresults,2025-09-17
KH,202509,NULL,NULL,cdn77,UK,45498,NULL,lccrawresults,2025-09-17
KH,202509,NULL,NULL,cloudflare,US,131178,NULL,lccrawresults,2025-09-17
KH,202509,NULL,NULL,cloudflare,US,17976,NULL,lccrawresults,2025-09-17
KH,202509,NULL,NULL,cloudflare,US,23673,NULL,lccrawresults,2025-09-17
KH,202509,NULL,NULL,cloudflare,US,38235,NULL,lccrawresults,2025-09-17
KH,202509,NULL,NULL,cloudflare,US,38623,NULL,lccrawresults,2025-09-17
KH,202509,NULL,NULL,cloudflare,US,38901,NULL,lccrawresults,2025-09-17
KH,202509,NULL,NULL,cloudflare,US,45498,NULL,lccrawresults,2025-09-17
KH,202509,NULL,NULL,facebook,US,17976,NULL,lccrawresults,2025-09-17
KH,202509,NULL,NULL,facebook,US,23673,NULL,lccrawresults,2025-09-17
KH,202509,NULL,NULL,facebook,US,38235,NULL,lccrawresults,2025-09-17
KH,202509,NULL,NULL,facebook,US,38623,NULL,lccrawresults,2025-09-17
KH,202509,NULL,NULL,facebook,US,38901,NULL,lccrawresults,2025-09-17
KH,202509,NULL,NULL,facebook,US,45498,NULL,lccrawresults,2025-09-17
KH,202509,NULL,NULL,fastly,US,131178,NULL,lccrawresults,2025-09-17
KH,202509,NULL,NULL,fastly,US,17976,NULL,lccrawresults,2025-09-17
KH,202509,NULL,NULL,fastly,US,23673,NULL,lccrawresults,2025-09-17
KH,202509,NULL,NULL,fastly,US,38235,NULL,lccrawresults,2025-09-17
KH,202509,NULL,NULL,fastly,US,38623,NULL,lccrawresults,2025-09-17
KH,202509,NULL,NULL,fastly,US,38901,NULL,lccrawresults,2025-09-17
KH,202509,NULL,NULL,fastly,US,45498,NULL,lccrawresults,2025-09-17
KH,202509,NULL,NULL,microsoft,US,131178,NULL,lccrawresults,2025-09-17
KH,202509,NULL,NULL,microsoft,US,17976,NULL,lccrawresults,2025-09-17
KH,202509,NULL,NULL,microsoft,US,23673,NULL,lccrawresults,2025-09-17
KH,202509,NULL,NULL,microsoft,US,38235,NULL,lccrawresults,2025-09-17
KH,202509,NULL,NULL,microsoft,US,38623,NULL,lccrawresults,2025-09-17
KH,202509,NULL,NULL,microsoft,US,38901,NULL,lccrawresults,2025-09-17
KH,202509,NULL,NULL,microsoft,US,45498,NULL,lccrawresults,2025-09-17
KH,202510,NULL,NULL,akamai,US,17976,NULL,lccrawresults,2025-10-17
KH,202510,NULL,NULL,akamai,US,23673,NULL,lccrawresults,2025-10-17
KH,202510,NULL,NULL,akamai,US,24492,NULL,lccrawresults,2025-10-17
KH,202510,NULL,NULL,akamai,US,38623,NULL,lccrawresults,2025-10-17
KH,202510,NULL,NULL,akamai,US,38901,NULL,lccrawresults,2025-10-17
KH,202510,NULL,NULL,akamai,US,45498,NULL,lccrawresults,2025-10-17
KH,202510,NULL,NULL,alibaba,China,17976,NULL,lccrawresults,2025-10-17
KH,202510,NULL,NULL,alibaba,China,23673,NULL,lccrawresults,2025-10-17
KH,202510,NULL,NULL,alibaba,China,24492,NULL,lccrawresults,2025-10-17
KH,202510,NULL,NULL,alibaba,China,38623,NULL,lccrawresults,2025-10-17
KH,202510,NULL,NULL,alibaba,China,38901,NULL,lccrawresults,2025-10-17
KH,202510,NULL,NULL,alibaba,China,45498,NULL,lccrawresults,2025-10-17
KH,202510,NULL,NULL,amazon,US,17976,NULL,lccrawresults,2025-10-17
KH,202510,NULL,NULL,amazon,US,23673,NULL,lccrawresults,2025-10-17
KH,202510,NULL,NULL,amazon,US,24492,NULL,lccrawresults,2025-10-17
KH,202510,NULL,NULL,amazon,US,38623,NULL,lccrawresults,2025-10-17
KH,202510,NULL,NULL,amazon,US,38901,NULL,lccrawresults,2025-10-17
KH,202510,NULL,NULL,amazon,US,45498,NULL,lccrawresults,2025-10-17
KH,202510,NULL,NULL,cdn77,UK,17976,NULL,lccrawresults,2025-10-17
KH,202510,NULL,NULL,cdn77,UK,23673,NULL,lccrawresults,2025-10-17
KH,202510,NULL,NULL,cdn77,UK,24492,NULL,lccrawresults,2025-10-17
KH,202510,NULL,NULL,cdn77,UK,38623,NULL,lccrawresults,2025-10-17
KH,202510,NULL,NULL,cdn77,UK,38901,NULL,lccrawresults,2025-10-17
KH,202510,NULL,NULL,cdn77,UK,45498,NULL,lccrawresults,2025-10-17
KH,202510,NULL,NULL,cloudflare,US,17976,NULL,lccrawresults,2025-10-17
KH,202510,NULL,NULL,cloudflare,US,23673,NULL,lccrawresults,2025-10-17
KH,202510,NULL,NULL,cloudflare,US,24492,NULL,lccrawresults,2025-10-17
KH,202510,NULL,NULL,cloudflare,US,38623,NULL,lccrawresults,2025-10-17
KH,202510,NULL,NULL,cloudflare,US,38901,NULL,lccrawresults,2025-10-17
KH,202510,NULL,NULL,cloudflare,US,45498,NULL,lccrawresults,2025-10-17
KH,202510,NULL,NULL,facebook,US,17976,NULL,lccrawresults,2025-10-17
KH,202510,NULL,NULL,facebook,US,23673,NULL,lccrawresults,2025-10-17
KH,202510,NULL,NULL,facebook,US,24492,NULL,lccrawresults,2025-10-17
KH,202510,NULL,NULL,facebook,US,38623,NULL,lccrawresults,2025-10-17
KH,202510,NULL,NULL,facebook,US,38901,NULL,lccrawresults,2025-10-17
KH,202510,NULL,NULL,facebook,US,45498,NULL,lccrawresults,2025-10-17
KH,202510,NULL,NULL,fastly,US,17976,NULL,lccrawresults,2025-10-17
KH,202510,NULL,NULL,fastly,US,23673,NULL,lccrawresults,2025-10-17
KH,202510,NULL,NULL,fastly,US,24492,NULL,lccrawresults,2025-10-17
KH,202510,NULL,NULL,fastly,US,38623,NULL,lccrawresults,2025-10-17
KH,202510,NULL,NULL,fastly,US,38901,NULL,lccrawresults,2025-10-17
KH,202510,NULL,NULL,fastly,US,45498,NULL,lccrawresults,2025-10-17
KH,202510,NULL,NULL,microsoft,US,17976,NULL,lccrawresults,2025-10-17
KH,202510,NULL,NULL,microsoft,US,23673,NULL,lccrawresults,2025-10-17
KH,202510,NULL,NULL,microsoft,US,24492,NULL,lccrawresults,2025-10-17
KH,202510,NULL,NULL,microsoft,US,38623,NULL,lccrawresults,2025-10-17
KH,202510,NULL,NULL,microsoft,US,38901,NULL,lccrawresults,2025-10-17
KH,202510,NULL,NULL,microsoft,US,45498,NULL,lccrawresults,2025-10-17
KH,202511,NULL,NULL,akamai,US,17976,NULL,lccrawresults,2025-11-17
KH,202511,NULL,NULL,akamai,US,23673,NULL,lccrawresults,2025-11-17
KH,202511,NULL,NULL,akamai,US,38235,NULL,lccrawresults,2025-11-17
KH,202511,NULL,NULL,akamai,US,38623,NULL,lccrawresults,2025-11-17
KH,202511,NULL,NULL,akamai,US,38901,NULL,lccrawresults,2025-11-17
KH,202511,NULL,NULL,akamai,US,45498,NULL,lccrawresults,2025-11-17
KH,202511,NULL,NULL,alibaba,China,17976,NULL,lccrawresults,2025-11-17
KH,202511,NULL,NULL,alibaba,China,23673,NULL,lccrawresults,2025-11-17
KH,202511,NULL,NULL,alibaba,China,38235,NULL,lccrawresults,2025-11-17
KH,202511,NULL,NULL,alibaba,China,38623,NULL,lccrawresults,2025-11-17
KH,202511,NULL,NULL,alibaba,China,38901,NULL,lccrawresults,2025-11-17
KH,202511,NULL,NULL,alibaba,China,45498,NULL,lccrawresults,2025-11-17
KH,202511,NULL,NULL,amazon,US,17976,NULL,lccrawresults,2025-11-17
KH,202511,NULL,NULL,amazon,US,23673,NULL,lccrawresults,2025-11-17
KH,202511,NULL,NULL,amazon,US,38235,NULL,lccrawresults,2025-11-17
KH,202511,NULL,NULL,amazon,US,38623,NULL,lccrawresults,2025-11-17
KH,202511,NULL,NULL,amazon,US,38901,NULL,lccrawresults,2025-11-17
KH,202511,NULL,NULL,amazon,US,45498,NULL,lccrawresults,2025-11-17
KH,202511,NULL,NULL,cdn77,UK,17976,NULL,lccrawresults,2025-11-17
KH,202511,NULL,NULL,cdn77,UK,23673,NULL,lccrawresults,2025-11-17
KH,202511,NULL,NULL,cdn77,UK,38235,NULL,lccrawresults,2025-11-17
KH,202511,NULL,NULL,cdn77,UK,38623,NULL,lccrawresults,2025-11-17
KH,202511,NULL,NULL,cdn77,UK,38901,NULL,lccrawresults,2025-11-17
KH,202511,NULL,NULL,cdn77,UK,45498,NULL,lccrawresults,2025-11-17
KH,202511,NULL,NULL,cloudflare,US,17976,NULL,lccrawresults,2025-11-17
KH,202511,NULL,NULL,cloudflare,US,23673,NULL,lccrawresults,2025-11-17
KH,202511,NULL,NULL,cloudflare,US,38235,NULL,lccrawresults,2025-11-17
KH,202511,NULL,NULL,cloudflare,US,38623,NULL,lccrawresults,2025-11-17
KH,202511,NULL,NULL,cloudflare,US,38901,NULL,lccrawresults,2025-11-17
KH,202511,NULL,NULL,cloudflare,US,45498,NULL,lccrawresults,2025-11-17
KH,202511,NULL,NULL,facebook,US,17976,NULL,lccrawresults,2025-11-17
KH,202511,NULL,NULL,facebook,US,23673,NULL,lccrawresults,2025-11-17
KH,202511,NULL,NULL,facebook,US,38235,NULL,lccrawresults,2025-11-17
KH,202511,NULL,NULL,facebook,US,38623,NULL,lccrawresults,2025-11-17
KH,202511,NULL,NULL,facebook,US,38901,NULL,lccrawresults,2025-11-17
KH,202511,NULL,NULL,facebook,US,45498,NULL,lccrawresults,2025-11-17
KH,202511,NULL,NULL,fastly,US,17976,NULL,lccrawresults,2025-11-17
KH,202511,NULL,NULL,fastly,US,23673,NULL,lccrawresults,2025-11-17
KH,202511,NULL,NULL,fastly,US,38235,NULL,lccrawresults,2025-11-17
KH,202511,NULL,NULL,fastly,US,38623,NULL,lccrawresults,2025-11-17
KH,202511,NULL,NULL,fastly,US,38901,NULL,lccrawresults,2025-11-17
KH,202511,NULL,NULL,fastly,US,45498,NULL,lccrawresults,2025-11-17
KH,202511,NULL,NULL,microsoft,US,17976,NULL,lccrawresults,2025-11-17
KH,202511,NULL,NULL,microsoft,US,23673,NULL,lccrawresults,2025-11-17
KH,202511,NULL,NULL,microsoft,US,38235,NULL,lccrawresults,2025-11-17
KH,202511,NULL,NULL,microsoft,US,38623,NULL,lccrawresults,2025-11-17
KH,202511,NULL,NULL,microsoft,US,38901,NULL,lccrawresults,2025-11-17
KH,202511,NULL,NULL,microsoft,US,45498,NULL,lccrawresults,2025-11-17
KH,202512,NULL,NULL,akamai,US,17976,NULL,lccrawresults,2025-12-17
KH,202512,NULL,NULL,akamai,US,23673,NULL,lccrawresults,2025-12-17
KH,202512,NULL,NULL,akamai,US,38235,NULL,lccrawresults,2025-12-17
KH,202512,NULL,NULL,akamai,US,38623,NULL,lccrawresults,2025-12-17
KH,202512,NULL,NULL,akamai,US,38901,NULL,lccrawresults,2025-12-17
KH,202512,NULL,NULL,akamai,US,45498,NULL,lccrawresults,2025-12-17
KH,202512,NULL,NULL,alibaba,China,17976,NULL,lccrawresults,2025-12-17
KH,202512,NULL,NULL,alibaba,China,23673,NULL,lccrawresults,2025-12-17
KH,202512,NULL,NULL,alibaba,China,38235,NULL,lccrawresults,2025-12-17
KH,202512,NULL,NULL,alibaba,China,38623,NULL,lccrawresults,2025-12-17
KH,202512,NULL,NULL,alibaba,China,38901,NULL,lccrawresults,2025-12-17
KH,202512,NULL,NULL,alibaba,China,45498,NULL,lccrawresults,2025-12-17
KH,202512,NULL,NULL,amazon,US,17976,NULL,lccrawresults,2025-12-17
KH,202512,NULL,NULL,amazon,US,23673,NULL,lccrawresults,2025-12-17
KH,202512,NULL,NULL,amazon,US,38901,NULL,lccrawresults,2025-12-17
KH,202512,NULL,NULL,amazon,US,45498,NULL,lccrawresults,2025-12-17
KH,202512,NULL,NULL,cdn77,UK,17976,NULL,lccrawresults,2025-12-17
KH,202512,NULL,NULL,cdn77,UK,23673,NULL,lccrawresults,2025-12-17
KH,202512,NULL,NULL,cdn77,UK,38623,NULL,lccrawresults,2025-12-17
KH,202512,NULL,NULL,cdn77,UK,38901,NULL,lccrawresults,2025-12-17
KH,202512,NULL,NULL,cdn77,UK,45498,NULL,lccrawresults,2025-12-17
KH,202512,NULL,NULL,cloudflare,US,17976,NULL,lccrawresults,2025-12-17
KH,202512,NULL,NULL,cloudflare,US,23673,NULL,lccrawresults,2025-12-17
KH,202512,NULL,NULL,cloudflare,US,38623,NULL,lccrawresults,2025-12-17
KH,202512,NULL,NULL,cloudflare,US,38901,NULL,lccrawresults,2025-12-17
KH,202512,NULL,NULL,cloudflare,US,45498,NULL,lccrawresults,2025-12-17
KH,202512,NULL,NULL,facebook,US,17976,NULL,lccrawresults,2025-12-17
KH,202512,NULL,NULL,facebook,US,23673,NULL,lccrawresults,2025-12-17
KH,202512,NULL,NULL,facebook,US,38235,NULL,lccrawresults,2025-12-17
KH,202512,NULL,NULL,facebook,US,38623,NULL,lccrawresults,2025-12-17
KH,202512,NULL,NULL,facebook,US,38901,NULL,lccrawresults,2025-12-17
KH,202512,NULL,NULL,facebook,US,45498,NULL,lccrawresults,2025-12-17
KH,202512,NULL,NULL,fastly,US,17976,NULL,lccrawresults,2025-12-17
KH,202512,NULL,NULL,fastly,US,23673,NULL,lccrawresults,2025-12-17
KH,202512,NULL,NULL,fastly,US,38235,NULL,lccrawresults,2025-12-17
KH,202512,NULL,NULL,fastly,US,38623,NULL,lccrawresults,2025-12-17
KH,202512,NULL,NULL,fastly,US,38901,NULL,lccrawresults,2025-12-17
KH,202512,NULL,NULL,fastly,US,45498,NULL,lccrawresults,2025-12-17
KH,202512,NULL,NULL,microsoft,US,17976,NULL,lccrawresults,2025-12-17
KH,202512,NULL,NULL,microsoft,US,23673,NULL,lccrawresults,2025-12-17
KH,202512,NULL,NULL,microsoft,US,38235,NULL,lccrawresults,2025-12-17
KH,202512,NULL,NULL,microsoft,US,38623,NULL,lccrawresults,2025-12-17
KH,202512,NULL,NULL,microsoft,US,38901,NULL,lccrawresults,2025-12-17
KH,202512,NULL,NULL,microsoft,US,45498,NULL,lccrawresults,2025-12-17
KH,202601,NULL,NULL,akamai,US,131178,NULL,lccrawresults,2026-01-17
KH,202601,NULL,NULL,akamai,US,17976,NULL,lccrawresults,2026-01-17
KH,202601,NULL,NULL,akamai,US,38235,NULL,lccrawresults,2026-01-17
KH,202601,NULL,NULL,akamai,US,38623,NULL,lccrawresults,2026-01-17
KH,202601,NULL,NULL,akamai,US,45498,NULL,lccrawresults,2026-01-17
KH,202601,NULL,NULL,alibaba,China,131178,NULL,lccrawresults,2026-01-17
KH,202601,NULL,NULL,alibaba,China,17976,NULL,lccrawresults,2026-01-17
KH,202601,NULL,NULL,alibaba,China,38235,NULL,lccrawresults,2026-01-17
KH,202601,NULL,NULL,alibaba,China,38623,NULL,lccrawresults,2026-01-17
KH,202601,NULL,NULL,alibaba,China,45498,NULL,lccrawresults,2026-01-17
KH,202601,NULL,NULL,amazon,US,131178,NULL,lccrawresults,2026-01-17
KH,202601,NULL,NULL,amazon,US,17976,NULL,lccrawresults,2026-01-17
KH,202601,NULL,NULL,amazon,US,38235,NULL,lccrawresults,2026-01-17
KH,202601,NULL,NULL,amazon,US,38623,NULL,lccrawresults,2026-01-17
KH,202601,NULL,NULL,amazon,US,45498,NULL,lccrawresults,2026-01-17
KH,202601,NULL,NULL,cdn77,UK,131178,NULL,lccrawresults,2026-01-17
KH,202601,NULL,NULL,cdn77,UK,17976,NULL,lccrawresults,2026-01-17
KH,202601,NULL,NULL,cdn77,UK,38235,NULL,lccrawresults,2026-01-17
KH,202601,NULL,NULL,cdn77,UK,38623,NULL,lccrawresults,2026-01-17
KH,202601,NULL,NULL,cdn77,UK,45498,NULL,lccrawresults,2026-01-17
KH,202601,NULL,NULL,cloudflare,US,131178,NULL,lccrawresults,2026-01-17
KH,202601,NULL,NULL,cloudflare,US,17976,NULL,lccrawresults,2026-01-17
KH,202601,NULL,NULL,cloudflare,US,38235,NULL,lccrawresults,2026-01-17
KH,202601,NULL,NULL,cloudflare,US,38623,NULL,lccrawresults,2026-01-17
KH,202601,NULL,NULL,cloudflare,US,45498,NULL,lccrawresults,2026-01-17
KH,202601,NULL,NULL,facebook,US,131178,NULL,lccrawresults,2026-01-17
KH,202601,NULL,NULL,facebook,US,17976,NULL,lccrawresults,2026-01-17
KH,202601,NULL,NULL,facebook,US,38235,NULL,lccrawresults,2026-01-17
KH,202601,NULL,NULL,facebook,US,38623,NULL,lccrawresults,2026-01-17
KH,202601,NULL,NULL,facebook,US,45498,NULL,lccrawresults,2026-01-17
KH,202601,NULL,NULL,fastly,US,131178,NULL,lccrawresults,2026-01-17
KH,202601,NULL,NULL,fastly,US,17976,NULL,lccrawresults,2026-01-17
KH,202601,NULL,NULL,fastly,US,38235,NULL,lccrawresults,2026-01-17
KH,202601,NULL,NULL,fastly,US,38623,NULL,lccrawresults,2026-01-17
KH,202601,NULL,NULL,fastly,US,45498,NULL,lccrawresults,2026-01-17
KH,202601,NULL,NULL,microsoft,US,131178,NULL,lccrawresults,2026-01-17
KH,202601,NULL,NULL,microsoft,US,17976,NULL,lccrawresults,2026-01-17
KH,202601,NULL,NULL,microsoft,US,38235,NULL,lccrawresults,2026-01-17
KH,202601,NULL,NULL,microsoft,US,38623,NULL,lccrawresults,2026-01-17
KH,202601,NULL,NULL,microsoft,US,45498,NULL,lccrawresults,2026-01-17
LA,202406,NULL,NULL,akamai,US,131267,NULL,lccrawresults,2024-06-02
LA,202406,NULL,NULL,akamai,US,131267,NULL,lccrawresults,2024-06-20
LA,202406,NULL,NULL,akamai,US,9873,NULL,lccrawresults,2024-06-02
LA,202406,NULL,NULL,akamai,US,9873,NULL,lccrawresults,2024-06-20
LA,202406,NULL,NULL,alibaba,China,131267,NULL,lccrawresults,2024-06-20
LA,202406,NULL,NULL,amazon,US,131267,NULL,lccrawresults,2024-06-20
LA,202406,NULL,NULL,amazon,US,9873,NULL,lccrawresults,2024-06-20
LA,202406,NULL,NULL,cloudflare,US,131267,NULL,lccrawresults,2024-06-02
LA,202406,NULL,NULL,cloudflare,US,131267,NULL,lccrawresults,2024-06-20
LA,202406,NULL,NULL,cloudflare,US,9873,NULL,lccrawresults,2024-06-02
LA,202406,NULL,NULL,cloudflare,US,9873,NULL,lccrawresults,2024-06-20
LA,202406,NULL,NULL,cloudfront,US,131267,NULL,lccrawresults,2024-06-02
LA,202406,NULL,NULL,cloudfront,US,9873,NULL,lccrawresults,2024-06-02
LA,202406,NULL,NULL,facebook,US,131267,NULL,lccrawresults,2024-06-02
LA,202406,NULL,NULL,facebook,US,9873,NULL,lccrawresults,2024-06-02
LA,202406,NULL,NULL,fastly,US,131267,NULL,lccrawresults,2024-06-02
LA,202406,NULL,NULL,fastly,US,131267,NULL,lccrawresults,2024-06-20
LA,202406,NULL,NULL,fastly,US,9873,NULL,lccrawresults,2024-06-02
LA,202406,NULL,NULL,fastly,US,9873,NULL,lccrawresults,2024-06-20
LA,202406,NULL,NULL,microsoft,US,131267,NULL,lccrawresults,2024-06-20
LA,202406,NULL,NULL,microsoft,US,9873,NULL,lccrawresults,2024-06-20
LA,202407,NULL,NULL,akamai,US,131267,NULL,lccrawresults,2024-07-24
LA,202407,NULL,NULL,alibaba,China,131267,NULL,lccrawresults,2024-07-24
LA,202407,NULL,NULL,amazon,US,131267,NULL,lccrawresults,2024-07-24
LA,202407,NULL,NULL,cloudflare,US,131267,NULL,lccrawresults,2024-07-24
LA,202407,NULL,NULL,facebook,US,131267,NULL,lccrawresults,2024-07-24
LA,202407,NULL,NULL,fastly,US,131267,NULL,lccrawresults,2024-07-24
LA,202407,NULL,NULL,microsoft,US,131267,NULL,lccrawresults,2024-07-24
LA,202408,NULL,NULL,akamai,US,131267,NULL,lccrawresults,2024-08-05
LA,202408,NULL,NULL,akamai,US,131267,NULL,lccrawresults,2024-08-19
LA,202408,NULL,NULL,alibaba,China,131267,NULL,lccrawresults,2024-08-05
LA,202408,NULL,NULL,alibaba,China,131267,NULL,lccrawresults,2024-08-19
LA,202408,NULL,NULL,amazon,US,131267,NULL,lccrawresults,2024-08-05
LA,202408,NULL,NULL,amazon,US,131267,NULL,lccrawresults,2024-08-19
LA,202408,NULL,NULL,cloudflare,US,131267,NULL,lccrawresults,2024-08-05
LA,202408,NULL,NULL,cloudflare,US,131267,NULL,lccrawresults,2024-08-19
LA,202408,NULL,NULL,facebook,US,131267,NULL,lccrawresults,2024-08-05
LA,202408,NULL,NULL,facebook,US,131267,NULL,lccrawresults,2024-08-19
LA,202408,NULL,NULL,fastly,US,131267,NULL,lccrawresults,2024-08-05
LA,202408,NULL,NULL,fastly,US,131267,NULL,lccrawresults,2024-08-19
LA,202408,NULL,NULL,microsoft,US,131267,NULL,lccrawresults,2024-08-05
LA,202408,NULL,NULL,microsoft,US,131267,NULL,lccrawresults,2024-08-19
LA,202409,NULL,NULL,akamai,US,131267,NULL,lccrawresults,2024-09-17
LA,202409,NULL,NULL,akamai,US,131267,NULL,lccrawresults,2024-09-16
LA,202409,NULL,NULL,alibaba,China,131267,NULL,lccrawresults,2024-09-17
LA,202409,NULL,NULL,alibaba,China,131267,NULL,lccrawresults,2024-09-16
LA,202409,NULL,NULL,amazon,US,131267,NULL,lccrawresults,2024-09-17
LA,202409,NULL,NULL,amazon,US,131267,NULL,lccrawresults,2024-09-16
LA,202409,NULL,NULL,cloudflare,US,131267,NULL,lccrawresults,2024-09-17
LA,202409,NULL,NULL,cloudflare,US,131267,NULL,lccrawresults,2024-09-16
LA,202409,NULL,NULL,facebook,US,131267,NULL,lccrawresults,2024-09-17
LA,202409,NULL,NULL,facebook,US,131267,NULL,lccrawresults,2024-09-16
LA,202409,NULL,NULL,fastly,US,131267,NULL,lccrawresults,2024-09-17
LA,202409,NULL,NULL,fastly,US,131267,NULL,lccrawresults,2024-09-16
LA,202409,NULL,NULL,microsoft,US,131267,NULL,lccrawresults,2024-09-17
LA,202409,NULL,NULL,microsoft,US,131267,NULL,lccrawresults,2024-09-16
LA,202410,NULL,NULL,akamai,US,131267,NULL,lccrawresults,2024-10-17
LA,202410,NULL,NULL,alibaba,China,131267,NULL,lccrawresults,2024-10-17
LA,202410,NULL,NULL,amazon,US,131267,NULL,lccrawresults,2024-10-17
LA,202410,NULL,NULL,cloudflare,US,131267,NULL,lccrawresults,2024-10-17
LA,202410,NULL,NULL,facebook,US,131267,NULL,lccrawresults,2024-10-17
LA,202410,NULL,NULL,fastly,US,131267,NULL,lccrawresults,2024-10-17
LA,202410,NULL,NULL,microsoft,US,131267,NULL,lccrawresults,2024-10-17
LA,202411,NULL,NULL,akamai,US,131267,NULL,lccrawresults,2024-11-17
LA,202411,NULL,NULL,alibaba,China,131267,NULL,lccrawresults,2024-11-17
LA,202411,NULL,NULL,amazon,US,131267,NULL,lccrawresults,2024-11-17
LA,202411,NULL,NULL,cloudflare,US,131267,NULL,lccrawresults,2024-11-17
LA,202411,NULL,NULL,facebook,US,131267,NULL,lccrawresults,2024-11-17
LA,202411,NULL,NULL,fastly,US,131267,NULL,lccrawresults,2024-11-17
LA,202411,NULL,NULL,microsoft,US,131267,NULL,lccrawresults,2024-11-17
LA,202412,NULL,NULL,akamai,US,131267,NULL,lccrawresults,2024-12-18
LA,202412,NULL,NULL,alibaba,China,131267,NULL,lccrawresults,2024-12-18
LA,202412,NULL,NULL,amazon,US,131267,NULL,lccrawresults,2024-12-18
LA,202412,NULL,NULL,cloudflare,US,131267,NULL,lccrawresults,2024-12-18
LA,202412,NULL,NULL,facebook,US,131267,NULL,lccrawresults,2024-12-18
LA,202412,NULL,NULL,fastly,US,131267,NULL,lccrawresults,2024-12-18
LA,202412,NULL,NULL,microsoft,US,131267,NULL,lccrawresults,2024-12-18
LA,202501,NULL,NULL,akamai,US,131267,NULL,lccrawresults,2025-01-17
LA,202501,NULL,NULL,alibaba,China,131267,NULL,lccrawresults,2025-01-17
LA,202501,NULL,NULL,amazon,US,131267,NULL,lccrawresults,2025-01-17
LA,202501,NULL,NULL,cloudflare,US,131267,NULL,lccrawresults,2025-01-17
LA,202501,NULL,NULL,facebook,US,131267,NULL,lccrawresults,2025-01-17
LA,202501,NULL,NULL,fastly,US,131267,NULL,lccrawresults,2025-01-17
LA,202501,NULL,NULL,gcore,Luxembourg,131267,NULL,lccrawresults,2025-01-17
LA,202501,NULL,NULL,microsoft,US,131267,NULL,lccrawresults,2025-01-17
LA,202502,NULL,NULL,akamai,US,10226,NULL,lccrawresults,2025-02-17
LA,202502,NULL,NULL,akamai,US,131267,NULL,lccrawresults,2025-02-17
LA,202502,NULL,NULL,akamai,US,24337,NULL,lccrawresults,2025-02-17
LA,202502,NULL,NULL,akamai,US,9873,NULL,lccrawresults,2025-02-17
LA,202502,NULL,NULL,alibaba,China,10226,NULL,lccrawresults,2025-02-17
LA,202502,NULL,NULL,alibaba,China,131267,NULL,lccrawresults,2025-02-17
LA,202502,NULL,NULL,alibaba,China,24337,NULL,lccrawresults,2025-02-17
LA,202502,NULL,NULL,alibaba,China,9873,NULL,lccrawresults,2025-02-17
LA,202502,NULL,NULL,amazon,US,10226,NULL,lccrawresults,2025-02-17
LA,202502,NULL,NULL,amazon,US,131267,NULL,lccrawresults,2025-02-17
LA,202502,NULL,NULL,amazon,US,24337,NULL,lccrawresults,2025-02-17
LA,202502,NULL,NULL,amazon,US,9873,NULL,lccrawresults,2025-02-17
LA,202502,NULL,NULL,cloudflare,US,10226,NULL,lccrawresults,2025-02-17
LA,202502,NULL,NULL,cloudflare,US,131267,NULL,lccrawresults,2025-02-17
LA,202502,NULL,NULL,cloudflare,US,24337,NULL,lccrawresults,2025-02-17
LA,202502,NULL,NULL,cloudflare,US,9873,NULL,lccrawresults,2025-02-17
LA,202502,NULL,NULL,facebook,US,10226,NULL,lccrawresults,2025-02-17
LA,202502,NULL,NULL,facebook,US,131267,NULL,lccrawresults,2025-02-17
LA,202502,NULL,NULL,facebook,US,24337,NULL,lccrawresults,2025-02-17
LA,202502,NULL,NULL,facebook,US,9873,NULL,lccrawresults,2025-02-17
LA,202502,NULL,NULL,fastly,US,10226,NULL,lccrawresults,2025-02-17
LA,202502,NULL,NULL,fastly,US,131267,NULL,lccrawresults,2025-02-17
LA,202502,NULL,NULL,fastly,US,24337,NULL,lccrawresults,2025-02-17
LA,202502,NULL,NULL,fastly,US,9873,NULL,lccrawresults,2025-02-17
LA,202502,NULL,NULL,gcore,Luxembourg,10226,NULL,lccrawresults,2025-02-17
LA,202502,NULL,NULL,gcore,Luxembourg,131267,NULL,lccrawresults,2025-02-17
LA,202502,NULL,NULL,gcore,Luxembourg,24337,NULL,lccrawresults,2025-02-17
LA,202502,NULL,NULL,gcore,Luxembourg,9873,NULL,lccrawresults,2025-02-17
LA,202502,NULL,NULL,microsoft,US,10226,NULL,lccrawresults,2025-02-17
LA,202502,NULL,NULL,microsoft,US,131267,NULL,lccrawresults,2025-02-17
LA,202502,NULL,NULL,microsoft,US,24337,NULL,lccrawresults,2025-02-17
LA,202502,NULL,NULL,microsoft,US,9873,NULL,lccrawresults,2025-02-17
LA,202502,NULL,NULL,netflix,US,10226,NULL,lccrawresults,2025-02-17
LA,202502,NULL,NULL,netflix,US,131267,NULL,lccrawresults,2025-02-17
LA,202502,NULL,NULL,netflix,US,24337,NULL,lccrawresults,2025-02-17
LA,202502,NULL,NULL,netflix,US,9873,NULL,lccrawresults,2025-02-17
LA,202503,NULL,NULL,akamai,US,10226,NULL,lccrawresults,2025-03-17
LA,202503,NULL,NULL,akamai,US,131267,NULL,lccrawresults,2025-03-17
LA,202503,NULL,NULL,akamai,US,24337,NULL,lccrawresults,2025-03-17
LA,202503,NULL,NULL,akamai,US,9873,NULL,lccrawresults,2025-03-17
LA,202503,NULL,NULL,alibaba,China,10226,NULL,lccrawresults,2025-03-17
LA,202503,NULL,NULL,alibaba,China,131267,NULL,lccrawresults,2025-03-17
LA,202503,NULL,NULL,alibaba,China,24337,NULL,lccrawresults,2025-03-17
LA,202503,NULL,NULL,alibaba,China,9873,NULL,lccrawresults,2025-03-17
LA,202503,NULL,NULL,amazon,US,10226,NULL,lccrawresults,2025-03-17
LA,202503,NULL,NULL,amazon,US,131267,NULL,lccrawresults,2025-03-17
LA,202503,NULL,NULL,amazon,US,24337,NULL,lccrawresults,2025-03-17
LA,202503,NULL,NULL,amazon,US,9873,NULL,lccrawresults,2025-03-17
LA,202503,NULL,NULL,cloudflare,US,10226,NULL,lccrawresults,2025-03-17
LA,202503,NULL,NULL,cloudflare,US,131267,NULL,lccrawresults,2025-03-17
LA,202503,NULL,NULL,cloudflare,US,24337,NULL,lccrawresults,2025-03-17
LA,202503,NULL,NULL,cloudflare,US,9873,NULL,lccrawresults,2025-03-17
LA,202503,NULL,NULL,facebook,US,10226,NULL,lccrawresults,2025-03-17
LA,202503,NULL,NULL,facebook,US,131267,NULL,lccrawresults,2025-03-17
LA,202503,NULL,NULL,facebook,US,24337,NULL,lccrawresults,2025-03-17
LA,202503,NULL,NULL,facebook,US,9873,NULL,lccrawresults,2025-03-17
LA,202503,NULL,NULL,fastly,US,10226,NULL,lccrawresults,2025-03-17
LA,202503,NULL,NULL,fastly,US,131267,NULL,lccrawresults,2025-03-17
LA,202503,NULL,NULL,fastly,US,24337,NULL,lccrawresults,2025-03-17
LA,202503,NULL,NULL,fastly,US,9873,NULL,lccrawresults,2025-03-17
LA,202503,NULL,NULL,microsoft,US,10226,NULL,lccrawresults,2025-03-17
LA,202503,NULL,NULL,microsoft,US,131267,NULL,lccrawresults,2025-03-17
LA,202503,NULL,NULL,microsoft,US,24337,NULL,lccrawresults,2025-03-17
LA,202503,NULL,NULL,microsoft,US,9873,NULL,lccrawresults,2025-03-17
LA,202504,NULL,NULL,akamai,US,10226,NULL,lccrawresults,2025-04-17
LA,202504,NULL,NULL,akamai,US,131267,NULL,lccrawresults,2025-04-17
LA,202504,NULL,NULL,akamai,US,24337,NULL,lccrawresults,2025-04-17
LA,202504,NULL,NULL,akamai,US,9873,NULL,lccrawresults,2025-04-17
LA,202504,NULL,NULL,alibaba,China,10226,NULL,lccrawresults,2025-04-17
LA,202504,NULL,NULL,alibaba,China,131267,NULL,lccrawresults,2025-04-17
LA,202504,NULL,NULL,alibaba,China,24337,NULL,lccrawresults,2025-04-17
LA,202504,NULL,NULL,alibaba,China,9873,NULL,lccrawresults,2025-04-17
LA,202504,NULL,NULL,amazon,US,10226,NULL,lccrawresults,2025-04-17
LA,202504,NULL,NULL,amazon,US,131267,NULL,lccrawresults,2025-04-17
LA,202504,NULL,NULL,amazon,US,24337,NULL,lccrawresults,2025-04-17
LA,202504,NULL,NULL,amazon,US,9873,NULL,lccrawresults,2025-04-17
LA,202504,NULL,NULL,cloudflare,US,10226,NULL,lccrawresults,2025-04-17
LA,202504,NULL,NULL,cloudflare,US,131267,NULL,lccrawresults,2025-04-17
LA,202504,NULL,NULL,cloudflare,US,24337,NULL,lccrawresults,2025-04-17
LA,202504,NULL,NULL,cloudflare,US,9873,NULL,lccrawresults,2025-04-17
LA,202504,NULL,NULL,facebook,US,10226,NULL,lccrawresults,2025-04-17
LA,202504,NULL,NULL,facebook,US,131267,NULL,lccrawresults,2025-04-17
LA,202504,NULL,NULL,facebook,US,24337,NULL,lccrawresults,2025-04-17
LA,202504,NULL,NULL,facebook,US,9873,NULL,lccrawresults,2025-04-17
LA,202504,NULL,NULL,fastly,US,10226,NULL,lccrawresults,2025-04-17
LA,202504,NULL,NULL,fastly,US,131267,NULL,lccrawresults,2025-04-17
LA,202504,NULL,NULL,fastly,US,24337,NULL,lccrawresults,2025-04-17
LA,202504,NULL,NULL,fastly,US,9873,NULL,lccrawresults,2025-04-17
LA,202504,NULL,NULL,microsoft,US,10226,NULL,lccrawresults,2025-04-17
LA,202504,NULL,NULL,microsoft,US,131267,NULL,lccrawresults,2025-04-17
LA,202504,NULL,NULL,microsoft,US,24337,NULL,lccrawresults,2025-04-17
LA,202504,NULL,NULL,microsoft,US,9873,NULL,lccrawresults,2025-04-17
LA,202505,NULL,NULL,akamai,US,10226,NULL,lccrawresults,2025-05-17
LA,202505,NULL,NULL,akamai,US,131267,NULL,lccrawresults,2025-05-17
LA,202505,NULL,NULL,akamai,US,24337,NULL,lccrawresults,2025-05-17
LA,202505,NULL,NULL,akamai,US,9873,NULL,lccrawresults,2025-05-17
LA,202505,NULL,NULL,alibaba,China,10226,NULL,lccrawresults,2025-05-17
LA,202505,NULL,NULL,alibaba,China,131267,NULL,lccrawresults,2025-05-17
LA,202505,NULL,NULL,alibaba,China,24337,NULL,lccrawresults,2025-05-17
LA,202505,NULL,NULL,alibaba,China,9873,NULL,lccrawresults,2025-05-17
LA,202505,NULL,NULL,amazon,US,10226,NULL,lccrawresults,2025-05-17
LA,202505,NULL,NULL,amazon,US,131267,NULL,lccrawresults,2025-05-17
LA,202505,NULL,NULL,amazon,US,24337,NULL,lccrawresults,2025-05-17
LA,202505,NULL,NULL,amazon,US,9873,NULL,lccrawresults,2025-05-17
LA,202505,NULL,NULL,cdn77,UK,10226,NULL,lccrawresults,2025-05-17
LA,202505,NULL,NULL,cdn77,UK,131267,NULL,lccrawresults,2025-05-17
LA,202505,NULL,NULL,cdn77,UK,24337,NULL,lccrawresults,2025-05-17
LA,202505,NULL,NULL,cdn77,UK,9873,NULL,lccrawresults,2025-05-17
LA,202505,NULL,NULL,cloudflare,US,10226,NULL,lccrawresults,2025-05-17
LA,202505,NULL,NULL,cloudflare,US,131267,NULL,lccrawresults,2025-05-17
LA,202505,NULL,NULL,cloudflare,US,24337,NULL,lccrawresults,2025-05-17
LA,202505,NULL,NULL,cloudflare,US,9873,NULL,lccrawresults,2025-05-17
LA,202505,NULL,NULL,facebook,US,10226,NULL,lccrawresults,2025-05-17
LA,202505,NULL,NULL,facebook,US,131267,NULL,lccrawresults,2025-05-17
LA,202505,NULL,NULL,facebook,US,24337,NULL,lccrawresults,2025-05-17
LA,202505,NULL,NULL,facebook,US,9873,NULL,lccrawresults,2025-05-17
LA,202505,NULL,NULL,fastly,US,10226,NULL,lccrawresults,2025-05-17
LA,202505,NULL,NULL,fastly,US,131267,NULL,lccrawresults,2025-05-17
LA,202505,NULL,NULL,fastly,US,9873,NULL,lccrawresults,2025-05-17
LA,202505,NULL,NULL,microsoft,US,10226,NULL,lccrawresults,2025-05-17
LA,202505,NULL,NULL,microsoft,US,131267,NULL,lccrawresults,2025-05-17
LA,202505,NULL,NULL,microsoft,US,24337,NULL,lccrawresults,2025-05-17
LA,202505,NULL,NULL,microsoft,US,9873,NULL,lccrawresults,2025-05-17
LA,202506,NULL,NULL,akamai,US,10226,NULL,lccrawresults,2025-06-17
LA,202506,NULL,NULL,akamai,US,24337,NULL,lccrawresults,2025-06-17
LA,202506,NULL,NULL,akamai,US,9873,NULL,lccrawresults,2025-06-17
LA,202506,NULL,NULL,alibaba,China,10226,NULL,lccrawresults,2025-06-17
LA,202506,NULL,NULL,alibaba,China,24337,NULL,lccrawresults,2025-06-17
LA,202506,NULL,NULL,alibaba,China,9873,NULL,lccrawresults,2025-06-17
LA,202506,NULL,NULL,amazon,US,10226,NULL,lccrawresults,2025-06-17
LA,202506,NULL,NULL,amazon,US,24337,NULL,lccrawresults,2025-06-17
LA,202506,NULL,NULL,amazon,US,9873,NULL,lccrawresults,2025-06-17
LA,202506,NULL,NULL,cloudflare,US,10226,NULL,lccrawresults,2025-06-17
LA,202506,NULL,NULL,cloudflare,US,24337,NULL,lccrawresults,2025-06-17
LA,202506,NULL,NULL,cloudflare,US,9873,NULL,lccrawresults,2025-06-17
LA,202506,NULL,NULL,facebook,US,10226,NULL,lccrawresults,2025-06-17
LA,202506,NULL,NULL,facebook,US,24337,NULL,lccrawresults,2025-06-17
LA,202506,NULL,NULL,facebook,US,9873,NULL,lccrawresults,2025-06-17
LA,202506,NULL,NULL,fastly,US,10226,NULL,lccrawresults,2025-06-17
LA,202506,NULL,NULL,fastly,US,24337,NULL,lccrawresults,2025-06-17
LA,202506,NULL,NULL,fastly,US,9873,NULL,lccrawresults,2025-06-17
LA,202506,NULL,NULL,microsoft,US,10226,NULL,lccrawresults,2025-06-17
LA,202506,NULL,NULL,microsoft,US,24337,NULL,lccrawresults,2025-06-17
LA,202506,NULL,NULL,microsoft,US,9873,NULL,lccrawresults,2025-06-17
LA,202507,NULL,NULL,akamai,US,10226,NULL,lccrawresults,2025-07-17
LA,202507,NULL,NULL,akamai,US,131267,NULL,lccrawresults,2025-07-17
LA,202507,NULL,NULL,akamai,US,24337,NULL,lccrawresults,2025-07-17
LA,202507,NULL,NULL,akamai,US,9873,NULL,lccrawresults,2025-07-17
LA,202507,NULL,NULL,alibaba,China,10226,NULL,lccrawresults,2025-07-17
LA,202507,NULL,NULL,alibaba,China,131267,NULL,lccrawresults,2025-07-17
LA,202507,NULL,NULL,alibaba,China,24337,NULL,lccrawresults,2025-07-17
LA,202507,NULL,NULL,alibaba,China,9873,NULL,lccrawresults,2025-07-17
LA,202507,NULL,NULL,amazon,US,10226,NULL,lccrawresults,2025-07-17
LA,202507,NULL,NULL,amazon,US,131267,NULL,lccrawresults,2025-07-17
LA,202507,NULL,NULL,amazon,US,24337,NULL,lccrawresults,2025-07-17
LA,202507,NULL,NULL,amazon,US,9873,NULL,lccrawresults,2025-07-17
LA,202507,NULL,NULL,bunnycdn,Slovenia,10226,NULL,lccrawresults,2025-07-17
LA,202507,NULL,NULL,bunnycdn,Slovenia,131267,NULL,lccrawresults,2025-07-17
LA,202507,NULL,NULL,bunnycdn,Slovenia,24337,NULL,lccrawresults,2025-07-17
LA,202507,NULL,NULL,bunnycdn,Slovenia,9873,NULL,lccrawresults,2025-07-17
LA,202507,NULL,NULL,cloudflare,US,10226,NULL,lccrawresults,2025-07-17
LA,202507,NULL,NULL,cloudflare,US,131267,NULL,lccrawresults,2025-07-17
LA,202507,NULL,NULL,cloudflare,US,24337,NULL,lccrawresults,2025-07-17
LA,202507,NULL,NULL,cloudflare,US,9873,NULL,lccrawresults,2025-07-17
LA,202507,NULL,NULL,facebook,US,10226,NULL,lccrawresults,2025-07-17
LA,202507,NULL,NULL,facebook,US,131267,NULL,lccrawresults,2025-07-17
LA,202507,NULL,NULL,facebook,US,24337,NULL,lccrawresults,2025-07-17
LA,202507,NULL,NULL,facebook,US,9873,NULL,lccrawresults,2025-07-17
LA,202507,NULL,NULL,fastly,US,10226,NULL,lccrawresults,2025-07-17
LA,202507,NULL,NULL,fastly,US,131267,NULL,lccrawresults,2025-07-17
LA,202507,NULL,NULL,fastly,US,24337,NULL,lccrawresults,2025-07-17
LA,202507,NULL,NULL,fastly,US,9873,NULL,lccrawresults,2025-07-17
LA,202507,NULL,NULL,gcore,Luxembourg,10226,NULL,lccrawresults,2025-07-17
LA,202507,NULL,NULL,gcore,Luxembourg,131267,NULL,lccrawresults,2025-07-17
LA,202507,NULL,NULL,gcore,Luxembourg,24337,NULL,lccrawresults,2025-07-17
LA,202507,NULL,NULL,gcore,Luxembourg,9873,NULL,lccrawresults,2025-07-17
LA,202507,NULL,NULL,microsoft,US,10226,NULL,lccrawresults,2025-07-17
LA,202507,NULL,NULL,microsoft,US,131267,NULL,lccrawresults,2025-07-17
LA,202507,NULL,NULL,microsoft,US,24337,NULL,lccrawresults,2025-07-17
LA,202507,NULL,NULL,microsoft,US,9873,NULL,lccrawresults,2025-07-17
LA,202508,NULL,NULL,akamai,US,10226,NULL,lccrawresults,2025-08-17
LA,202508,NULL,NULL,akamai,US,9873,NULL,lccrawresults,2025-08-17
LA,202508,NULL,NULL,alibaba,China,10226,NULL,lccrawresults,2025-08-17
LA,202508,NULL,NULL,alibaba,China,9873,NULL,lccrawresults,2025-08-17
LA,202508,NULL,NULL,amazon,US,10226,NULL,lccrawresults,2025-08-17
LA,202508,NULL,NULL,amazon,US,9873,NULL,lccrawresults,2025-08-17
LA,202508,NULL,NULL,bunnycdn,Slovenia,10226,NULL,lccrawresults,2025-08-17
LA,202508,NULL,NULL,bunnycdn,Slovenia,9873,NULL,lccrawresults,2025-08-17
LA,202508,NULL,NULL,cloudflare,US,10226,NULL,lccrawresults,2025-08-17
LA,202508,NULL,NULL,cloudflare,US,9873,NULL,lccrawresults,2025-08-17
LA,202508,NULL,NULL,facebook,US,10226,NULL,lccrawresults,2025-08-17
LA,202508,NULL,NULL,facebook,US,9873,NULL,lccrawresults,2025-08-17
LA,202508,NULL,NULL,fastly,US,10226,NULL,lccrawresults,2025-08-17
LA,202508,NULL,NULL,fastly,US,9873,NULL,lccrawresults,2025-08-17
LA,202508,NULL,NULL,gcore,Luxembourg,10226,NULL,lccrawresults,2025-08-17
LA,202508,NULL,NULL,gcore,Luxembourg,9873,NULL,lccrawresults,2025-08-17
LA,202508,NULL,NULL,microsoft,US,10226,NULL,lccrawresults,2025-08-17
LA,202508,NULL,NULL,microsoft,US,9873,NULL,lccrawresults,2025-08-17
LA,202509,NULL,NULL,akamai,US,10226,NULL,lccrawresults,2025-09-17
LA,202509,NULL,NULL,akamai,US,131267,NULL,lccrawresults,2025-09-17
LA,202509,NULL,NULL,akamai,US,24337,NULL,lccrawresults,2025-09-17
LA,202509,NULL,NULL,akamai,US,9873,NULL,lccrawresults,2025-09-17
LA,202509,NULL,NULL,alibaba,China,10226,NULL,lccrawresults,2025-09-17
LA,202509,NULL,NULL,alibaba,China,131267,NULL,lccrawresults,2025-09-17
LA,202509,NULL,NULL,alibaba,China,24337,NULL,lccrawresults,2025-09-17
LA,202509,NULL,NULL,alibaba,China,9873,NULL,lccrawresults,2025-09-17
LA,202509,NULL,NULL,amazon,US,10226,NULL,lccrawresults,2025-09-17
LA,202509,NULL,NULL,amazon,US,131267,NULL,lccrawresults,2025-09-17
LA,202509,NULL,NULL,amazon,US,24337,NULL,lccrawresults,2025-09-17
LA,202509,NULL,NULL,amazon,US,9873,NULL,lccrawresults,2025-09-17
LA,202509,NULL,NULL,cdn77,UK,10226,NULL,lccrawresults,2025-09-17
LA,202509,NULL,NULL,cdn77,UK,131267,NULL,lccrawresults,2025-09-17
LA,202509,NULL,NULL,cdn77,UK,24337,NULL,lccrawresults,2025-09-17
LA,202509,NULL,NULL,cdn77,UK,9873,NULL,lccrawresults,2025-09-17
LA,202509,NULL,NULL,cloudflare,US,10226,NULL,lccrawresults,2025-09-17
LA,202509,NULL,NULL,cloudflare,US,131267,NULL,lccrawresults,2025-09-17
LA,202509,NULL,NULL,cloudflare,US,24337,NULL,lccrawresults,2025-09-17
LA,202509,NULL,NULL,cloudflare,US,9873,NULL,lccrawresults,2025-09-17
LA,202509,NULL,NULL,facebook,US,10226,NULL,lccrawresults,2025-09-17
LA,202509,NULL,NULL,facebook,US,131267,NULL,lccrawresults,2025-09-17
LA,202509,NULL,NULL,facebook,US,24337,NULL,lccrawresults,2025-09-17
LA,202509,NULL,NULL,facebook,US,9873,NULL,lccrawresults,2025-09-17
LA,202509,NULL,NULL,fastly,US,10226,NULL,lccrawresults,2025-09-17
LA,202509,NULL,NULL,fastly,US,131267,NULL,lccrawresults,2025-09-17
LA,202509,NULL,NULL,fastly,US,24337,NULL,lccrawresults,2025-09-17
LA,202509,NULL,NULL,fastly,US,9873,NULL,lccrawresults,2025-09-17
LA,202509,NULL,NULL,gcore,Luxembourg,10226,NULL,lccrawresults,2025-09-17
LA,202509,NULL,NULL,gcore,Luxembourg,131267,NULL,lccrawresults,2025-09-17
LA,202509,NULL,NULL,gcore,Luxembourg,24337,NULL,lccrawresults,2025-09-17
LA,202509,NULL,NULL,gcore,Luxembourg,9873,NULL,lccrawresults,2025-09-17
LA,202509,NULL,NULL,microsoft,US,10226,NULL,lccrawresults,2025-09-17
LA,202509,NULL,NULL,microsoft,US,131267,NULL,lccrawresults,2025-09-17
LA,202509,NULL,NULL,microsoft,US,24337,NULL,lccrawresults,2025-09-17
LA,202509,NULL,NULL,microsoft,US,9873,NULL,lccrawresults,2025-09-17
LA,202510,NULL,NULL,akamai,US,10226,NULL,lccrawresults,2025-10-17
LA,202510,NULL,NULL,akamai,US,131267,NULL,lccrawresults,2025-10-17
LA,202510,NULL,NULL,akamai,US,24337,NULL,lccrawresults,2025-10-17
LA,202510,NULL,NULL,akamai,US,9873,NULL,lccrawresults,2025-10-17
LA,202510,NULL,NULL,alibaba,China,10226,NULL,lccrawresults,2025-10-17
LA,202510,NULL,NULL,alibaba,China,131267,NULL,lccrawresults,2025-10-17
LA,202510,NULL,NULL,alibaba,China,9873,NULL,lccrawresults,2025-10-17
LA,202510,NULL,NULL,amazon,US,10226,NULL,lccrawresults,2025-10-17
LA,202510,NULL,NULL,amazon,US,131267,NULL,lccrawresults,2025-10-17
LA,202510,NULL,NULL,amazon,US,9873,NULL,lccrawresults,2025-10-17
LA,202510,NULL,NULL,cdn77,UK,10226,NULL,lccrawresults,2025-10-17
LA,202510,NULL,NULL,cdn77,UK,131267,NULL,lccrawresults,2025-10-17
LA,202510,NULL,NULL,cdn77,UK,9873,NULL,lccrawresults,2025-10-17
LA,202510,NULL,NULL,cloudflare,US,10226,NULL,lccrawresults,2025-10-17
LA,202510,NULL,NULL,cloudflare,US,131267,NULL,lccrawresults,2025-10-17
LA,202510,NULL,NULL,cloudflare,US,9873,NULL,lccrawresults,2025-10-17
LA,202510,NULL,NULL,facebook,US,10226,NULL,lccrawresults,2025-10-17
LA,202510,NULL,NULL,facebook,US,131267,NULL,lccrawresults,2025-10-17
LA,202510,NULL,NULL,facebook,US,24337,NULL,lccrawresults,2025-10-17
LA,202510,NULL,NULL,facebook,US,9873,NULL,lccrawresults,2025-10-17
LA,202510,NULL,NULL,fastly,US,10226,NULL,lccrawresults,2025-10-17
LA,202510,NULL,NULL,fastly,US,131267,NULL,lccrawresults,2025-10-17
LA,202510,NULL,NULL,fastly,US,9873,NULL,lccrawresults,2025-10-17
LA,202510,NULL,NULL,gcore,Luxembourg,10226,NULL,lccrawresults,2025-10-17
LA,202510,NULL,NULL,gcore,Luxembourg,131267,NULL,lccrawresults,2025-10-17
LA,202510,NULL,NULL,gcore,Luxembourg,9873,NULL,lccrawresults,2025-10-17
LA,202510,NULL,NULL,microsoft,US,10226,NULL,lccrawresults,2025-10-17
LA,202510,NULL,NULL,microsoft,US,131267,NULL,lccrawresults,2025-10-17
LA,202510,NULL,NULL,microsoft,US,24337,NULL,lccrawresults,2025-10-17
LA,202510,NULL,NULL,microsoft,US,9873,NULL,lccrawresults,2025-10-17
LA,202511,NULL,NULL,akamai,US,10226,NULL,lccrawresults,2025-11-17
LA,202511,NULL,NULL,akamai,US,131267,NULL,lccrawresults,2025-11-17
LA,202511,NULL,NULL,akamai,US,9873,NULL,lccrawresults,2025-11-17
LA,202511,NULL,NULL,alibaba,China,10226,NULL,lccrawresults,2025-11-17
LA,202511,NULL,NULL,alibaba,China,131267,NULL,lccrawresults,2025-11-17
LA,202511,NULL,NULL,alibaba,China,9873,NULL,lccrawresults,2025-11-17
LA,202511,NULL,NULL,amazon,US,10226,NULL,lccrawresults,2025-11-17
LA,202511,NULL,NULL,amazon,US,131267,NULL,lccrawresults,2025-11-17
LA,202511,NULL,NULL,amazon,US,9873,NULL,lccrawresults,2025-11-17
LA,202511,NULL,NULL,cdn77,UK,10226,NULL,lccrawresults,2025-11-17
LA,202511,NULL,NULL,cdn77,UK,131267,NULL,lccrawresults,2025-11-17
LA,202511,NULL,NULL,cdn77,UK,9873,NULL,lccrawresults,2025-11-17
LA,202511,NULL,NULL,cloudflare,US,10226,NULL,lccrawresults,2025-11-17
LA,202511,NULL,NULL,cloudflare,US,131267,NULL,lccrawresults,2025-11-17
LA,202511,NULL,NULL,cloudflare,US,9873,NULL,lccrawresults,2025-11-17
LA,202511,NULL,NULL,facebook,US,10226,NULL,lccrawresults,2025-11-17
LA,202511,NULL,NULL,facebook,US,131267,NULL,lccrawresults,2025-11-17
LA,202511,NULL,NULL,facebook,US,9873,NULL,lccrawresults,2025-11-17
LA,202511,NULL,NULL,fastly,US,10226,NULL,lccrawresults,2025-11-17
LA,202511,NULL,NULL,fastly,US,131267,NULL,lccrawresults,2025-11-17
LA,202511,NULL,NULL,fastly,US,9873,NULL,lccrawresults,2025-11-17
LA,202511,NULL,NULL,gcore,Luxembourg,10226,NULL,lccrawresults,2025-11-17
LA,202511,NULL,NULL,gcore,Luxembourg,131267,NULL,lccrawresults,2025-11-17
LA,202511,NULL,NULL,gcore,Luxembourg,9873,NULL,lccrawresults,2025-11-17
LA,202511,NULL,NULL,microsoft,US,10226,NULL,lccrawresults,2025-11-17
LA,202511,NULL,NULL,microsoft,US,131267,NULL,lccrawresults,2025-11-17
LA,202511,NULL,NULL,microsoft,US,9873,NULL,lccrawresults,2025-11-17
LA,202511,NULL,NULL,netflix,US,10226,NULL,lccrawresults,2025-11-17
LA,202511,NULL,NULL,netflix,US,131267,NULL,lccrawresults,2025-11-17
LA,202511,NULL,NULL,netflix,US,9873,NULL,lccrawresults,2025-11-17
LA,202512,NULL,NULL,akamai,US,10226,NULL,lccrawresults,2025-12-17
LA,202512,NULL,NULL,akamai,US,131267,NULL,lccrawresults,2025-12-17
LA,202512,NULL,NULL,akamai,US,9873,NULL,lccrawresults,2025-12-17
LA,202512,NULL,NULL,alibaba,China,131267,NULL,lccrawresults,2025-12-17
LA,202512,NULL,NULL,alibaba,China,9873,NULL,lccrawresults,2025-12-17
LA,202512,NULL,NULL,amazon,US,10226,NULL,lccrawresults,2025-12-17
LA,202512,NULL,NULL,amazon,US,131267,NULL,lccrawresults,2025-12-17
LA,202512,NULL,NULL,amazon,US,9873,NULL,lccrawresults,2025-12-17
LA,202512,NULL,NULL,cdn77,UK,131267,NULL,lccrawresults,2025-12-17
LA,202512,NULL,NULL,cdn77,UK,9873,NULL,lccrawresults,2025-12-17
LA,202512,NULL,NULL,cloudflare,US,131267,NULL,lccrawresults,2025-12-17
LA,202512,NULL,NULL,cloudflare,US,9873,NULL,lccrawresults,2025-12-17
LA,202512,NULL,NULL,facebook,US,10226,NULL,lccrawresults,2025-12-17
LA,202512,NULL,NULL,facebook,US,131267,NULL,lccrawresults,2025-12-17
LA,202512,NULL,NULL,facebook,US,9873,NULL,lccrawresults,2025-12-17
LA,202512,NULL,NULL,fastly,US,131267,NULL,lccrawresults,2025-12-17
LA,202512,NULL,NULL,fastly,US,9873,NULL,lccrawresults,2025-12-17
LA,202512,NULL,NULL,microsoft,US,10226,NULL,lccrawresults,2025-12-17
LA,202512,NULL,NULL,microsoft,US,131267,NULL,lccrawresults,2025-12-17
LA,202512,NULL,NULL,microsoft,US,9873,NULL,lccrawresults,2025-12-17
LA,202601,NULL,NULL,akamai,US,131267,NULL,lccrawresults,2026-01-17
LA,202601,NULL,NULL,akamai,US,9873,NULL,lccrawresults,2026-01-17
LA,202601,NULL,NULL,alibaba,China,131267,NULL,lccrawresults,2026-01-17
LA,202601,NULL,NULL,alibaba,China,9873,NULL,lccrawresults,2026-01-17
LA,202601,NULL,NULL,amazon,US,131267,NULL,lccrawresults,2026-01-17
LA,202601,NULL,NULL,amazon,US,9873,NULL,lccrawresults,2026-01-17
LA,202601,NULL,NULL,cdn77,UK,131267,NULL,lccrawresults,2026-01-17
LA,202601,NULL,NULL,cdn77,UK,9873,NULL,lccrawresults,2026-01-17
LA,202601,NULL,NULL,cloudflare,US,131267,NULL,lccrawresults,2026-01-17
LA,202601,NULL,NULL,cloudflare,US,9873,NULL,lccrawresults,2026-01-17
LA,202601,NULL,NULL,facebook,US,131267,NULL,lccrawresults,2026-01-17
LA,202601,NULL,NULL,facebook,US,9873,NULL,lccrawresults,2026-01-17
LA,202601,NULL,NULL,fastly,US,131267,NULL,lccrawresults,2026-01-17
LA,202601,NULL,NULL,fastly,US,9873,NULL,lccrawresults,2026-01-17
LA,202601,NULL,NULL,microsoft,US,131267,NULL,lccrawresults,2026-01-17
LA,202601,NULL,NULL,microsoft,US,9873,NULL,lccrawresults,2026-01-17
MM,202406,NULL,NULL,akamai,US,13335,NULL,lccrawresults,2024-06-02
MM,202406,NULL,NULL,akamai,US,13335,NULL,lccrawresults,2024-06-20
MM,202406,NULL,NULL,akamai,US,133384,NULL,lccrawresults,2024-06-02
MM,202406,NULL,NULL,akamai,US,133384,NULL,lccrawresults,2024-06-20
MM,202406,NULL,NULL,akamai,US,133385,NULL,lccrawresults,2024-06-02
MM,202406,NULL,NULL,akamai,US,133385,NULL,lccrawresults,2024-06-20
MM,202406,NULL,NULL,akamai,US,133524,NULL,lccrawresults,2024-06-02
MM,202406,NULL,NULL,akamai,US,133524,NULL,lccrawresults,2024-06-20
MM,202406,NULL,NULL,akamai,US,134739,NULL,lccrawresults,2024-06-02
MM,202406,NULL,NULL,akamai,US,134739,NULL,lccrawresults,2024-06-20
MM,202406,NULL,NULL,akamai,US,134840,NULL,lccrawresults,2024-06-02
MM,202406,NULL,NULL,akamai,US,134840,NULL,lccrawresults,2024-06-20
MM,202406,NULL,NULL,akamai,US,135405,NULL,lccrawresults,2024-06-02
MM,202406,NULL,NULL,akamai,US,135405,NULL,lccrawresults,2024-06-20
MM,202406,NULL,NULL,akamai,US,136210,NULL,lccrawresults,2024-06-02
MM,202406,NULL,NULL,akamai,US,136210,NULL,lccrawresults,2024-06-20
MM,202406,NULL,NULL,akamai,US,136255,NULL,lccrawresults,2024-06-02
MM,202406,NULL,NULL,akamai,US,136255,NULL,lccrawresults,2024-06-20
MM,202406,NULL,NULL,akamai,US,136442,NULL,lccrawresults,2024-06-02
MM,202406,NULL,NULL,akamai,US,136442,NULL,lccrawresults,2024-06-20
MM,202406,NULL,NULL,akamai,US,136480,NULL,lccrawresults,2024-06-02
MM,202406,NULL,NULL,akamai,US,136480,NULL,lccrawresults,2024-06-20
MM,202406,NULL,NULL,akamai,US,45558,NULL,lccrawresults,2024-06-02
MM,202406,NULL,NULL,akamai,US,45558,NULL,lccrawresults,2024-06-20
MM,202406,NULL,NULL,akamai,US,9988,NULL,lccrawresults,2024-06-02
MM,202406,NULL,NULL,akamai,US,9988,NULL,lccrawresults,2024-06-20
MM,202406,NULL,NULL,alibaba,China,133384,NULL,lccrawresults,2024-06-20
MM,202406,NULL,NULL,alibaba,China,133385,NULL,lccrawresults,2024-06-20
MM,202406,NULL,NULL,alibaba,China,134739,NULL,lccrawresults,2024-06-20
MM,202406,NULL,NULL,alibaba,China,134840,NULL,lccrawresults,2024-06-20
MM,202406,NULL,NULL,alibaba,China,135405,NULL,lccrawresults,2024-06-20
MM,202406,NULL,NULL,alibaba,China,136210,NULL,lccrawresults,2024-06-20
MM,202406,NULL,NULL,alibaba,China,136255,NULL,lccrawresults,2024-06-20
MM,202406,NULL,NULL,alibaba,China,136480,NULL,lccrawresults,2024-06-20
MM,202406,NULL,NULL,alibaba,China,45558,NULL,lccrawresults,2024-06-20
MM,202406,NULL,NULL,alibaba,China,9988,NULL,lccrawresults,2024-06-20
MM,202406,NULL,NULL,amazon,US,133384,NULL,lccrawresults,2024-06-20
MM,202406,NULL,NULL,amazon,US,133385,NULL,lccrawresults,2024-06-20
MM,202406,NULL,NULL,amazon,US,133524,NULL,lccrawresults,2024-06-20
MM,202406,NULL,NULL,amazon,US,134739,NULL,lccrawresults,2024-06-20
MM,202406,NULL,NULL,amazon,US,134840,NULL,lccrawresults,2024-06-20
MM,202406,NULL,NULL,amazon,US,135405,NULL,lccrawresults,2024-06-20
MM,202406,NULL,NULL,amazon,US,136210,NULL,lccrawresults,2024-06-20
MM,202406,NULL,NULL,amazon,US,136255,NULL,lccrawresults,2024-06-20
MM,202406,NULL,NULL,amazon,US,136442,NULL,lccrawresults,2024-06-20
MM,202406,NULL,NULL,amazon,US,136480,NULL,lccrawresults,2024-06-20
MM,202406,NULL,NULL,amazon,US,45558,NULL,lccrawresults,2024-06-20
MM,202406,NULL,NULL,amazon,US,9988,NULL,lccrawresults,2024-06-20
MM,202406,NULL,NULL,bunnycdn,Slovenia,133384,NULL,lccrawresults,2024-06-02
MM,202406,NULL,NULL,bunnycdn,Slovenia,133385,NULL,lccrawresults,2024-06-02
MM,202406,NULL,NULL,bunnycdn,Slovenia,133524,NULL,lccrawresults,2024-06-02
MM,202406,NULL,NULL,bunnycdn,Slovenia,134739,NULL,lccrawresults,2024-06-02
MM,202406,NULL,NULL,bunnycdn,Slovenia,134840,NULL,lccrawresults,2024-06-02
MM,202406,NULL,NULL,bunnycdn,Slovenia,135405,NULL,lccrawresults,2024-06-02
MM,202406,NULL,NULL,bunnycdn,Slovenia,136210,NULL,lccrawresults,2024-06-02
MM,202406,NULL,NULL,bunnycdn,Slovenia,136255,NULL,lccrawresults,2024-06-02
MM,202406,NULL,NULL,bunnycdn,Slovenia,136442,NULL,lccrawresults,2024-06-02
MM,202406,NULL,NULL,bunnycdn,Slovenia,136480,NULL,lccrawresults,2024-06-02
MM,202406,NULL,NULL,cdn77,UK,133384,NULL,lccrawresults,2024-06-20
MM,202406,NULL,NULL,cdn77,UK,133385,NULL,lccrawresults,2024-06-20
MM,202406,NULL,NULL,cdn77,UK,133524,NULL,lccrawresults,2024-06-20
MM,202406,NULL,NULL,cdn77,UK,134840,NULL,lccrawresults,2024-06-20
MM,202406,NULL,NULL,cdn77,UK,135405,NULL,lccrawresults,2024-06-20
MM,202406,NULL,NULL,cdn77,UK,136210,NULL,lccrawresults,2024-06-20
MM,202406,NULL,NULL,cdn77,UK,136480,NULL,lccrawresults,2024-06-20
MM,202406,NULL,NULL,cdn77,UK,9988,NULL,lccrawresults,2024-06-20
MM,202406,NULL,NULL,cloudflare,US,133384,NULL,lccrawresults,2024-06-02
MM,202406,NULL,NULL,cloudflare,US,133384,NULL,lccrawresults,2024-06-20
MM,202406,NULL,NULL,cloudflare,US,133385,NULL,lccrawresults,2024-06-02
MM,202406,NULL,NULL,cloudflare,US,133385,NULL,lccrawresults,2024-06-20
MM,202406,NULL,NULL,cloudflare,US,133524,NULL,lccrawresults,2024-06-02
MM,202406,NULL,NULL,cloudflare,US,133524,NULL,lccrawresults,2024-06-20
MM,202406,NULL,NULL,cloudflare,US,134739,NULL,lccrawresults,2024-06-02
MM,202406,NULL,NULL,cloudflare,US,134840,NULL,lccrawresults,2024-06-02
MM,202406,NULL,NULL,cloudflare,US,134840,NULL,lccrawresults,2024-06-20
MM,202406,NULL,NULL,cloudflare,US,135405,NULL,lccrawresults,2024-06-02
MM,202406,NULL,NULL,cloudflare,US,135405,NULL,lccrawresults,2024-06-20
MM,202406,NULL,NULL,cloudflare,US,136210,NULL,lccrawresults,2024-06-02
MM,202406,NULL,NULL,cloudflare,US,136210,NULL,lccrawresults,2024-06-20
MM,202406,NULL,NULL,cloudflare,US,136255,NULL,lccrawresults,2024-06-02
MM,202406,NULL,NULL,cloudflare,US,136255,NULL,lccrawresults,2024-06-20
MM,202406,NULL,NULL,cloudflare,US,136442,NULL,lccrawresults,2024-06-02
MM,202406,NULL,NULL,cloudflare,US,136442,NULL,lccrawresults,2024-06-20
MM,202406,NULL,NULL,cloudflare,US,136480,NULL,lccrawresults,2024-06-02
MM,202406,NULL,NULL,cloudflare,US,136480,NULL,lccrawresults,2024-06-20
MM,202406,NULL,NULL,cloudflare,US,45558,NULL,lccrawresults,2024-06-02
MM,202406,NULL,NULL,cloudflare,US,9988,NULL,lccrawresults,2024-06-02
MM,202406,NULL,NULL,cloudflare,US,9988,NULL,lccrawresults,2024-06-20
MM,202406,NULL,NULL,cloudfront,US,133384,NULL,lccrawresults,2024-06-02
MM,202406,NULL,NULL,cloudfront,US,133385,NULL,lccrawresults,2024-06-02
MM,202406,NULL,NULL,cloudfront,US,133524,NULL,lccrawresults,2024-06-02
MM,202406,NULL,NULL,cloudfront,US,134739,NULL,lccrawresults,2024-06-02
MM,202406,NULL,NULL,cloudfront,US,134840,NULL,lccrawresults,2024-06-02
MM,202406,NULL,NULL,cloudfront,US,135405,NULL,lccrawresults,2024-06-02
MM,202406,NULL,NULL,cloudfront,US,136210,NULL,lccrawresults,2024-06-02
MM,202406,NULL,NULL,cloudfront,US,136255,NULL,lccrawresults,2024-06-02
MM,202406,NULL,NULL,cloudfront,US,136442,NULL,lccrawresults,2024-06-02
MM,202406,NULL,NULL,cloudfront,US,136480,NULL,lccrawresults,2024-06-02
MM,202406,NULL,NULL,cloudfront,US,9988,NULL,lccrawresults,2024-06-02
MM,202406,NULL,NULL,fastly,US,133384,NULL,lccrawresults,2024-06-02
MM,202406,NULL,NULL,fastly,US,133384,NULL,lccrawresults,2024-06-20
MM,202406,NULL,NULL,fastly,US,133385,NULL,lccrawresults,2024-06-02
MM,202406,NULL,NULL,fastly,US,133385,NULL,lccrawresults,2024-06-20
MM,202406,NULL,NULL,fastly,US,133524,NULL,lccrawresults,2024-06-02
MM,202406,NULL,NULL,fastly,US,133524,NULL,lccrawresults,2024-06-20
MM,202406,NULL,NULL,fastly,US,134739,NULL,lccrawresults,2024-06-02
MM,202406,NULL,NULL,fastly,US,134840,NULL,lccrawresults,2024-06-02
MM,202406,NULL,NULL,fastly,US,134840,NULL,lccrawresults,2024-06-20
MM,202406,NULL,NULL,fastly,US,135405,NULL,lccrawresults,2024-06-02
MM,202406,NULL,NULL,fastly,US,135405,NULL,lccrawresults,2024-06-20
MM,202406,NULL,NULL,fastly,US,136210,NULL,lccrawresults,2024-06-02
MM,202406,NULL,NULL,fastly,US,136210,NULL,lccrawresults,2024-06-20
MM,202406,NULL,NULL,fastly,US,136442,NULL,lccrawresults,2024-06-02
MM,202406,NULL,NULL,fastly,US,136480,NULL,lccrawresults,2024-06-02
MM,202406,NULL,NULL,fastly,US,136480,NULL,lccrawresults,2024-06-20
MM,202406,NULL,NULL,fastly,US,45558,NULL,lccrawresults,2024-06-20
MM,202406,NULL,NULL,microsoft,US,13335,NULL,lccrawresults,2024-06-20
MM,202406,NULL,NULL,microsoft,US,133384,NULL,lccrawresults,2024-06-20
MM,202406,NULL,NULL,microsoft,US,133385,NULL,lccrawresults,2024-06-20
MM,202406,NULL,NULL,microsoft,US,133524,NULL,lccrawresults,2024-06-20
MM,202406,NULL,NULL,microsoft,US,134739,NULL,lccrawresults,2024-06-20
MM,202406,NULL,NULL,microsoft,US,134840,NULL,lccrawresults,2024-06-20
MM,202406,NULL,NULL,microsoft,US,135405,NULL,lccrawresults,2024-06-20
MM,202406,NULL,NULL,microsoft,US,136210,NULL,lccrawresults,2024-06-20
MM,202406,NULL,NULL,microsoft,US,136255,NULL,lccrawresults,2024-06-20
MM,202406,NULL,NULL,microsoft,US,136442,NULL,lccrawresults,2024-06-20
MM,202406,NULL,NULL,microsoft,US,136480,NULL,lccrawresults,2024-06-20
MM,202406,NULL,NULL,microsoft,US,45558,NULL,lccrawresults,2024-06-20
MM,202406,NULL,NULL,microsoft,US,9988,NULL,lccrawresults,2024-06-20
MM,202408,NULL,NULL,akamai,US,134739,NULL,lccrawresults,2024-08-09
MM,202408,NULL,NULL,akamai,US,134739,NULL,lccrawresults,2024-08-19
MM,202408,NULL,NULL,alibaba,China,134739,NULL,lccrawresults,2024-08-09
MM,202408,NULL,NULL,alibaba,China,134739,NULL,lccrawresults,2024-08-19
MM,202408,NULL,NULL,amazon,US,134739,NULL,lccrawresults,2024-08-09
MM,202408,NULL,NULL,amazon,US,134739,NULL,lccrawresults,2024-08-19
MM,202408,NULL,NULL,cdn77,UK,45558,NULL,lccrawresults,2024-08-09
MM,202408,NULL,NULL,cloudflare,US,134739,NULL,lccrawresults,2024-08-09
MM,202408,NULL,NULL,cloudflare,US,134739,NULL,lccrawresults,2024-08-19
MM,202408,NULL,NULL,facebook,US,13335,NULL,lccrawresults,2024-08-19
MM,202408,NULL,NULL,fastly,US,133524,NULL,lccrawresults,2024-08-09
MM,202408,NULL,NULL,fastly,US,45558,NULL,lccrawresults,2024-08-19
MM,202408,NULL,NULL,microsoft,US,134739,NULL,lccrawresults,2024-08-09
MM,202408,NULL,NULL,microsoft,US,134739,NULL,lccrawresults,2024-08-19
MM,202409,NULL,NULL,akamai,US,134739,NULL,lccrawresults,2024-09-17
MM,202409,NULL,NULL,akamai,US,134739,NULL,lccrawresults,2024-09-16
MM,202409,NULL,NULL,alibaba,China,134739,NULL,lccrawresults,2024-09-17
MM,202409,NULL,NULL,alibaba,China,134739,NULL,lccrawresults,2024-09-16
MM,202409,NULL,NULL,amazon,US,134739,NULL,lccrawresults,2024-09-17
MM,202409,NULL,NULL,amazon,US,134739,NULL,lccrawresults,2024-09-16
MM,202409,NULL,NULL,cloudflare,US,134739,NULL,lccrawresults,2024-09-17
MM,202409,NULL,NULL,cloudflare,US,134739,NULL,lccrawresults,2024-09-16
MM,202409,NULL,NULL,fastly,US,134739,NULL,lccrawresults,2024-09-17
MM,202409,NULL,NULL,fastly,US,134739,NULL,lccrawresults,2024-09-16
MM,202409,NULL,NULL,microsoft,US,134739,NULL,lccrawresults,2024-09-17
MM,202409,NULL,NULL,microsoft,US,134739,NULL,lccrawresults,2024-09-16
MM,202410,NULL,NULL,akamai,US,134739,NULL,lccrawresults,2024-10-17
MM,202410,NULL,NULL,alibaba,China,134739,NULL,lccrawresults,2024-10-17
MM,202410,NULL,NULL,amazon,US,134739,NULL,lccrawresults,2024-10-17
MM,202410,NULL,NULL,cloudflare,US,134739,NULL,lccrawresults,2024-10-17
MM,202410,NULL,NULL,facebook,US,13335,NULL,lccrawresults,2024-10-17
MM,202410,NULL,NULL,fastly,US,134739,NULL,lccrawresults,2024-10-17
MM,202410,NULL,NULL,microsoft,US,134739,NULL,lccrawresults,2024-10-17
MM,202411,NULL,NULL,akamai,US,134739,NULL,lccrawresults,2024-11-17
MM,202411,NULL,NULL,alibaba,China,134739,NULL,lccrawresults,2024-11-17
MM,202411,NULL,NULL,amazon,US,134739,NULL,lccrawresults,2024-11-17
MM,202411,NULL,NULL,cdn77,UK,133524,NULL,lccrawresults,2024-11-17
MM,202411,NULL,NULL,cloudflare,US,134739,NULL,lccrawresults,2024-11-17
MM,202411,NULL,NULL,facebook,US,13335,NULL,lccrawresults,2024-11-17
MM,202411,NULL,NULL,fastly,US,134739,NULL,lccrawresults,2024-11-17
MM,202411,NULL,NULL,microsoft,US,134739,NULL,lccrawresults,2024-11-17
MM,202412,NULL,NULL,akamai,US,134739,NULL,lccrawresults,2024-12-18
MM,202412,NULL,NULL,alibaba,China,134739,NULL,lccrawresults,2024-12-18
MM,202412,NULL,NULL,amazon,US,134739,NULL,lccrawresults,2024-12-18
MM,202412,NULL,NULL,cdn77,UK,134739,NULL,lccrawresults,2024-12-18
MM,202412,NULL,NULL,cloudflare,US,134739,NULL,lccrawresults,2024-12-18
MM,202412,NULL,NULL,facebook,US,13335,NULL,lccrawresults,2024-12-18
MM,202412,NULL,NULL,fastly,US,134739,NULL,lccrawresults,2024-12-18
MM,202412,NULL,NULL,microsoft,US,134739,NULL,lccrawresults,2024-12-18
MM,202501,NULL,NULL,akamai,US,134739,NULL,lccrawresults,2025-01-17
MM,202501,NULL,NULL,alibaba,China,134739,NULL,lccrawresults,2025-01-17
MM,202501,NULL,NULL,amazon,US,134739,NULL,lccrawresults,2025-01-17
MM,202501,NULL,NULL,cloudflare,US,134739,NULL,lccrawresults,2025-01-17
MM,202501,NULL,NULL,facebook,US,13335,NULL,lccrawresults,2025-01-17
MM,202501,NULL,NULL,fastly,US,134739,NULL,lccrawresults,2025-01-17
MM,202501,NULL,NULL,microsoft,US,134739,NULL,lccrawresults,2025-01-17
MM,202502,NULL,NULL,akamai,US,132167,NULL,lccrawresults,2025-02-17
MM,202502,NULL,NULL,akamai,US,13335,NULL,lccrawresults,2025-02-17
MM,202502,NULL,NULL,akamai,US,133384,NULL,lccrawresults,2025-02-17
MM,202502,NULL,NULL,akamai,US,133385,NULL,lccrawresults,2025-02-17
MM,202502,NULL,NULL,akamai,US,133524,NULL,lccrawresults,2025-02-17
MM,202502,NULL,NULL,akamai,US,134739,NULL,lccrawresults,2025-02-17
MM,202502,NULL,NULL,akamai,US,135300,NULL,lccrawresults,2025-02-17
MM,202502,NULL,NULL,akamai,US,135405,NULL,lccrawresults,2025-02-17
MM,202502,NULL,NULL,akamai,US,135589,NULL,lccrawresults,2025-02-17
MM,202502,NULL,NULL,akamai,US,136210,NULL,lccrawresults,2025-02-17
MM,202502,NULL,NULL,akamai,US,136255,NULL,lccrawresults,2025-02-17
MM,202502,NULL,NULL,akamai,US,136442,NULL,lccrawresults,2025-02-17
MM,202502,NULL,NULL,akamai,US,136480,NULL,lccrawresults,2025-02-17
MM,202502,NULL,NULL,akamai,US,9988,NULL,lccrawresults,2025-02-17
MM,202502,NULL,NULL,alibaba,China,132167,NULL,lccrawresults,2025-02-17
MM,202502,NULL,NULL,alibaba,China,13335,NULL,lccrawresults,2025-02-17
MM,202502,NULL,NULL,alibaba,China,133385,NULL,lccrawresults,2025-02-17
MM,202502,NULL,NULL,alibaba,China,134739,NULL,lccrawresults,2025-02-17
MM,202502,NULL,NULL,alibaba,China,135300,NULL,lccrawresults,2025-02-17
MM,202502,NULL,NULL,alibaba,China,135405,NULL,lccrawresults,2025-02-17
MM,202502,NULL,NULL,alibaba,China,135589,NULL,lccrawresults,2025-02-17
MM,202502,NULL,NULL,alibaba,China,136210,NULL,lccrawresults,2025-02-17
MM,202502,NULL,NULL,alibaba,China,136255,NULL,lccrawresults,2025-02-17
MM,202502,NULL,NULL,alibaba,China,136442,NULL,lccrawresults,2025-02-17
MM,202502,NULL,NULL,alibaba,China,136480,NULL,lccrawresults,2025-02-17
MM,202502,NULL,NULL,alibaba,China,9988,NULL,lccrawresults,2025-02-17
MM,202502,NULL,NULL,amazon,US,132167,NULL,lccrawresults,2025-02-17
MM,202502,NULL,NULL,amazon,US,13335,NULL,lccrawresults,2025-02-17
MM,202502,NULL,NULL,amazon,US,133385,NULL,lccrawresults,2025-02-17
MM,202502,NULL,NULL,amazon,US,133524,NULL,lccrawresults,2025-02-17
MM,202502,NULL,NULL,amazon,US,134739,NULL,lccrawresults,2025-02-17
MM,202502,NULL,NULL,amazon,US,135300,NULL,lccrawresults,2025-02-17
MM,202502,NULL,NULL,amazon,US,135405,NULL,lccrawresults,2025-02-17
MM,202502,NULL,NULL,amazon,US,135589,NULL,lccrawresults,2025-02-17
MM,202502,NULL,NULL,amazon,US,136210,NULL,lccrawresults,2025-02-17
MM,202502,NULL,NULL,amazon,US,136255,NULL,lccrawresults,2025-02-17
MM,202502,NULL,NULL,amazon,US,9988,NULL,lccrawresults,2025-02-17
MM,202502,NULL,NULL,cloudflare,US,132167,NULL,lccrawresults,2025-02-17
MM,202502,NULL,NULL,cloudflare,US,13335,NULL,lccrawresults,2025-02-17
MM,202502,NULL,NULL,cloudflare,US,133384,NULL,lccrawresults,2025-02-17
MM,202502,NULL,NULL,cloudflare,US,133385,NULL,lccrawresults,2025-02-17
MM,202502,NULL,NULL,cloudflare,US,133524,NULL,lccrawresults,2025-02-17
MM,202502,NULL,NULL,cloudflare,US,134739,NULL,lccrawresults,2025-02-17
MM,202502,NULL,NULL,cloudflare,US,135300,NULL,lccrawresults,2025-02-17
MM,202502,NULL,NULL,cloudflare,US,135405,NULL,lccrawresults,2025-02-17
MM,202502,NULL,NULL,cloudflare,US,135589,NULL,lccrawresults,2025-02-17
MM,202502,NULL,NULL,cloudflare,US,136210,NULL,lccrawresults,2025-02-17
MM,202502,NULL,NULL,cloudflare,US,136255,NULL,lccrawresults,2025-02-17
MM,202502,NULL,NULL,cloudflare,US,136442,NULL,lccrawresults,2025-02-17
MM,202502,NULL,NULL,cloudflare,US,136480,NULL,lccrawresults,2025-02-17
MM,202502,NULL,NULL,cloudflare,US,9988,NULL,lccrawresults,2025-02-17
MM,202502,NULL,NULL,facebook,US,13335,NULL,lccrawresults,2025-02-17
MM,202502,NULL,NULL,facebook,US,9988,NULL,lccrawresults,2025-02-17
MM,202502,NULL,NULL,fastly,US,132167,NULL,lccrawresults,2025-02-17
MM,202502,NULL,NULL,fastly,US,13335,NULL,lccrawresults,2025-02-17
MM,202502,NULL,NULL,fastly,US,133384,NULL,lccrawresults,2025-02-17
MM,202502,NULL,NULL,fastly,US,133385,NULL,lccrawresults,2025-02-17
MM,202502,NULL,NULL,fastly,US,133524,NULL,lccrawresults,2025-02-17
MM,202502,NULL,NULL,fastly,US,134739,NULL,lccrawresults,2025-02-17
MM,202502,NULL,NULL,fastly,US,135300,NULL,lccrawresults,2025-02-17
MM,202502,NULL,NULL,fastly,US,135405,NULL,lccrawresults,2025-02-17
MM,202502,NULL,NULL,fastly,US,135589,NULL,lccrawresults,2025-02-17
MM,202502,NULL,NULL,fastly,US,136210,NULL,lccrawresults,2025-02-17
MM,202502,NULL,NULL,fastly,US,136255,NULL,lccrawresults,2025-02-17
MM,202502,NULL,NULL,fastly,US,136442,NULL,lccrawresults,2025-02-17
MM,202502,NULL,NULL,fastly,US,136480,NULL,lccrawresults,2025-02-17
MM,202502,NULL,NULL,fastly,US,9988,NULL,lccrawresults,2025-02-17
MM,202502,NULL,NULL,microsoft,US,132167,NULL,lccrawresults,2025-02-17
MM,202502,NULL,NULL,microsoft,US,13335,NULL,lccrawresults,2025-02-17
MM,202502,NULL,NULL,microsoft,US,133384,NULL,lccrawresults,2025-02-17
MM,202502,NULL,NULL,microsoft,US,133385,NULL,lccrawresults,2025-02-17
MM,202502,NULL,NULL,microsoft,US,133524,NULL,lccrawresults,2025-02-17
MM,202502,NULL,NULL,microsoft,US,134739,NULL,lccrawresults,2025-02-17
MM,202502,NULL,NULL,microsoft,US,135300,NULL,lccrawresults,2025-02-17
MM,202502,NULL,NULL,microsoft,US,135405,NULL,lccrawresults,2025-02-17
MM,202502,NULL,NULL,microsoft,US,135589,NULL,lccrawresults,2025-02-17
MM,202502,NULL,NULL,microsoft,US,136210,NULL,lccrawresults,2025-02-17
MM,202502,NULL,NULL,microsoft,US,136255,NULL,lccrawresults,2025-02-17
MM,202502,NULL,NULL,microsoft,US,136442,NULL,lccrawresults,2025-02-17
MM,202502,NULL,NULL,microsoft,US,136480,NULL,lccrawresults,2025-02-17
MM,202502,NULL,NULL,microsoft,US,9988,NULL,lccrawresults,2025-02-17
MM,202503,NULL,NULL,akamai,US,132148,NULL,lccrawresults,2025-03-17
MM,202503,NULL,NULL,akamai,US,132167,NULL,lccrawresults,2025-03-17
MM,202503,NULL,NULL,akamai,US,13335,NULL,lccrawresults,2025-03-17
MM,202503,NULL,NULL,akamai,US,133384,NULL,lccrawresults,2025-03-17
MM,202503,NULL,NULL,akamai,US,133385,NULL,lccrawresults,2025-03-17
MM,202503,NULL,NULL,akamai,US,133524,NULL,lccrawresults,2025-03-17
MM,202503,NULL,NULL,akamai,US,134739,NULL,lccrawresults,2025-03-17
MM,202503,NULL,NULL,akamai,US,134840,NULL,lccrawresults,2025-03-17
MM,202503,NULL,NULL,akamai,US,135300,NULL,lccrawresults,2025-03-17
MM,202503,NULL,NULL,akamai,US,135405,NULL,lccrawresults,2025-03-17
MM,202503,NULL,NULL,akamai,US,135589,NULL,lccrawresults,2025-03-17
MM,202503,NULL,NULL,akamai,US,136210,NULL,lccrawresults,2025-03-17
MM,202503,NULL,NULL,akamai,US,136255,NULL,lccrawresults,2025-03-17
MM,202503,NULL,NULL,akamai,US,136442,NULL,lccrawresults,2025-03-17
MM,202503,NULL,NULL,akamai,US,150692,NULL,lccrawresults,2025-03-17
MM,202503,NULL,NULL,alibaba,China,132148,NULL,lccrawresults,2025-03-17
MM,202503,NULL,NULL,alibaba,China,132167,NULL,lccrawresults,2025-03-17
MM,202503,NULL,NULL,alibaba,China,13335,NULL,lccrawresults,2025-03-17
MM,202503,NULL,NULL,alibaba,China,133384,NULL,lccrawresults,2025-03-17
MM,202503,NULL,NULL,alibaba,China,133385,NULL,lccrawresults,2025-03-17
MM,202503,NULL,NULL,alibaba,China,133524,NULL,lccrawresults,2025-03-17
MM,202503,NULL,NULL,alibaba,China,134739,NULL,lccrawresults,2025-03-17
MM,202503,NULL,NULL,alibaba,China,134840,NULL,lccrawresults,2025-03-17
MM,202503,NULL,NULL,alibaba,China,135300,NULL,lccrawresults,2025-03-17
MM,202503,NULL,NULL,alibaba,China,135405,NULL,lccrawresults,2025-03-17
MM,202503,NULL,NULL,alibaba,China,135589,NULL,lccrawresults,2025-03-17
MM,202503,NULL,NULL,alibaba,China,136210,NULL,lccrawresults,2025-03-17
MM,202503,NULL,NULL,alibaba,China,136442,NULL,lccrawresults,2025-03-17
MM,202503,NULL,NULL,alibaba,China,150692,NULL,lccrawresults,2025-03-17
MM,202503,NULL,NULL,amazon,US,132148,NULL,lccrawresults,2025-03-17
MM,202503,NULL,NULL,amazon,US,132167,NULL,lccrawresults,2025-03-17
MM,202503,NULL,NULL,amazon,US,13335,NULL,lccrawresults,2025-03-17
MM,202503,NULL,NULL,amazon,US,133384,NULL,lccrawresults,2025-03-17
MM,202503,NULL,NULL,amazon,US,133385,NULL,lccrawresults,2025-03-17
MM,202503,NULL,NULL,amazon,US,134739,NULL,lccrawresults,2025-03-17
MM,202503,NULL,NULL,amazon,US,134840,NULL,lccrawresults,2025-03-17
MM,202503,NULL,NULL,amazon,US,135300,NULL,lccrawresults,2025-03-17
MM,202503,NULL,NULL,amazon,US,135405,NULL,lccrawresults,2025-03-17
MM,202503,NULL,NULL,amazon,US,135589,NULL,lccrawresults,2025-03-17
MM,202503,NULL,NULL,amazon,US,150692,NULL,lccrawresults,2025-03-17
MM,202503,NULL,NULL,cdn77,UK,13335,NULL,lccrawresults,2025-03-17
MM,202503,NULL,NULL,cdn77,UK,133384,NULL,lccrawresults,2025-03-17
MM,202503,NULL,NULL,cdn77,UK,135300,NULL,lccrawresults,2025-03-17
MM,202503,NULL,NULL,cdn77,UK,135589,NULL,lccrawresults,2025-03-17
MM,202503,NULL,NULL,cdn77,UK,136210,NULL,lccrawresults,2025-03-17
MM,202503,NULL,NULL,cdn77,UK,150692,NULL,lccrawresults,2025-03-17
MM,202503,NULL,NULL,cloudflare,US,132148,NULL,lccrawresults,2025-03-17
MM,202503,NULL,NULL,cloudflare,US,132167,NULL,lccrawresults,2025-03-17
MM,202503,NULL,NULL,cloudflare,US,13335,NULL,lccrawresults,2025-03-17
MM,202503,NULL,NULL,cloudflare,US,133384,NULL,lccrawresults,2025-03-17
MM,202503,NULL,NULL,cloudflare,US,133385,NULL,lccrawresults,2025-03-17
MM,202503,NULL,NULL,cloudflare,US,133524,NULL,lccrawresults,2025-03-17
MM,202503,NULL,NULL,cloudflare,US,134739,NULL,lccrawresults,2025-03-17
MM,202503,NULL,NULL,cloudflare,US,134840,NULL,lccrawresults,2025-03-17
MM,202503,NULL,NULL,cloudflare,US,135300,NULL,lccrawresults,2025-03-17
MM,202503,NULL,NULL,cloudflare,US,135405,NULL,lccrawresults,2025-03-17
MM,202503,NULL,NULL,cloudflare,US,135589,NULL,lccrawresults,2025-03-17
MM,202503,NULL,NULL,cloudflare,US,136210,NULL,lccrawresults,2025-03-17
MM,202503,NULL,NULL,cloudflare,US,136255,NULL,lccrawresults,2025-03-17
MM,202503,NULL,NULL,cloudflare,US,136442,NULL,lccrawresults,2025-03-17
MM,202503,NULL,NULL,cloudflare,US,150692,NULL,lccrawresults,2025-03-17
MM,202503,NULL,NULL,facebook,US,13335,NULL,lccrawresults,2025-03-17
MM,202503,NULL,NULL,fastly,US,132148,NULL,lccrawresults,2025-03-17
MM,202503,NULL,NULL,fastly,US,132167,NULL,lccrawresults,2025-03-17
MM,202503,NULL,NULL,fastly,US,13335,NULL,lccrawresults,2025-03-17
MM,202503,NULL,NULL,fastly,US,133384,NULL,lccrawresults,2025-03-17
MM,202503,NULL,NULL,fastly,US,133385,NULL,lccrawresults,2025-03-17
MM,202503,NULL,NULL,fastly,US,133524,NULL,lccrawresults,2025-03-17
MM,202503,NULL,NULL,fastly,US,134739,NULL,lccrawresults,2025-03-17
MM,202503,NULL,NULL,fastly,US,134840,NULL,lccrawresults,2025-03-17
MM,202503,NULL,NULL,fastly,US,135300,NULL,lccrawresults,2025-03-17
MM,202503,NULL,NULL,fastly,US,135405,NULL,lccrawresults,2025-03-17
MM,202503,NULL,NULL,fastly,US,135589,NULL,lccrawresults,2025-03-17
MM,202503,NULL,NULL,fastly,US,136210,NULL,lccrawresults,2025-03-17
MM,202503,NULL,NULL,fastly,US,136255,NULL,lccrawresults,2025-03-17
MM,202503,NULL,NULL,fastly,US,136442,NULL,lccrawresults,2025-03-17
MM,202503,NULL,NULL,fastly,US,150692,NULL,lccrawresults,2025-03-17
MM,202503,NULL,NULL,microsoft,US,132148,NULL,lccrawresults,2025-03-17
MM,202503,NULL,NULL,microsoft,US,132167,NULL,lccrawresults,2025-03-17
MM,202503,NULL,NULL,microsoft,US,13335,NULL,lccrawresults,2025-03-17
MM,202503,NULL,NULL,microsoft,US,133384,NULL,lccrawresults,2025-03-17
MM,202503,NULL,NULL,microsoft,US,133385,NULL,lccrawresults,2025-03-17
MM,202503,NULL,NULL,microsoft,US,133524,NULL,lccrawresults,2025-03-17
MM,202503,NULL,NULL,microsoft,US,134739,NULL,lccrawresults,2025-03-17
MM,202503,NULL,NULL,microsoft,US,134840,NULL,lccrawresults,2025-03-17
MM,202503,NULL,NULL,microsoft,US,135300,NULL,lccrawresults,2025-03-17
MM,202503,NULL,NULL,microsoft,US,135405,NULL,lccrawresults,2025-03-17
MM,202503,NULL,NULL,microsoft,US,135589,NULL,lccrawresults,2025-03-17
MM,202503,NULL,NULL,microsoft,US,136210,NULL,lccrawresults,2025-03-17
MM,202503,NULL,NULL,microsoft,US,136255,NULL,lccrawresults,2025-03-17
MM,202503,NULL,NULL,microsoft,US,136442,NULL,lccrawresults,2025-03-17
MM,202503,NULL,NULL,microsoft,US,150692,NULL,lccrawresults,2025-03-17
MM,202504,NULL,NULL,akamai,US,132148,NULL,lccrawresults,2025-04-17
MM,202504,NULL,NULL,akamai,US,132167,NULL,lccrawresults,2025-04-17
MM,202504,NULL,NULL,akamai,US,13335,NULL,lccrawresults,2025-04-17
MM,202504,NULL,NULL,akamai,US,133384,NULL,lccrawresults,2025-04-17
MM,202504,NULL,NULL,akamai,US,133385,NULL,lccrawresults,2025-04-17
MM,202504,NULL,NULL,akamai,US,133524,NULL,lccrawresults,2025-04-17
MM,202504,NULL,NULL,akamai,US,134739,NULL,lccrawresults,2025-04-17
MM,202504,NULL,NULL,akamai,US,134840,NULL,lccrawresults,2025-04-17
MM,202504,NULL,NULL,akamai,US,135300,NULL,lccrawresults,2025-04-17
MM,202504,NULL,NULL,akamai,US,135405,NULL,lccrawresults,2025-04-17
MM,202504,NULL,NULL,akamai,US,135589,NULL,lccrawresults,2025-04-17
MM,202504,NULL,NULL,akamai,US,136210,NULL,lccrawresults,2025-04-17
MM,202504,NULL,NULL,akamai,US,136255,NULL,lccrawresults,2025-04-17
MM,202504,NULL,NULL,akamai,US,136442,NULL,lccrawresults,2025-04-17
MM,202504,NULL,NULL,akamai,US,150692,NULL,lccrawresults,2025-04-17
MM,202504,NULL,NULL,alibaba,China,132148,NULL,lccrawresults,2025-04-17
MM,202504,NULL,NULL,alibaba,China,132167,NULL,lccrawresults,2025-04-17
MM,202504,NULL,NULL,alibaba,China,13335,NULL,lccrawresults,2025-04-17
MM,202504,NULL,NULL,alibaba,China,133384,NULL,lccrawresults,2025-04-17
MM,202504,NULL,NULL,alibaba,China,133385,NULL,lccrawresults,2025-04-17
MM,202504,NULL,NULL,alibaba,China,133524,NULL,lccrawresults,2025-04-17
MM,202504,NULL,NULL,alibaba,China,134739,NULL,lccrawresults,2025-04-17
MM,202504,NULL,NULL,alibaba,China,134840,NULL,lccrawresults,2025-04-17
MM,202504,NULL,NULL,alibaba,China,135300,NULL,lccrawresults,2025-04-17
MM,202504,NULL,NULL,alibaba,China,135405,NULL,lccrawresults,2025-04-17
MM,202504,NULL,NULL,alibaba,China,135589,NULL,lccrawresults,2025-04-17
MM,202504,NULL,NULL,alibaba,China,136210,NULL,lccrawresults,2025-04-17
MM,202504,NULL,NULL,alibaba,China,136442,NULL,lccrawresults,2025-04-17
MM,202504,NULL,NULL,alibaba,China,150692,NULL,lccrawresults,2025-04-17
MM,202504,NULL,NULL,amazon,US,132148,NULL,lccrawresults,2025-04-17
MM,202504,NULL,NULL,amazon,US,132167,NULL,lccrawresults,2025-04-17
MM,202504,NULL,NULL,amazon,US,13335,NULL,lccrawresults,2025-04-17
MM,202504,NULL,NULL,amazon,US,133384,NULL,lccrawresults,2025-04-17
MM,202504,NULL,NULL,amazon,US,133385,NULL,lccrawresults,2025-04-17
MM,202504,NULL,NULL,amazon,US,133524,NULL,lccrawresults,2025-04-17
MM,202504,NULL,NULL,amazon,US,134739,NULL,lccrawresults,2025-04-17
MM,202504,NULL,NULL,amazon,US,134840,NULL,lccrawresults,2025-04-17
MM,202504,NULL,NULL,amazon,US,135300,NULL,lccrawresults,2025-04-17
MM,202504,NULL,NULL,amazon,US,135405,NULL,lccrawresults,2025-04-17
MM,202504,NULL,NULL,amazon,US,135589,NULL,lccrawresults,2025-04-17
MM,202504,NULL,NULL,amazon,US,136210,NULL,lccrawresults,2025-04-17
MM,202504,NULL,NULL,amazon,US,136255,NULL,lccrawresults,2025-04-17
MM,202504,NULL,NULL,amazon,US,136442,NULL,lccrawresults,2025-04-17
MM,202504,NULL,NULL,cdn77,UK,132148,NULL,lccrawresults,2025-04-17
MM,202504,NULL,NULL,cdn77,UK,132167,NULL,lccrawresults,2025-04-17
MM,202504,NULL,NULL,cdn77,UK,13335,NULL,lccrawresults,2025-04-17
MM,202504,NULL,NULL,cdn77,UK,133385,NULL,lccrawresults,2025-04-17
MM,202504,NULL,NULL,cdn77,UK,134739,NULL,lccrawresults,2025-04-17
MM,202504,NULL,NULL,cdn77,UK,135300,NULL,lccrawresults,2025-04-17
MM,202504,NULL,NULL,cdn77,UK,135405,NULL,lccrawresults,2025-04-17
MM,202504,NULL,NULL,cdn77,UK,135589,NULL,lccrawresults,2025-04-17
MM,202504,NULL,NULL,cloudflare,US,132148,NULL,lccrawresults,2025-04-17
MM,202504,NULL,NULL,cloudflare,US,132167,NULL,lccrawresults,2025-04-17
MM,202504,NULL,NULL,cloudflare,US,13335,NULL,lccrawresults,2025-04-17
MM,202504,NULL,NULL,cloudflare,US,133384,NULL,lccrawresults,2025-04-17
MM,202504,NULL,NULL,cloudflare,US,133524,NULL,lccrawresults,2025-04-17
MM,202504,NULL,NULL,cloudflare,US,134739,NULL,lccrawresults,2025-04-17
MM,202504,NULL,NULL,cloudflare,US,134840,NULL,lccrawresults,2025-04-17
MM,202504,NULL,NULL,cloudflare,US,135300,NULL,lccrawresults,2025-04-17
MM,202504,NULL,NULL,cloudflare,US,135405,NULL,lccrawresults,2025-04-17
MM,202504,NULL,NULL,cloudflare,US,135589,NULL,lccrawresults,2025-04-17
MM,202504,NULL,NULL,cloudflare,US,136210,NULL,lccrawresults,2025-04-17
MM,202504,NULL,NULL,cloudflare,US,136255,NULL,lccrawresults,2025-04-17
MM,202504,NULL,NULL,cloudflare,US,136442,NULL,lccrawresults,2025-04-17
MM,202504,NULL,NULL,cloudflare,US,150692,NULL,lccrawresults,2025-04-17
MM,202504,NULL,NULL,facebook,US,13335,NULL,lccrawresults,2025-04-17
MM,202504,NULL,NULL,facebook,US,135589,NULL,lccrawresults,2025-04-17
MM,202504,NULL,NULL,fastly,US,132148,NULL,lccrawresults,2025-04-17
MM,202504,NULL,NULL,fastly,US,132167,NULL,lccrawresults,2025-04-17
MM,202504,NULL,NULL,fastly,US,13335,NULL,lccrawresults,2025-04-17
MM,202504,NULL,NULL,fastly,US,133384,NULL,lccrawresults,2025-04-17
MM,202504,NULL,NULL,fastly,US,133385,NULL,lccrawresults,2025-04-17
MM,202504,NULL,NULL,fastly,US,133524,NULL,lccrawresults,2025-04-17
MM,202504,NULL,NULL,fastly,US,134739,NULL,lccrawresults,2025-04-17
MM,202504,NULL,NULL,fastly,US,134840,NULL,lccrawresults,2025-04-17
MM,202504,NULL,NULL,fastly,US,135300,NULL,lccrawresults,2025-04-17
MM,202504,NULL,NULL,fastly,US,135405,NULL,lccrawresults,2025-04-17
MM,202504,NULL,NULL,fastly,US,135589,NULL,lccrawresults,2025-04-17
MM,202504,NULL,NULL,fastly,US,136210,NULL,lccrawresults,2025-04-17
MM,202504,NULL,NULL,fastly,US,136255,NULL,lccrawresults,2025-04-17
MM,202504,NULL,NULL,fastly,US,136442,NULL,lccrawresults,2025-04-17
MM,202504,NULL,NULL,fastly,US,150692,NULL,lccrawresults,2025-04-17
MM,202504,NULL,NULL,microsoft,US,132148,NULL,lccrawresults,2025-04-17
MM,202504,NULL,NULL,microsoft,US,132167,NULL,lccrawresults,2025-04-17
MM,202504,NULL,NULL,microsoft,US,13335,NULL,lccrawresults,2025-04-17
MM,202504,NULL,NULL,microsoft,US,133384,NULL,lccrawresults,2025-04-17
MM,202504,NULL,NULL,microsoft,US,133385,NULL,lccrawresults,2025-04-17
MM,202504,NULL,NULL,microsoft,US,133524,NULL,lccrawresults,2025-04-17
MM,202504,NULL,NULL,microsoft,US,134739,NULL,lccrawresults,2025-04-17
MM,202504,NULL,NULL,microsoft,US,134840,NULL,lccrawresults,2025-04-17
MM,202504,NULL,NULL,microsoft,US,135300,NULL,lccrawresults,2025-04-17
MM,202504,NULL,NULL,microsoft,US,135405,NULL,lccrawresults,2025-04-17
MM,202504,NULL,NULL,microsoft,US,135589,NULL,lccrawresults,2025-04-17
MM,202504,NULL,NULL,microsoft,US,136210,NULL,lccrawresults,2025-04-17
MM,202504,NULL,NULL,microsoft,US,136255,NULL,lccrawresults,2025-04-17
MM,202504,NULL,NULL,microsoft,US,136442,NULL,lccrawresults,2025-04-17
MM,202504,NULL,NULL,microsoft,US,150692,NULL,lccrawresults,2025-04-17
MM,202505,NULL,NULL,akamai,US,132148,NULL,lccrawresults,2025-05-17
MM,202505,NULL,NULL,akamai,US,132167,NULL,lccrawresults,2025-05-17
MM,202505,NULL,NULL,akamai,US,133384,NULL,lccrawresults,2025-05-17
MM,202505,NULL,NULL,akamai,US,133385,NULL,lccrawresults,2025-05-17
MM,202505,NULL,NULL,akamai,US,133524,NULL,lccrawresults,2025-05-17
MM,202505,NULL,NULL,akamai,US,134739,NULL,lccrawresults,2025-05-17
MM,202505,NULL,NULL,akamai,US,134840,NULL,lccrawresults,2025-05-17
MM,202505,NULL,NULL,akamai,US,135300,NULL,lccrawresults,2025-05-17
MM,202505,NULL,NULL,akamai,US,135405,NULL,lccrawresults,2025-05-17
MM,202505,NULL,NULL,akamai,US,135589,NULL,lccrawresults,2025-05-17
MM,202505,NULL,NULL,akamai,US,136210,NULL,lccrawresults,2025-05-17
MM,202505,NULL,NULL,akamai,US,136255,NULL,lccrawresults,2025-05-17
MM,202505,NULL,NULL,akamai,US,136442,NULL,lccrawresults,2025-05-17
MM,202505,NULL,NULL,akamai,US,136480,NULL,lccrawresults,2025-05-17
MM,202505,NULL,NULL,akamai,US,139692,NULL,lccrawresults,2025-05-17
MM,202505,NULL,NULL,akamai,US,141216,NULL,lccrawresults,2025-05-17
MM,202505,NULL,NULL,akamai,US,14593,NULL,lccrawresults,2025-05-17
MM,202505,NULL,NULL,akamai,US,9988,NULL,lccrawresults,2025-05-17
MM,202505,NULL,NULL,alibaba,China,132148,NULL,lccrawresults,2025-05-17
MM,202505,NULL,NULL,alibaba,China,132167,NULL,lccrawresults,2025-05-17
MM,202505,NULL,NULL,alibaba,China,133384,NULL,lccrawresults,2025-05-17
MM,202505,NULL,NULL,alibaba,China,133385,NULL,lccrawresults,2025-05-17
MM,202505,NULL,NULL,alibaba,China,133524,NULL,lccrawresults,2025-05-17
MM,202505,NULL,NULL,alibaba,China,134739,NULL,lccrawresults,2025-05-17
MM,202505,NULL,NULL,alibaba,China,134840,NULL,lccrawresults,2025-05-17
MM,202505,NULL,NULL,alibaba,China,135300,NULL,lccrawresults,2025-05-17
MM,202505,NULL,NULL,alibaba,China,135405,NULL,lccrawresults,2025-05-17
MM,202505,NULL,NULL,alibaba,China,135589,NULL,lccrawresults,2025-05-17
MM,202505,NULL,NULL,alibaba,China,136210,NULL,lccrawresults,2025-05-17
MM,202505,NULL,NULL,alibaba,China,136255,NULL,lccrawresults,2025-05-17
MM,202505,NULL,NULL,alibaba,China,136442,NULL,lccrawresults,2025-05-17
MM,202505,NULL,NULL,alibaba,China,136480,NULL,lccrawresults,2025-05-17
MM,202505,NULL,NULL,alibaba,China,139692,NULL,lccrawresults,2025-05-17
MM,202505,NULL,NULL,alibaba,China,141216,NULL,lccrawresults,2025-05-17
MM,202505,NULL,NULL,alibaba,China,14593,NULL,lccrawresults,2025-05-17
MM,202505,NULL,NULL,alibaba,China,9988,NULL,lccrawresults,2025-05-17
MM,202505,NULL,NULL,amazon,US,132148,NULL,lccrawresults,2025-05-17
MM,202505,NULL,NULL,amazon,US,132167,NULL,lccrawresults,2025-05-17
MM,202505,NULL,NULL,amazon,US,133384,NULL,lccrawresults,2025-05-17
MM,202505,NULL,NULL,amazon,US,133385,NULL,lccrawresults,2025-05-17
MM,202505,NULL,NULL,amazon,US,133524,NULL,lccrawresults,2025-05-17
MM,202505,NULL,NULL,amazon,US,134840,NULL,lccrawresults,2025-05-17
MM,202505,NULL,NULL,amazon,US,135300,NULL,lccrawresults,2025-05-17
MM,202505,NULL,NULL,amazon,US,135405,NULL,lccrawresults,2025-05-17
MM,202505,NULL,NULL,amazon,US,135589,NULL,lccrawresults,2025-05-17
MM,202505,NULL,NULL,amazon,US,136210,NULL,lccrawresults,2025-05-17
MM,202505,NULL,NULL,amazon,US,136255,NULL,lccrawresults,2025-05-17
MM,202505,NULL,NULL,amazon,US,136442,NULL,lccrawresults,2025-05-17
MM,202505,NULL,NULL,amazon,US,136480,NULL,lccrawresults,2025-05-17
MM,202505,NULL,NULL,amazon,US,139692,NULL,lccrawresults,2025-05-17
MM,202505,NULL,NULL,amazon,US,141216,NULL,lccrawresults,2025-05-17
MM,202505,NULL,NULL,amazon,US,14593,NULL,lccrawresults,2025-05-17
MM,202505,NULL,NULL,amazon,US,9988,NULL,lccrawresults,2025-05-17
MM,202505,NULL,NULL,cdn77,UK,133384,NULL,lccrawresults,2025-05-17
MM,202505,NULL,NULL,cdn77,UK,135589,NULL,lccrawresults,2025-05-17
MM,202505,NULL,NULL,cdn77,UK,139692,NULL,lccrawresults,2025-05-17
MM,202505,NULL,NULL,cdn77,UK,14593,NULL,lccrawresults,2025-05-17
MM,202505,NULL,NULL,cdn77,UK,9988,NULL,lccrawresults,2025-05-17
MM,202505,NULL,NULL,cloudflare,US,132148,NULL,lccrawresults,2025-05-17
MM,202505,NULL,NULL,cloudflare,US,132167,NULL,lccrawresults,2025-05-17
MM,202505,NULL,NULL,cloudflare,US,133384,NULL,lccrawresults,2025-05-17
MM,202505,NULL,NULL,cloudflare,US,133385,NULL,lccrawresults,2025-05-17
MM,202505,NULL,NULL,cloudflare,US,133524,NULL,lccrawresults,2025-05-17
MM,202505,NULL,NULL,cloudflare,US,134739,NULL,lccrawresults,2025-05-17
MM,202505,NULL,NULL,cloudflare,US,134840,NULL,lccrawresults,2025-05-17
MM,202505,NULL,NULL,cloudflare,US,135300,NULL,lccrawresults,2025-05-17
MM,202505,NULL,NULL,cloudflare,US,135405,NULL,lccrawresults,2025-05-17
MM,202505,NULL,NULL,cloudflare,US,135589,NULL,lccrawresults,2025-05-17
MM,202505,NULL,NULL,cloudflare,US,136210,NULL,lccrawresults,2025-05-17
MM,202505,NULL,NULL,cloudflare,US,136255,NULL,lccrawresults,2025-05-17
MM,202505,NULL,NULL,cloudflare,US,136442,NULL,lccrawresults,2025-05-17
MM,202505,NULL,NULL,cloudflare,US,136480,NULL,lccrawresults,2025-05-17
MM,202505,NULL,NULL,cloudflare,US,139692,NULL,lccrawresults,2025-05-17
MM,202505,NULL,NULL,cloudflare,US,141216,NULL,lccrawresults,2025-05-17
MM,202505,NULL,NULL,cloudflare,US,14593,NULL,lccrawresults,2025-05-17
MM,202505,NULL,NULL,cloudflare,US,9988,NULL,lccrawresults,2025-05-17
MM,202505,NULL,NULL,facebook,US,135589,NULL,lccrawresults,2025-05-17
MM,202505,NULL,NULL,facebook,US,139692,NULL,lccrawresults,2025-05-17
MM,202505,NULL,NULL,facebook,US,14593,NULL,lccrawresults,2025-05-17
MM,202505,NULL,NULL,fastly,US,132148,NULL,lccrawresults,2025-05-17
MM,202505,NULL,NULL,fastly,US,132167,NULL,lccrawresults,2025-05-17
MM,202505,NULL,NULL,fastly,US,133384,NULL,lccrawresults,2025-05-17
MM,202505,NULL,NULL,fastly,US,133385,NULL,lccrawresults,2025-05-17
MM,202505,NULL,NULL,fastly,US,133524,NULL,lccrawresults,2025-05-17
MM,202505,NULL,NULL,fastly,US,134739,NULL,lccrawresults,2025-05-17
MM,202505,NULL,NULL,fastly,US,134840,NULL,lccrawresults,2025-05-17
MM,202505,NULL,NULL,fastly,US,135300,NULL,lccrawresults,2025-05-17
MM,202505,NULL,NULL,fastly,US,135405,NULL,lccrawresults,2025-05-17
MM,202505,NULL,NULL,fastly,US,135589,NULL,lccrawresults,2025-05-17
MM,202505,NULL,NULL,fastly,US,136210,NULL,lccrawresults,2025-05-17
MM,202505,NULL,NULL,fastly,US,136255,NULL,lccrawresults,2025-05-17
MM,202505,NULL,NULL,fastly,US,136442,NULL,lccrawresults,2025-05-17
MM,202505,NULL,NULL,fastly,US,136480,NULL,lccrawresults,2025-05-17
MM,202505,NULL,NULL,fastly,US,139692,NULL,lccrawresults,2025-05-17
MM,202505,NULL,NULL,fastly,US,141216,NULL,lccrawresults,2025-05-17
MM,202505,NULL,NULL,fastly,US,14593,NULL,lccrawresults,2025-05-17
MM,202505,NULL,NULL,fastly,US,9988,NULL,lccrawresults,2025-05-17
MM,202505,NULL,NULL,microsoft,US,132148,NULL,lccrawresults,2025-05-17
MM,202505,NULL,NULL,microsoft,US,132167,NULL,lccrawresults,2025-05-17
MM,202505,NULL,NULL,microsoft,US,133384,NULL,lccrawresults,2025-05-17
MM,202505,NULL,NULL,microsoft,US,133385,NULL,lccrawresults,2025-05-17
MM,202505,NULL,NULL,microsoft,US,133524,NULL,lccrawresults,2025-05-17
MM,202505,NULL,NULL,microsoft,US,134739,NULL,lccrawresults,2025-05-17
MM,202505,NULL,NULL,microsoft,US,134840,NULL,lccrawresults,2025-05-17
MM,202505,NULL,NULL,microsoft,US,135300,NULL,lccrawresults,2025-05-17
MM,202505,NULL,NULL,microsoft,US,135405,NULL,lccrawresults,2025-05-17
MM,202505,NULL,NULL,microsoft,US,135589,NULL,lccrawresults,2025-05-17
MM,202505,NULL,NULL,microsoft,US,136210,NULL,lccrawresults,2025-05-17
MM,202505,NULL,NULL,microsoft,US,136255,NULL,lccrawresults,2025-05-17
MM,202505,NULL,NULL,microsoft,US,136442,NULL,lccrawresults,2025-05-17
MM,202505,NULL,NULL,microsoft,US,136480,NULL,lccrawresults,2025-05-17
MM,202505,NULL,NULL,microsoft,US,139692,NULL,lccrawresults,2025-05-17
MM,202505,NULL,NULL,microsoft,US,141216,NULL,lccrawresults,2025-05-17
MM,202505,NULL,NULL,microsoft,US,14593,NULL,lccrawresults,2025-05-17
MM,202505,NULL,NULL,microsoft,US,9988,NULL,lccrawresults,2025-05-17
MM,202506,NULL,NULL,akamai,US,132148,NULL,lccrawresults,2025-06-17
MM,202506,NULL,NULL,akamai,US,132167,NULL,lccrawresults,2025-06-17
MM,202506,NULL,NULL,akamai,US,13335,NULL,lccrawresults,2025-06-17
MM,202506,NULL,NULL,akamai,US,133384,NULL,lccrawresults,2025-06-17
MM,202506,NULL,NULL,akamai,US,133385,NULL,lccrawresults,2025-06-17
MM,202506,NULL,NULL,akamai,US,133524,NULL,lccrawresults,2025-06-17
MM,202506,NULL,NULL,akamai,US,134840,NULL,lccrawresults,2025-06-17
MM,202506,NULL,NULL,akamai,US,135300,NULL,lccrawresults,2025-06-17
MM,202506,NULL,NULL,akamai,US,135405,NULL,lccrawresults,2025-06-17
MM,202506,NULL,NULL,akamai,US,135589,NULL,lccrawresults,2025-06-17
MM,202506,NULL,NULL,akamai,US,136210,NULL,lccrawresults,2025-06-17
MM,202506,NULL,NULL,akamai,US,136255,NULL,lccrawresults,2025-06-17
MM,202506,NULL,NULL,akamai,US,136442,NULL,lccrawresults,2025-06-17
MM,202506,NULL,NULL,akamai,US,136480,NULL,lccrawresults,2025-06-17
MM,202506,NULL,NULL,akamai,US,141216,NULL,lccrawresults,2025-06-17
MM,202506,NULL,NULL,akamai,US,14593,NULL,lccrawresults,2025-06-17
MM,202506,NULL,NULL,akamai,US,58952,NULL,lccrawresults,2025-06-17
MM,202506,NULL,NULL,akamai,US,9988,NULL,lccrawresults,2025-06-17
MM,202506,NULL,NULL,alibaba,China,132148,NULL,lccrawresults,2025-06-17
MM,202506,NULL,NULL,alibaba,China,132167,NULL,lccrawresults,2025-06-17
MM,202506,NULL,NULL,alibaba,China,13335,NULL,lccrawresults,2025-06-17
MM,202506,NULL,NULL,alibaba,China,133384,NULL,lccrawresults,2025-06-17
MM,202506,NULL,NULL,alibaba,China,133385,NULL,lccrawresults,2025-06-17
MM,202506,NULL,NULL,alibaba,China,133524,NULL,lccrawresults,2025-06-17
MM,202506,NULL,NULL,alibaba,China,134840,NULL,lccrawresults,2025-06-17
MM,202506,NULL,NULL,alibaba,China,135300,NULL,lccrawresults,2025-06-17
MM,202506,NULL,NULL,alibaba,China,135405,NULL,lccrawresults,2025-06-17
MM,202506,NULL,NULL,alibaba,China,135589,NULL,lccrawresults,2025-06-17
MM,202506,NULL,NULL,alibaba,China,136210,NULL,lccrawresults,2025-06-17
MM,202506,NULL,NULL,alibaba,China,136255,NULL,lccrawresults,2025-06-17
MM,202506,NULL,NULL,alibaba,China,136480,NULL,lccrawresults,2025-06-17
MM,202506,NULL,NULL,alibaba,China,141216,NULL,lccrawresults,2025-06-17
MM,202506,NULL,NULL,alibaba,China,14593,NULL,lccrawresults,2025-06-17
MM,202506,NULL,NULL,alibaba,China,58952,NULL,lccrawresults,2025-06-17
MM,202506,NULL,NULL,alibaba,China,9988,NULL,lccrawresults,2025-06-17
MM,202506,NULL,NULL,amazon,US,132148,NULL,lccrawresults,2025-06-17
MM,202506,NULL,NULL,amazon,US,132167,NULL,lccrawresults,2025-06-17
MM,202506,NULL,NULL,amazon,US,13335,NULL,lccrawresults,2025-06-17
MM,202506,NULL,NULL,amazon,US,133385,NULL,lccrawresults,2025-06-17
MM,202506,NULL,NULL,amazon,US,133524,NULL,lccrawresults,2025-06-17
MM,202506,NULL,NULL,amazon,US,134840,NULL,lccrawresults,2025-06-17
MM,202506,NULL,NULL,amazon,US,135300,NULL,lccrawresults,2025-06-17
MM,202506,NULL,NULL,amazon,US,135405,NULL,lccrawresults,2025-06-17
MM,202506,NULL,NULL,amazon,US,135589,NULL,lccrawresults,2025-06-17
MM,202506,NULL,NULL,amazon,US,136210,NULL,lccrawresults,2025-06-17
MM,202506,NULL,NULL,amazon,US,136255,NULL,lccrawresults,2025-06-17
MM,202506,NULL,NULL,amazon,US,136480,NULL,lccrawresults,2025-06-17
MM,202506,NULL,NULL,amazon,US,141216,NULL,lccrawresults,2025-06-17
MM,202506,NULL,NULL,amazon,US,14593,NULL,lccrawresults,2025-06-17
MM,202506,NULL,NULL,amazon,US,58952,NULL,lccrawresults,2025-06-17
MM,202506,NULL,NULL,amazon,US,9988,NULL,lccrawresults,2025-06-17
MM,202506,NULL,NULL,cloudflare,US,132148,NULL,lccrawresults,2025-06-17
MM,202506,NULL,NULL,cloudflare,US,132167,NULL,lccrawresults,2025-06-17
MM,202506,NULL,NULL,cloudflare,US,13335,NULL,lccrawresults,2025-06-17
MM,202506,NULL,NULL,cloudflare,US,133384,NULL,lccrawresults,2025-06-17
MM,202506,NULL,NULL,cloudflare,US,133385,NULL,lccrawresults,2025-06-17
MM,202506,NULL,NULL,cloudflare,US,133524,NULL,lccrawresults,2025-06-17
MM,202506,NULL,NULL,cloudflare,US,134840,NULL,lccrawresults,2025-06-17
MM,202506,NULL,NULL,cloudflare,US,135300,NULL,lccrawresults,2025-06-17
MM,202506,NULL,NULL,cloudflare,US,135405,NULL,lccrawresults,2025-06-17
MM,202506,NULL,NULL,cloudflare,US,135589,NULL,lccrawresults,2025-06-17
MM,202506,NULL,NULL,cloudflare,US,136210,NULL,lccrawresults,2025-06-17
MM,202506,NULL,NULL,cloudflare,US,136255,NULL,lccrawresults,2025-06-17
MM,202506,NULL,NULL,cloudflare,US,136442,NULL,lccrawresults,2025-06-17
MM,202506,NULL,NULL,cloudflare,US,136480,NULL,lccrawresults,2025-06-17
MM,202506,NULL,NULL,cloudflare,US,141216,NULL,lccrawresults,2025-06-17
MM,202506,NULL,NULL,cloudflare,US,14593,NULL,lccrawresults,2025-06-17
MM,202506,NULL,NULL,cloudflare,US,58952,NULL,lccrawresults,2025-06-17
MM,202506,NULL,NULL,cloudflare,US,9988,NULL,lccrawresults,2025-06-17
MM,202506,NULL,NULL,facebook,US,13335,NULL,lccrawresults,2025-06-17
MM,202506,NULL,NULL,facebook,US,133524,NULL,lccrawresults,2025-06-17
MM,202506,NULL,NULL,facebook,US,135589,NULL,lccrawresults,2025-06-17
MM,202506,NULL,NULL,facebook,US,14593,NULL,lccrawresults,2025-06-17
MM,202506,NULL,NULL,fastly,US,132148,NULL,lccrawresults,2025-06-17
MM,202506,NULL,NULL,fastly,US,132167,NULL,lccrawresults,2025-06-17
MM,202506,NULL,NULL,fastly,US,13335,NULL,lccrawresults,2025-06-17
MM,202506,NULL,NULL,fastly,US,133384,NULL,lccrawresults,2025-06-17
MM,202506,NULL,NULL,fastly,US,133385,NULL,lccrawresults,2025-06-17
MM,202506,NULL,NULL,fastly,US,133524,NULL,lccrawresults,2025-06-17
MM,202506,NULL,NULL,fastly,US,134840,NULL,lccrawresults,2025-06-17
MM,202506,NULL,NULL,fastly,US,135300,NULL,lccrawresults,2025-06-17
MM,202506,NULL,NULL,fastly,US,135405,NULL,lccrawresults,2025-06-17
MM,202506,NULL,NULL,fastly,US,135589,NULL,lccrawresults,2025-06-17
MM,202506,NULL,NULL,fastly,US,136210,NULL,lccrawresults,2025-06-17
MM,202506,NULL,NULL,fastly,US,136255,NULL,lccrawresults,2025-06-17
MM,202506,NULL,NULL,fastly,US,136442,NULL,lccrawresults,2025-06-17
MM,202506,NULL,NULL,fastly,US,136480,NULL,lccrawresults,2025-06-17
MM,202506,NULL,NULL,fastly,US,141216,NULL,lccrawresults,2025-06-17
MM,202506,NULL,NULL,fastly,US,14593,NULL,lccrawresults,2025-06-17
MM,202506,NULL,NULL,fastly,US,58952,NULL,lccrawresults,2025-06-17
MM,202506,NULL,NULL,fastly,US,9988,NULL,lccrawresults,2025-06-17
MM,202506,NULL,NULL,microsoft,US,132148,NULL,lccrawresults,2025-06-17
MM,202506,NULL,NULL,microsoft,US,132167,NULL,lccrawresults,2025-06-17
MM,202506,NULL,NULL,microsoft,US,13335,NULL,lccrawresults,2025-06-17
MM,202506,NULL,NULL,microsoft,US,133384,NULL,lccrawresults,2025-06-17
MM,202506,NULL,NULL,microsoft,US,133385,NULL,lccrawresults,2025-06-17
MM,202506,NULL,NULL,microsoft,US,133524,NULL,lccrawresults,2025-06-17
MM,202506,NULL,NULL,microsoft,US,134840,NULL,lccrawresults,2025-06-17
MM,202506,NULL,NULL,microsoft,US,135300,NULL,lccrawresults,2025-06-17
MM,202506,NULL,NULL,microsoft,US,135405,NULL,lccrawresults,2025-06-17
MM,202506,NULL,NULL,microsoft,US,135589,NULL,lccrawresults,2025-06-17
MM,202506,NULL,NULL,microsoft,US,136210,NULL,lccrawresults,2025-06-17
MM,202506,NULL,NULL,microsoft,US,136255,NULL,lccrawresults,2025-06-17
MM,202506,NULL,NULL,microsoft,US,136442,NULL,lccrawresults,2025-06-17
MM,202506,NULL,NULL,microsoft,US,136480,NULL,lccrawresults,2025-06-17
MM,202506,NULL,NULL,microsoft,US,141216,NULL,lccrawresults,2025-06-17
MM,202506,NULL,NULL,microsoft,US,14593,NULL,lccrawresults,2025-06-17
MM,202506,NULL,NULL,microsoft,US,58952,NULL,lccrawresults,2025-06-17
MM,202506,NULL,NULL,microsoft,US,9988,NULL,lccrawresults,2025-06-17
MM,202507,NULL,NULL,akamai,US,132148,NULL,lccrawresults,2025-07-17
MM,202507,NULL,NULL,akamai,US,132167,NULL,lccrawresults,2025-07-17
MM,202507,NULL,NULL,akamai,US,13335,NULL,lccrawresults,2025-07-17
MM,202507,NULL,NULL,akamai,US,133384,NULL,lccrawresults,2025-07-17
MM,202507,NULL,NULL,akamai,US,133385,NULL,lccrawresults,2025-07-17
MM,202507,NULL,NULL,akamai,US,133524,NULL,lccrawresults,2025-07-17
MM,202507,NULL,NULL,akamai,US,134840,NULL,lccrawresults,2025-07-17
MM,202507,NULL,NULL,akamai,US,135300,NULL,lccrawresults,2025-07-17
MM,202507,NULL,NULL,akamai,US,135405,NULL,lccrawresults,2025-07-17
MM,202507,NULL,NULL,akamai,US,135589,NULL,lccrawresults,2025-07-17
MM,202507,NULL,NULL,akamai,US,136210,NULL,lccrawresults,2025-07-17
MM,202507,NULL,NULL,akamai,US,136255,NULL,lccrawresults,2025-07-17
MM,202507,NULL,NULL,akamai,US,14593,NULL,lccrawresults,2025-07-17
MM,202507,NULL,NULL,akamai,US,9988,NULL,lccrawresults,2025-07-17
MM,202507,NULL,NULL,alibaba,China,132148,NULL,lccrawresults,2025-07-17
MM,202507,NULL,NULL,alibaba,China,132167,NULL,lccrawresults,2025-07-17
MM,202507,NULL,NULL,alibaba,China,13335,NULL,lccrawresults,2025-07-17
MM,202507,NULL,NULL,alibaba,China,133384,NULL,lccrawresults,2025-07-17
MM,202507,NULL,NULL,alibaba,China,133385,NULL,lccrawresults,2025-07-17
MM,202507,NULL,NULL,alibaba,China,133524,NULL,lccrawresults,2025-07-17
MM,202507,NULL,NULL,alibaba,China,134840,NULL,lccrawresults,2025-07-17
MM,202507,NULL,NULL,alibaba,China,135300,NULL,lccrawresults,2025-07-17
MM,202507,NULL,NULL,alibaba,China,135405,NULL,lccrawresults,2025-07-17
MM,202507,NULL,NULL,alibaba,China,135589,NULL,lccrawresults,2025-07-17
MM,202507,NULL,NULL,alibaba,China,136210,NULL,lccrawresults,2025-07-17
MM,202507,NULL,NULL,alibaba,China,136255,NULL,lccrawresults,2025-07-17
MM,202507,NULL,NULL,alibaba,China,14593,NULL,lccrawresults,2025-07-17
MM,202507,NULL,NULL,alibaba,China,9988,NULL,lccrawresults,2025-07-17
MM,202507,NULL,NULL,amazon,US,132148,NULL,lccrawresults,2025-07-17
MM,202507,NULL,NULL,amazon,US,132167,NULL,lccrawresults,2025-07-17
MM,202507,NULL,NULL,amazon,US,13335,NULL,lccrawresults,2025-07-17
MM,202507,NULL,NULL,amazon,US,133384,NULL,lccrawresults,2025-07-17
MM,202507,NULL,NULL,amazon,US,133385,NULL,lccrawresults,2025-07-17
MM,202507,NULL,NULL,amazon,US,133524,NULL,lccrawresults,2025-07-17
MM,202507,NULL,NULL,amazon,US,134840,NULL,lccrawresults,2025-07-17
MM,202507,NULL,NULL,amazon,US,135300,NULL,lccrawresults,2025-07-17
MM,202507,NULL,NULL,amazon,US,135405,NULL,lccrawresults,2025-07-17
MM,202507,NULL,NULL,amazon,US,135589,NULL,lccrawresults,2025-07-17
MM,202507,NULL,NULL,amazon,US,136210,NULL,lccrawresults,2025-07-17
MM,202507,NULL,NULL,amazon,US,136255,NULL,lccrawresults,2025-07-17
MM,202507,NULL,NULL,amazon,US,14593,NULL,lccrawresults,2025-07-17
MM,202507,NULL,NULL,amazon,US,9988,NULL,lccrawresults,2025-07-17
MM,202507,NULL,NULL,cloudflare,US,132148,NULL,lccrawresults,2025-07-17
MM,202507,NULL,NULL,cloudflare,US,13335,NULL,lccrawresults,2025-07-17
MM,202507,NULL,NULL,cloudflare,US,133384,NULL,lccrawresults,2025-07-17
MM,202507,NULL,NULL,cloudflare,US,133385,NULL,lccrawresults,2025-07-17
MM,202507,NULL,NULL,cloudflare,US,133524,NULL,lccrawresults,2025-07-17
MM,202507,NULL,NULL,cloudflare,US,134840,NULL,lccrawresults,2025-07-17
MM,202507,NULL,NULL,cloudflare,US,135300,NULL,lccrawresults,2025-07-17
MM,202507,NULL,NULL,cloudflare,US,135405,NULL,lccrawresults,2025-07-17
MM,202507,NULL,NULL,cloudflare,US,135589,NULL,lccrawresults,2025-07-17
MM,202507,NULL,NULL,cloudflare,US,136210,NULL,lccrawresults,2025-07-17
MM,202507,NULL,NULL,cloudflare,US,136255,NULL,lccrawresults,2025-07-17
MM,202507,NULL,NULL,cloudflare,US,14593,NULL,lccrawresults,2025-07-17
MM,202507,NULL,NULL,cloudflare,US,9988,NULL,lccrawresults,2025-07-17
MM,202507,NULL,NULL,facebook,US,13335,NULL,lccrawresults,2025-07-17
MM,202507,NULL,NULL,facebook,US,14593,NULL,lccrawresults,2025-07-17
MM,202507,NULL,NULL,fastly,US,132148,NULL,lccrawresults,2025-07-17
MM,202507,NULL,NULL,fastly,US,132167,NULL,lccrawresults,2025-07-17
MM,202507,NULL,NULL,fastly,US,13335,NULL,lccrawresults,2025-07-17
MM,202507,NULL,NULL,fastly,US,133384,NULL,lccrawresults,2025-07-17
MM,202507,NULL,NULL,fastly,US,133385,NULL,lccrawresults,2025-07-17
MM,202507,NULL,NULL,fastly,US,133524,NULL,lccrawresults,2025-07-17
MM,202507,NULL,NULL,fastly,US,134840,NULL,lccrawresults,2025-07-17
MM,202507,NULL,NULL,fastly,US,135300,NULL,lccrawresults,2025-07-17
MM,202507,NULL,NULL,fastly,US,135405,NULL,lccrawresults,2025-07-17
MM,202507,NULL,NULL,fastly,US,135589,NULL,lccrawresults,2025-07-17
MM,202507,NULL,NULL,fastly,US,136210,NULL,lccrawresults,2025-07-17
MM,202507,NULL,NULL,fastly,US,136255,NULL,lccrawresults,2025-07-17
MM,202507,NULL,NULL,fastly,US,14593,NULL,lccrawresults,2025-07-17
MM,202507,NULL,NULL,fastly,US,9988,NULL,lccrawresults,2025-07-17
MM,202507,NULL,NULL,microsoft,US,132148,NULL,lccrawresults,2025-07-17
MM,202507,NULL,NULL,microsoft,US,132167,NULL,lccrawresults,2025-07-17
MM,202507,NULL,NULL,microsoft,US,13335,NULL,lccrawresults,2025-07-17
MM,202507,NULL,NULL,microsoft,US,133384,NULL,lccrawresults,2025-07-17
MM,202507,NULL,NULL,microsoft,US,133385,NULL,lccrawresults,2025-07-17
MM,202507,NULL,NULL,microsoft,US,133524,NULL,lccrawresults,2025-07-17
MM,202507,NULL,NULL,microsoft,US,134840,NULL,lccrawresults,2025-07-17
MM,202507,NULL,NULL,microsoft,US,135300,NULL,lccrawresults,2025-07-17
MM,202507,NULL,NULL,microsoft,US,135405,NULL,lccrawresults,2025-07-17
MM,202507,NULL,NULL,microsoft,US,135589,NULL,lccrawresults,2025-07-17
MM,202507,NULL,NULL,microsoft,US,136210,NULL,lccrawresults,2025-07-17
MM,202507,NULL,NULL,microsoft,US,136255,NULL,lccrawresults,2025-07-17
MM,202507,NULL,NULL,microsoft,US,14593,NULL,lccrawresults,2025-07-17
MM,202507,NULL,NULL,microsoft,US,9988,NULL,lccrawresults,2025-07-17
MM,202508,NULL,NULL,akamai,US,132148,NULL,lccrawresults,2025-08-17
MM,202508,NULL,NULL,akamai,US,13335,NULL,lccrawresults,2025-08-17
MM,202508,NULL,NULL,akamai,US,133384,NULL,lccrawresults,2025-08-17
MM,202508,NULL,NULL,akamai,US,133385,NULL,lccrawresults,2025-08-17
MM,202508,NULL,NULL,akamai,US,133524,NULL,lccrawresults,2025-08-17
MM,202508,NULL,NULL,akamai,US,134840,NULL,lccrawresults,2025-08-17
MM,202508,NULL,NULL,akamai,US,135300,NULL,lccrawresults,2025-08-17
MM,202508,NULL,NULL,akamai,US,135405,NULL,lccrawresults,2025-08-17
MM,202508,NULL,NULL,akamai,US,136210,NULL,lccrawresults,2025-08-17
MM,202508,NULL,NULL,akamai,US,136255,NULL,lccrawresults,2025-08-17
MM,202508,NULL,NULL,akamai,US,14593,NULL,lccrawresults,2025-08-17
MM,202508,NULL,NULL,akamai,US,9988,NULL,lccrawresults,2025-08-17
MM,202508,NULL,NULL,alibaba,China,132148,NULL,lccrawresults,2025-08-17
MM,202508,NULL,NULL,alibaba,China,13335,NULL,lccrawresults,2025-08-17
MM,202508,NULL,NULL,alibaba,China,133384,NULL,lccrawresults,2025-08-17
MM,202508,NULL,NULL,alibaba,China,133385,NULL,lccrawresults,2025-08-17
MM,202508,NULL,NULL,alibaba,China,133524,NULL,lccrawresults,2025-08-17
MM,202508,NULL,NULL,alibaba,China,134840,NULL,lccrawresults,2025-08-17
MM,202508,NULL,NULL,alibaba,China,135300,NULL,lccrawresults,2025-08-17
MM,202508,NULL,NULL,alibaba,China,135405,NULL,lccrawresults,2025-08-17
MM,202508,NULL,NULL,alibaba,China,136210,NULL,lccrawresults,2025-08-17
MM,202508,NULL,NULL,alibaba,China,136255,NULL,lccrawresults,2025-08-17
MM,202508,NULL,NULL,alibaba,China,14593,NULL,lccrawresults,2025-08-17
MM,202508,NULL,NULL,alibaba,China,9988,NULL,lccrawresults,2025-08-17
MM,202508,NULL,NULL,amazon,US,132148,NULL,lccrawresults,2025-08-17
MM,202508,NULL,NULL,amazon,US,13335,NULL,lccrawresults,2025-08-17
MM,202508,NULL,NULL,amazon,US,133384,NULL,lccrawresults,2025-08-17
MM,202508,NULL,NULL,amazon,US,133385,NULL,lccrawresults,2025-08-17
MM,202508,NULL,NULL,amazon,US,133524,NULL,lccrawresults,2025-08-17
MM,202508,NULL,NULL,amazon,US,134840,NULL,lccrawresults,2025-08-17
MM,202508,NULL,NULL,amazon,US,135300,NULL,lccrawresults,2025-08-17
MM,202508,NULL,NULL,amazon,US,135405,NULL,lccrawresults,2025-08-17
MM,202508,NULL,NULL,amazon,US,136210,NULL,lccrawresults,2025-08-17
MM,202508,NULL,NULL,amazon,US,136255,NULL,lccrawresults,2025-08-17
MM,202508,NULL,NULL,amazon,US,14593,NULL,lccrawresults,2025-08-17
MM,202508,NULL,NULL,amazon,US,9988,NULL,lccrawresults,2025-08-17
MM,202508,NULL,NULL,cloudflare,US,132148,NULL,lccrawresults,2025-08-17
MM,202508,NULL,NULL,cloudflare,US,13335,NULL,lccrawresults,2025-08-17
MM,202508,NULL,NULL,cloudflare,US,133384,NULL,lccrawresults,2025-08-17
MM,202508,NULL,NULL,cloudflare,US,133385,NULL,lccrawresults,2025-08-17
MM,202508,NULL,NULL,cloudflare,US,133524,NULL,lccrawresults,2025-08-17
MM,202508,NULL,NULL,cloudflare,US,134840,NULL,lccrawresults,2025-08-17
MM,202508,NULL,NULL,cloudflare,US,135300,NULL,lccrawresults,2025-08-17
MM,202508,NULL,NULL,cloudflare,US,135405,NULL,lccrawresults,2025-08-17
MM,202508,NULL,NULL,cloudflare,US,136210,NULL,lccrawresults,2025-08-17
MM,202508,NULL,NULL,cloudflare,US,136255,NULL,lccrawresults,2025-08-17
MM,202508,NULL,NULL,cloudflare,US,14593,NULL,lccrawresults,2025-08-17
MM,202508,NULL,NULL,cloudflare,US,9988,NULL,lccrawresults,2025-08-17
MM,202508,NULL,NULL,facebook,US,13335,NULL,lccrawresults,2025-08-17
MM,202508,NULL,NULL,facebook,US,14593,NULL,lccrawresults,2025-08-17
MM,202508,NULL,NULL,fastly,US,132148,NULL,lccrawresults,2025-08-17
MM,202508,NULL,NULL,fastly,US,13335,NULL,lccrawresults,2025-08-17
MM,202508,NULL,NULL,fastly,US,133384,NULL,lccrawresults,2025-08-17
MM,202508,NULL,NULL,fastly,US,133385,NULL,lccrawresults,2025-08-17
MM,202508,NULL,NULL,fastly,US,133524,NULL,lccrawresults,2025-08-17
MM,202508,NULL,NULL,fastly,US,134840,NULL,lccrawresults,2025-08-17
MM,202508,NULL,NULL,fastly,US,135300,NULL,lccrawresults,2025-08-17
MM,202508,NULL,NULL,fastly,US,135405,NULL,lccrawresults,2025-08-17
MM,202508,NULL,NULL,fastly,US,136210,NULL,lccrawresults,2025-08-17
MM,202508,NULL,NULL,fastly,US,136255,NULL,lccrawresults,2025-08-17
MM,202508,NULL,NULL,fastly,US,14593,NULL,lccrawresults,2025-08-17
MM,202508,NULL,NULL,fastly,US,9988,NULL,lccrawresults,2025-08-17
MM,202508,NULL,NULL,microsoft,US,132148,NULL,lccrawresults,2025-08-17
MM,202508,NULL,NULL,microsoft,US,13335,NULL,lccrawresults,2025-08-17
MM,202508,NULL,NULL,microsoft,US,133384,NULL,lccrawresults,2025-08-17
MM,202508,NULL,NULL,microsoft,US,133385,NULL,lccrawresults,2025-08-17
MM,202508,NULL,NULL,microsoft,US,133524,NULL,lccrawresults,2025-08-17
MM,202508,NULL,NULL,microsoft,US,134840,NULL,lccrawresults,2025-08-17
MM,202508,NULL,NULL,microsoft,US,135300,NULL,lccrawresults,2025-08-17
MM,202508,NULL,NULL,microsoft,US,135405,NULL,lccrawresults,2025-08-17
MM,202508,NULL,NULL,microsoft,US,136210,NULL,lccrawresults,2025-08-17
MM,202508,NULL,NULL,microsoft,US,136255,NULL,lccrawresults,2025-08-17
MM,202508,NULL,NULL,microsoft,US,14593,NULL,lccrawresults,2025-08-17
MM,202508,NULL,NULL,microsoft,US,9988,NULL,lccrawresults,2025-08-17
MM,202509,NULL,NULL,akamai,US,132148,NULL,lccrawresults,2025-09-17
MM,202509,NULL,NULL,akamai,US,132167,NULL,lccrawresults,2025-09-17
MM,202509,NULL,NULL,akamai,US,133385,NULL,lccrawresults,2025-09-17
MM,202509,NULL,NULL,akamai,US,133524,NULL,lccrawresults,2025-09-17
MM,202509,NULL,NULL,akamai,US,135300,NULL,lccrawresults,2025-09-17
MM,202509,NULL,NULL,akamai,US,135405,NULL,lccrawresults,2025-09-17
MM,202509,NULL,NULL,akamai,US,135589,NULL,lccrawresults,2025-09-17
MM,202509,NULL,NULL,akamai,US,136210,NULL,lccrawresults,2025-09-17
MM,202509,NULL,NULL,akamai,US,136255,NULL,lccrawresults,2025-09-17
MM,202509,NULL,NULL,akamai,US,136442,NULL,lccrawresults,2025-09-17
MM,202509,NULL,NULL,akamai,US,14593,NULL,lccrawresults,2025-09-17
MM,202509,NULL,NULL,akamai,US,63852,NULL,lccrawresults,2025-09-17
MM,202509,NULL,NULL,akamai,US,9988,NULL,lccrawresults,2025-09-17
MM,202509,NULL,NULL,alibaba,China,132148,NULL,lccrawresults,2025-09-17
MM,202509,NULL,NULL,alibaba,China,132167,NULL,lccrawresults,2025-09-17
MM,202509,NULL,NULL,alibaba,China,133385,NULL,lccrawresults,2025-09-17
MM,202509,NULL,NULL,alibaba,China,133524,NULL,lccrawresults,2025-09-17
MM,202509,NULL,NULL,alibaba,China,135300,NULL,lccrawresults,2025-09-17
MM,202509,NULL,NULL,alibaba,China,135405,NULL,lccrawresults,2025-09-17
MM,202509,NULL,NULL,alibaba,China,135589,NULL,lccrawresults,2025-09-17
MM,202509,NULL,NULL,alibaba,China,136210,NULL,lccrawresults,2025-09-17
MM,202509,NULL,NULL,alibaba,China,136255,NULL,lccrawresults,2025-09-17
MM,202509,NULL,NULL,alibaba,China,136442,NULL,lccrawresults,2025-09-17
MM,202509,NULL,NULL,alibaba,China,14593,NULL,lccrawresults,2025-09-17
MM,202509,NULL,NULL,alibaba,China,63852,NULL,lccrawresults,2025-09-17
MM,202509,NULL,NULL,alibaba,China,9988,NULL,lccrawresults,2025-09-17
MM,202509,NULL,NULL,amazon,US,132148,NULL,lccrawresults,2025-09-17
MM,202509,NULL,NULL,amazon,US,133385,NULL,lccrawresults,2025-09-17
MM,202509,NULL,NULL,amazon,US,135405,NULL,lccrawresults,2025-09-17
MM,202509,NULL,NULL,amazon,US,135589,NULL,lccrawresults,2025-09-17
MM,202509,NULL,NULL,amazon,US,136210,NULL,lccrawresults,2025-09-17
MM,202509,NULL,NULL,amazon,US,136255,NULL,lccrawresults,2025-09-17
MM,202509,NULL,NULL,amazon,US,14593,NULL,lccrawresults,2025-09-17
MM,202509,NULL,NULL,amazon,US,63852,NULL,lccrawresults,2025-09-17
MM,202509,NULL,NULL,amazon,US,9988,NULL,lccrawresults,2025-09-17
MM,202509,NULL,NULL,cloudflare,US,132148,NULL,lccrawresults,2025-09-17
MM,202509,NULL,NULL,cloudflare,US,132167,NULL,lccrawresults,2025-09-17
MM,202509,NULL,NULL,cloudflare,US,133385,NULL,lccrawresults,2025-09-17
MM,202509,NULL,NULL,cloudflare,US,133524,NULL,lccrawresults,2025-09-17
MM,202509,NULL,NULL,cloudflare,US,135300,NULL,lccrawresults,2025-09-17
MM,202509,NULL,NULL,cloudflare,US,135405,NULL,lccrawresults,2025-09-17
MM,202509,NULL,NULL,cloudflare,US,135589,NULL,lccrawresults,2025-09-17
MM,202509,NULL,NULL,cloudflare,US,136210,NULL,lccrawresults,2025-09-17
MM,202509,NULL,NULL,cloudflare,US,136255,NULL,lccrawresults,2025-09-17
MM,202509,NULL,NULL,cloudflare,US,136442,NULL,lccrawresults,2025-09-17
MM,202509,NULL,NULL,cloudflare,US,14593,NULL,lccrawresults,2025-09-17
MM,202509,NULL,NULL,facebook,US,135589,NULL,lccrawresults,2025-09-17
MM,202509,NULL,NULL,facebook,US,14593,NULL,lccrawresults,2025-09-17
MM,202509,NULL,NULL,fastly,US,132148,NULL,lccrawresults,2025-09-17
MM,202509,NULL,NULL,fastly,US,132167,NULL,lccrawresults,2025-09-17
MM,202509,NULL,NULL,fastly,US,133385,NULL,lccrawresults,2025-09-17
MM,202509,NULL,NULL,fastly,US,133524,NULL,lccrawresults,2025-09-17
MM,202509,NULL,NULL,fastly,US,135300,NULL,lccrawresults,2025-09-17
MM,202509,NULL,NULL,fastly,US,135405,NULL,lccrawresults,2025-09-17
MM,202509,NULL,NULL,fastly,US,135589,NULL,lccrawresults,2025-09-17
MM,202509,NULL,NULL,fastly,US,136210,NULL,lccrawresults,2025-09-17
MM,202509,NULL,NULL,fastly,US,136255,NULL,lccrawresults,2025-09-17
MM,202509,NULL,NULL,fastly,US,136442,NULL,lccrawresults,2025-09-17
MM,202509,NULL,NULL,fastly,US,14593,NULL,lccrawresults,2025-09-17
MM,202509,NULL,NULL,fastly,US,63852,NULL,lccrawresults,2025-09-17
MM,202509,NULL,NULL,fastly,US,9988,NULL,lccrawresults,2025-09-17
MM,202509,NULL,NULL,gcore,Luxembourg,132148,NULL,lccrawresults,2025-09-17
MM,202509,NULL,NULL,gcore,Luxembourg,132167,NULL,lccrawresults,2025-09-17
MM,202509,NULL,NULL,gcore,Luxembourg,133385,NULL,lccrawresults,2025-09-17
MM,202509,NULL,NULL,gcore,Luxembourg,133524,NULL,lccrawresults,2025-09-17
MM,202509,NULL,NULL,gcore,Luxembourg,135300,NULL,lccrawresults,2025-09-17
MM,202509,NULL,NULL,gcore,Luxembourg,135405,NULL,lccrawresults,2025-09-17
MM,202509,NULL,NULL,gcore,Luxembourg,135589,NULL,lccrawresults,2025-09-17
MM,202509,NULL,NULL,gcore,Luxembourg,136210,NULL,lccrawresults,2025-09-17
MM,202509,NULL,NULL,gcore,Luxembourg,136255,NULL,lccrawresults,2025-09-17
MM,202509,NULL,NULL,gcore,Luxembourg,136442,NULL,lccrawresults,2025-09-17
MM,202509,NULL,NULL,gcore,Luxembourg,14593,NULL,lccrawresults,2025-09-17
MM,202509,NULL,NULL,gcore,Luxembourg,63852,NULL,lccrawresults,2025-09-17
MM,202509,NULL,NULL,gcore,Luxembourg,9988,NULL,lccrawresults,2025-09-17
MM,202509,NULL,NULL,microsoft,US,132148,NULL,lccrawresults,2025-09-17
MM,202509,NULL,NULL,microsoft,US,132167,NULL,lccrawresults,2025-09-17
MM,202509,NULL,NULL,microsoft,US,133385,NULL,lccrawresults,2025-09-17
MM,202509,NULL,NULL,microsoft,US,133524,NULL,lccrawresults,2025-09-17
MM,202509,NULL,NULL,microsoft,US,135300,NULL,lccrawresults,2025-09-17
MM,202509,NULL,NULL,microsoft,US,135405,NULL,lccrawresults,2025-09-17
MM,202509,NULL,NULL,microsoft,US,135589,NULL,lccrawresults,2025-09-17
MM,202509,NULL,NULL,microsoft,US,136210,NULL,lccrawresults,2025-09-17
MM,202509,NULL,NULL,microsoft,US,136255,NULL,lccrawresults,2025-09-17
MM,202509,NULL,NULL,microsoft,US,136442,NULL,lccrawresults,2025-09-17
MM,202509,NULL,NULL,microsoft,US,14593,NULL,lccrawresults,2025-09-17
MM,202509,NULL,NULL,microsoft,US,63852,NULL,lccrawresults,2025-09-17
MM,202509,NULL,NULL,microsoft,US,9988,NULL,lccrawresults,2025-09-17
MM,202510,NULL,NULL,akamai,US,132148,NULL,lccrawresults,2025-10-17
MM,202510,NULL,NULL,akamai,US,13335,NULL,lccrawresults,2025-10-17
MM,202510,NULL,NULL,akamai,US,133385,NULL,lccrawresults,2025-10-17
MM,202510,NULL,NULL,akamai,US,133524,NULL,lccrawresults,2025-10-17
MM,202510,NULL,NULL,akamai,US,134840,NULL,lccrawresults,2025-10-17
MM,202510,NULL,NULL,akamai,US,135300,NULL,lccrawresults,2025-10-17
MM,202510,NULL,NULL,akamai,US,135405,NULL,lccrawresults,2025-10-17
MM,202510,NULL,NULL,akamai,US,136210,NULL,lccrawresults,2025-10-17
MM,202510,NULL,NULL,akamai,US,136255,NULL,lccrawresults,2025-10-17
MM,202510,NULL,NULL,akamai,US,136442,NULL,lccrawresults,2025-10-17
MM,202510,NULL,NULL,akamai,US,136480,NULL,lccrawresults,2025-10-17
MM,202510,NULL,NULL,akamai,US,14593,NULL,lccrawresults,2025-10-17
MM,202510,NULL,NULL,alibaba,China,132148,NULL,lccrawresults,2025-10-17
MM,202510,NULL,NULL,alibaba,China,13335,NULL,lccrawresults,2025-10-17
MM,202510,NULL,NULL,alibaba,China,133385,NULL,lccrawresults,2025-10-17
MM,202510,NULL,NULL,alibaba,China,133524,NULL,lccrawresults,2025-10-17
MM,202510,NULL,NULL,alibaba,China,134840,NULL,lccrawresults,2025-10-17
MM,202510,NULL,NULL,alibaba,China,135300,NULL,lccrawresults,2025-10-17
MM,202510,NULL,NULL,alibaba,China,135405,NULL,lccrawresults,2025-10-17
MM,202510,NULL,NULL,alibaba,China,136210,NULL,lccrawresults,2025-10-17
MM,202510,NULL,NULL,alibaba,China,136255,NULL,lccrawresults,2025-10-17
MM,202510,NULL,NULL,alibaba,China,136442,NULL,lccrawresults,2025-10-17
MM,202510,NULL,NULL,alibaba,China,136480,NULL,lccrawresults,2025-10-17
MM,202510,NULL,NULL,alibaba,China,14593,NULL,lccrawresults,2025-10-17
MM,202510,NULL,NULL,amazon,US,132148,NULL,lccrawresults,2025-10-17
MM,202510,NULL,NULL,amazon,US,13335,NULL,lccrawresults,2025-10-17
MM,202510,NULL,NULL,amazon,US,133385,NULL,lccrawresults,2025-10-17
MM,202510,NULL,NULL,amazon,US,133524,NULL,lccrawresults,2025-10-17
MM,202510,NULL,NULL,amazon,US,134840,NULL,lccrawresults,2025-10-17
MM,202510,NULL,NULL,amazon,US,135300,NULL,lccrawresults,2025-10-17
MM,202510,NULL,NULL,amazon,US,135405,NULL,lccrawresults,2025-10-17
MM,202510,NULL,NULL,amazon,US,136210,NULL,lccrawresults,2025-10-17
MM,202510,NULL,NULL,amazon,US,136255,NULL,lccrawresults,2025-10-17
MM,202510,NULL,NULL,amazon,US,136442,NULL,lccrawresults,2025-10-17
MM,202510,NULL,NULL,amazon,US,14593,NULL,lccrawresults,2025-10-17
MM,202510,NULL,NULL,cloudflare,US,132148,NULL,lccrawresults,2025-10-17
MM,202510,NULL,NULL,cloudflare,US,13335,NULL,lccrawresults,2025-10-17
MM,202510,NULL,NULL,cloudflare,US,133385,NULL,lccrawresults,2025-10-17
MM,202510,NULL,NULL,cloudflare,US,133524,NULL,lccrawresults,2025-10-17
MM,202510,NULL,NULL,cloudflare,US,134840,NULL,lccrawresults,2025-10-17
MM,202510,NULL,NULL,cloudflare,US,135300,NULL,lccrawresults,2025-10-17
MM,202510,NULL,NULL,cloudflare,US,135405,NULL,lccrawresults,2025-10-17
MM,202510,NULL,NULL,cloudflare,US,136210,NULL,lccrawresults,2025-10-17
MM,202510,NULL,NULL,cloudflare,US,136255,NULL,lccrawresults,2025-10-17
MM,202510,NULL,NULL,cloudflare,US,136442,NULL,lccrawresults,2025-10-17
MM,202510,NULL,NULL,cloudflare,US,136480,NULL,lccrawresults,2025-10-17
MM,202510,NULL,NULL,cloudflare,US,14593,NULL,lccrawresults,2025-10-17
MM,202510,NULL,NULL,facebook,US,13335,NULL,lccrawresults,2025-10-17
MM,202510,NULL,NULL,facebook,US,133524,NULL,lccrawresults,2025-10-17
MM,202510,NULL,NULL,facebook,US,136255,NULL,lccrawresults,2025-10-17
MM,202510,NULL,NULL,facebook,US,14593,NULL,lccrawresults,2025-10-17
MM,202510,NULL,NULL,fastly,US,132148,NULL,lccrawresults,2025-10-17
MM,202510,NULL,NULL,fastly,US,13335,NULL,lccrawresults,2025-10-17
MM,202510,NULL,NULL,fastly,US,133385,NULL,lccrawresults,2025-10-17
MM,202510,NULL,NULL,fastly,US,133524,NULL,lccrawresults,2025-10-17
MM,202510,NULL,NULL,fastly,US,134840,NULL,lccrawresults,2025-10-17
MM,202510,NULL,NULL,fastly,US,135300,NULL,lccrawresults,2025-10-17
MM,202510,NULL,NULL,fastly,US,135405,NULL,lccrawresults,2025-10-17
MM,202510,NULL,NULL,fastly,US,136210,NULL,lccrawresults,2025-10-17
MM,202510,NULL,NULL,fastly,US,136255,NULL,lccrawresults,2025-10-17
MM,202510,NULL,NULL,fastly,US,136442,NULL,lccrawresults,2025-10-17
MM,202510,NULL,NULL,fastly,US,136480,NULL,lccrawresults,2025-10-17
MM,202510,NULL,NULL,fastly,US,14593,NULL,lccrawresults,2025-10-17
MM,202510,NULL,NULL,gcore,Luxembourg,132148,NULL,lccrawresults,2025-10-17
MM,202510,NULL,NULL,gcore,Luxembourg,13335,NULL,lccrawresults,2025-10-17
MM,202510,NULL,NULL,gcore,Luxembourg,133385,NULL,lccrawresults,2025-10-17
MM,202510,NULL,NULL,gcore,Luxembourg,133524,NULL,lccrawresults,2025-10-17
MM,202510,NULL,NULL,gcore,Luxembourg,134840,NULL,lccrawresults,2025-10-17
MM,202510,NULL,NULL,gcore,Luxembourg,135300,NULL,lccrawresults,2025-10-17
MM,202510,NULL,NULL,gcore,Luxembourg,135405,NULL,lccrawresults,2025-10-17
MM,202510,NULL,NULL,gcore,Luxembourg,136210,NULL,lccrawresults,2025-10-17
MM,202510,NULL,NULL,gcore,Luxembourg,136255,NULL,lccrawresults,2025-10-17
MM,202510,NULL,NULL,gcore,Luxembourg,136442,NULL,lccrawresults,2025-10-17
MM,202510,NULL,NULL,gcore,Luxembourg,136480,NULL,lccrawresults,2025-10-17
MM,202510,NULL,NULL,gcore,Luxembourg,14593,NULL,lccrawresults,2025-10-17
MM,202510,NULL,NULL,microsoft,US,132148,NULL,lccrawresults,2025-10-17
MM,202510,NULL,NULL,microsoft,US,13335,NULL,lccrawresults,2025-10-17
MM,202510,NULL,NULL,microsoft,US,133385,NULL,lccrawresults,2025-10-17
MM,202510,NULL,NULL,microsoft,US,133524,NULL,lccrawresults,2025-10-17
MM,202510,NULL,NULL,microsoft,US,134840,NULL,lccrawresults,2025-10-17
MM,202510,NULL,NULL,microsoft,US,135300,NULL,lccrawresults,2025-10-17
MM,202510,NULL,NULL,microsoft,US,135405,NULL,lccrawresults,2025-10-17
MM,202510,NULL,NULL,microsoft,US,136210,NULL,lccrawresults,2025-10-17
MM,202510,NULL,NULL,microsoft,US,136255,NULL,lccrawresults,2025-10-17
MM,202510,NULL,NULL,microsoft,US,136442,NULL,lccrawresults,2025-10-17
MM,202510,NULL,NULL,microsoft,US,136480,NULL,lccrawresults,2025-10-17
MM,202510,NULL,NULL,microsoft,US,14593,NULL,lccrawresults,2025-10-17
MM,202511,NULL,NULL,akamai,US,133384,NULL,lccrawresults,2025-11-17
MM,202511,NULL,NULL,akamai,US,133524,NULL,lccrawresults,2025-11-17
MM,202511,NULL,NULL,akamai,US,134739,NULL,lccrawresults,2025-11-17
MM,202511,NULL,NULL,akamai,US,134840,NULL,lccrawresults,2025-11-17
MM,202511,NULL,NULL,akamai,US,135300,NULL,lccrawresults,2025-11-17
MM,202511,NULL,NULL,akamai,US,135405,NULL,lccrawresults,2025-11-17
MM,202511,NULL,NULL,akamai,US,135589,NULL,lccrawresults,2025-11-17
MM,202511,NULL,NULL,akamai,US,136210,NULL,lccrawresults,2025-11-17
MM,202511,NULL,NULL,akamai,US,136255,NULL,lccrawresults,2025-11-17
MM,202511,NULL,NULL,akamai,US,136442,NULL,lccrawresults,2025-11-17
MM,202511,NULL,NULL,akamai,US,136480,NULL,lccrawresults,2025-11-17
MM,202511,NULL,NULL,akamai,US,14593,NULL,lccrawresults,2025-11-17
MM,202511,NULL,NULL,akamai,US,9988,NULL,lccrawresults,2025-11-17
MM,202511,NULL,NULL,alibaba,China,133384,NULL,lccrawresults,2025-11-17
MM,202511,NULL,NULL,alibaba,China,133524,NULL,lccrawresults,2025-11-17
MM,202511,NULL,NULL,alibaba,China,134739,NULL,lccrawresults,2025-11-17
MM,202511,NULL,NULL,alibaba,China,134840,NULL,lccrawresults,2025-11-17
MM,202511,NULL,NULL,alibaba,China,135300,NULL,lccrawresults,2025-11-17
MM,202511,NULL,NULL,alibaba,China,135405,NULL,lccrawresults,2025-11-17
MM,202511,NULL,NULL,alibaba,China,135589,NULL,lccrawresults,2025-11-17
MM,202511,NULL,NULL,alibaba,China,136210,NULL,lccrawresults,2025-11-17
MM,202511,NULL,NULL,alibaba,China,136255,NULL,lccrawresults,2025-11-17
MM,202511,NULL,NULL,alibaba,China,136442,NULL,lccrawresults,2025-11-17
MM,202511,NULL,NULL,alibaba,China,136480,NULL,lccrawresults,2025-11-17
MM,202511,NULL,NULL,alibaba,China,9988,NULL,lccrawresults,2025-11-17
MM,202511,NULL,NULL,amazon,US,133384,NULL,lccrawresults,2025-11-17
MM,202511,NULL,NULL,amazon,US,133524,NULL,lccrawresults,2025-11-17
MM,202511,NULL,NULL,amazon,US,134739,NULL,lccrawresults,2025-11-17
MM,202511,NULL,NULL,amazon,US,135300,NULL,lccrawresults,2025-11-17
MM,202511,NULL,NULL,amazon,US,135405,NULL,lccrawresults,2025-11-17
MM,202511,NULL,NULL,amazon,US,135589,NULL,lccrawresults,2025-11-17
MM,202511,NULL,NULL,amazon,US,136210,NULL,lccrawresults,2025-11-17
MM,202511,NULL,NULL,amazon,US,136255,NULL,lccrawresults,2025-11-17
MM,202511,NULL,NULL,amazon,US,136442,NULL,lccrawresults,2025-11-17
MM,202511,NULL,NULL,amazon,US,136480,NULL,lccrawresults,2025-11-17
MM,202511,NULL,NULL,amazon,US,14593,NULL,lccrawresults,2025-11-17
MM,202511,NULL,NULL,amazon,US,9988,NULL,lccrawresults,2025-11-17
MM,202511,NULL,NULL,cloudflare,US,133384,NULL,lccrawresults,2025-11-17
MM,202511,NULL,NULL,cloudflare,US,133524,NULL,lccrawresults,2025-11-17
MM,202511,NULL,NULL,cloudflare,US,134739,NULL,lccrawresults,2025-11-17
MM,202511,NULL,NULL,cloudflare,US,134840,NULL,lccrawresults,2025-11-17
MM,202511,NULL,NULL,cloudflare,US,135300,NULL,lccrawresults,2025-11-17
MM,202511,NULL,NULL,cloudflare,US,135405,NULL,lccrawresults,2025-11-17
MM,202511,NULL,NULL,cloudflare,US,135589,NULL,lccrawresults,2025-11-17
MM,202511,NULL,NULL,cloudflare,US,136255,NULL,lccrawresults,2025-11-17
MM,202511,NULL,NULL,cloudflare,US,136442,NULL,lccrawresults,2025-11-17
MM,202511,NULL,NULL,cloudflare,US,136480,NULL,lccrawresults,2025-11-17
MM,202511,NULL,NULL,cloudflare,US,14593,NULL,lccrawresults,2025-11-17
MM,202511,NULL,NULL,facebook,US,135589,NULL,lccrawresults,2025-11-17
MM,202511,NULL,NULL,facebook,US,14593,NULL,lccrawresults,2025-11-17
MM,202511,NULL,NULL,fastly,US,133384,NULL,lccrawresults,2025-11-17
MM,202511,NULL,NULL,fastly,US,133524,NULL,lccrawresults,2025-11-17
MM,202511,NULL,NULL,fastly,US,134739,NULL,lccrawresults,2025-11-17
MM,202511,NULL,NULL,fastly,US,134840,NULL,lccrawresults,2025-11-17
MM,202511,NULL,NULL,fastly,US,135300,NULL,lccrawresults,2025-11-17
MM,202511,NULL,NULL,fastly,US,135405,NULL,lccrawresults,2025-11-17
MM,202511,NULL,NULL,fastly,US,135589,NULL,lccrawresults,2025-11-17
MM,202511,NULL,NULL,fastly,US,136255,NULL,lccrawresults,2025-11-17
MM,202511,NULL,NULL,fastly,US,136442,NULL,lccrawresults,2025-11-17
MM,202511,NULL,NULL,fastly,US,136480,NULL,lccrawresults,2025-11-17
MM,202511,NULL,NULL,fastly,US,9988,NULL,lccrawresults,2025-11-17
MM,202511,NULL,NULL,microsoft,US,133384,NULL,lccrawresults,2025-11-17
MM,202511,NULL,NULL,microsoft,US,133524,NULL,lccrawresults,2025-11-17
MM,202511,NULL,NULL,microsoft,US,134739,NULL,lccrawresults,2025-11-17
MM,202511,NULL,NULL,microsoft,US,134840,NULL,lccrawresults,2025-11-17
MM,202511,NULL,NULL,microsoft,US,135300,NULL,lccrawresults,2025-11-17
MM,202511,NULL,NULL,microsoft,US,135405,NULL,lccrawresults,2025-11-17
MM,202511,NULL,NULL,microsoft,US,135589,NULL,lccrawresults,2025-11-17
MM,202511,NULL,NULL,microsoft,US,136210,NULL,lccrawresults,2025-11-17
MM,202511,NULL,NULL,microsoft,US,136255,NULL,lccrawresults,2025-11-17
MM,202511,NULL,NULL,microsoft,US,136442,NULL,lccrawresults,2025-11-17
MM,202511,NULL,NULL,microsoft,US,136480,NULL,lccrawresults,2025-11-17
MM,202511,NULL,NULL,microsoft,US,14593,NULL,lccrawresults,2025-11-17
MM,202511,NULL,NULL,microsoft,US,9988,NULL,lccrawresults,2025-11-17
MM,202512,NULL,NULL,akamai,US,132148,NULL,lccrawresults,2025-12-17
MM,202512,NULL,NULL,akamai,US,132167,NULL,lccrawresults,2025-12-17
MM,202512,NULL,NULL,akamai,US,133384,NULL,lccrawresults,2025-12-17
MM,202512,NULL,NULL,akamai,US,133385,NULL,lccrawresults,2025-12-17
MM,202512,NULL,NULL,akamai,US,134739,NULL,lccrawresults,2025-12-17
MM,202512,NULL,NULL,akamai,US,134840,NULL,lccrawresults,2025-12-17
MM,202512,NULL,NULL,akamai,US,135300,NULL,lccrawresults,2025-12-17
MM,202512,NULL,NULL,akamai,US,135405,NULL,lccrawresults,2025-12-17
MM,202512,NULL,NULL,akamai,US,136210,NULL,lccrawresults,2025-12-17
MM,202512,NULL,NULL,akamai,US,136255,NULL,lccrawresults,2025-12-17
MM,202512,NULL,NULL,akamai,US,136442,NULL,lccrawresults,2025-12-17
MM,202512,NULL,NULL,akamai,US,136480,NULL,lccrawresults,2025-12-17
MM,202512,NULL,NULL,akamai,US,14593,NULL,lccrawresults,2025-12-17
MM,202512,NULL,NULL,akamai,US,174,NULL,lccrawresults,2025-12-17
MM,202512,NULL,NULL,akamai,US,58952,NULL,lccrawresults,2025-12-17
MM,202512,NULL,NULL,akamai,US,9988,NULL,lccrawresults,2025-12-17
MM,202512,NULL,NULL,alibaba,China,132148,NULL,lccrawresults,2025-12-17
MM,202512,NULL,NULL,alibaba,China,132167,NULL,lccrawresults,2025-12-17
MM,202512,NULL,NULL,alibaba,China,133384,NULL,lccrawresults,2025-12-17
MM,202512,NULL,NULL,alibaba,China,133385,NULL,lccrawresults,2025-12-17
MM,202512,NULL,NULL,alibaba,China,134739,NULL,lccrawresults,2025-12-17
MM,202512,NULL,NULL,alibaba,China,134840,NULL,lccrawresults,2025-12-17
MM,202512,NULL,NULL,alibaba,China,135300,NULL,lccrawresults,2025-12-17
MM,202512,NULL,NULL,alibaba,China,135405,NULL,lccrawresults,2025-12-17
MM,202512,NULL,NULL,alibaba,China,136210,NULL,lccrawresults,2025-12-17
MM,202512,NULL,NULL,alibaba,China,136255,NULL,lccrawresults,2025-12-17
MM,202512,NULL,NULL,alibaba,China,136442,NULL,lccrawresults,2025-12-17
MM,202512,NULL,NULL,alibaba,China,136480,NULL,lccrawresults,2025-12-17
MM,202512,NULL,NULL,alibaba,China,14593,NULL,lccrawresults,2025-12-17
MM,202512,NULL,NULL,alibaba,China,174,NULL,lccrawresults,2025-12-17
MM,202512,NULL,NULL,alibaba,China,58952,NULL,lccrawresults,2025-12-17
MM,202512,NULL,NULL,alibaba,China,9988,NULL,lccrawresults,2025-12-17
MM,202512,NULL,NULL,amazon,US,132148,NULL,lccrawresults,2025-12-17
MM,202512,NULL,NULL,amazon,US,132167,NULL,lccrawresults,2025-12-17
MM,202512,NULL,NULL,amazon,US,133384,NULL,lccrawresults,2025-12-17
MM,202512,NULL,NULL,amazon,US,133385,NULL,lccrawresults,2025-12-17
MM,202512,NULL,NULL,amazon,US,134739,NULL,lccrawresults,2025-12-17
MM,202512,NULL,NULL,amazon,US,134840,NULL,lccrawresults,2025-12-17
MM,202512,NULL,NULL,amazon,US,135300,NULL,lccrawresults,2025-12-17
MM,202512,NULL,NULL,amazon,US,135405,NULL,lccrawresults,2025-12-17
MM,202512,NULL,NULL,amazon,US,136210,NULL,lccrawresults,2025-12-17
MM,202512,NULL,NULL,amazon,US,136255,NULL,lccrawresults,2025-12-17
MM,202512,NULL,NULL,amazon,US,136442,NULL,lccrawresults,2025-12-17
MM,202512,NULL,NULL,amazon,US,136480,NULL,lccrawresults,2025-12-17
MM,202512,NULL,NULL,amazon,US,14593,NULL,lccrawresults,2025-12-17
MM,202512,NULL,NULL,amazon,US,174,NULL,lccrawresults,2025-12-17
MM,202512,NULL,NULL,amazon,US,58952,NULL,lccrawresults,2025-12-17
MM,202512,NULL,NULL,amazon,US,9988,NULL,lccrawresults,2025-12-17
MM,202512,NULL,NULL,cdn77,UK,132148,NULL,lccrawresults,2025-12-17
MM,202512,NULL,NULL,cdn77,UK,133385,NULL,lccrawresults,2025-12-17
MM,202512,NULL,NULL,cdn77,UK,134739,NULL,lccrawresults,2025-12-17
MM,202512,NULL,NULL,cdn77,UK,134840,NULL,lccrawresults,2025-12-17
MM,202512,NULL,NULL,cdn77,UK,135300,NULL,lccrawresults,2025-12-17
MM,202512,NULL,NULL,cdn77,UK,135405,NULL,lccrawresults,2025-12-17
MM,202512,NULL,NULL,cdn77,UK,136255,NULL,lccrawresults,2025-12-17
MM,202512,NULL,NULL,cdn77,UK,14593,NULL,lccrawresults,2025-12-17
MM,202512,NULL,NULL,cdn77,UK,174,NULL,lccrawresults,2025-12-17
MM,202512,NULL,NULL,cdn77,UK,9988,NULL,lccrawresults,2025-12-17
MM,202512,NULL,NULL,cloudflare,US,132148,NULL,lccrawresults,2025-12-17
MM,202512,NULL,NULL,cloudflare,US,132167,NULL,lccrawresults,2025-12-17
MM,202512,NULL,NULL,cloudflare,US,133384,NULL,lccrawresults,2025-12-17
MM,202512,NULL,NULL,cloudflare,US,133385,NULL,lccrawresults,2025-12-17
MM,202512,NULL,NULL,cloudflare,US,134739,NULL,lccrawresults,2025-12-17
MM,202512,NULL,NULL,cloudflare,US,134840,NULL,lccrawresults,2025-12-17
MM,202512,NULL,NULL,cloudflare,US,135300,NULL,lccrawresults,2025-12-17
MM,202512,NULL,NULL,cloudflare,US,135405,NULL,lccrawresults,2025-12-17
MM,202512,NULL,NULL,cloudflare,US,136255,NULL,lccrawresults,2025-12-17
MM,202512,NULL,NULL,cloudflare,US,136442,NULL,lccrawresults,2025-12-17
MM,202512,NULL,NULL,cloudflare,US,136480,NULL,lccrawresults,2025-12-17
MM,202512,NULL,NULL,cloudflare,US,14593,NULL,lccrawresults,2025-12-17
MM,202512,NULL,NULL,cloudflare,US,174,NULL,lccrawresults,2025-12-17
MM,202512,NULL,NULL,cloudflare,US,9988,NULL,lccrawresults,2025-12-17
MM,202512,NULL,NULL,facebook,US,14593,NULL,lccrawresults,2025-12-17
MM,202512,NULL,NULL,facebook,US,174,NULL,lccrawresults,2025-12-17
MM,202512,NULL,NULL,fastly,US,132148,NULL,lccrawresults,2025-12-17
MM,202512,NULL,NULL,fastly,US,132167,NULL,lccrawresults,2025-12-17
MM,202512,NULL,NULL,fastly,US,133384,NULL,lccrawresults,2025-12-17
MM,202512,NULL,NULL,fastly,US,133385,NULL,lccrawresults,2025-12-17
MM,202512,NULL,NULL,fastly,US,134739,NULL,lccrawresults,2025-12-17
MM,202512,NULL,NULL,fastly,US,134840,NULL,lccrawresults,2025-12-17
MM,202512,NULL,NULL,fastly,US,135300,NULL,lccrawresults,2025-12-17
MM,202512,NULL,NULL,fastly,US,135405,NULL,lccrawresults,2025-12-17
MM,202512,NULL,NULL,fastly,US,136255,NULL,lccrawresults,2025-12-17
MM,202512,NULL,NULL,fastly,US,136442,NULL,lccrawresults,2025-12-17
MM,202512,NULL,NULL,fastly,US,136480,NULL,lccrawresults,2025-12-17
MM,202512,NULL,NULL,fastly,US,14593,NULL,lccrawresults,2025-12-17
MM,202512,NULL,NULL,fastly,US,174,NULL,lccrawresults,2025-12-17
MM,202512,NULL,NULL,fastly,US,58952,NULL,lccrawresults,2025-12-17
MM,202512,NULL,NULL,fastly,US,9988,NULL,lccrawresults,2025-12-17
MM,202512,NULL,NULL,microsoft,US,132148,NULL,lccrawresults,2025-12-17
MM,202512,NULL,NULL,microsoft,US,132167,NULL,lccrawresults,2025-12-17
MM,202512,NULL,NULL,microsoft,US,133384,NULL,lccrawresults,2025-12-17
MM,202512,NULL,NULL,microsoft,US,133385,NULL,lccrawresults,2025-12-17
MM,202512,NULL,NULL,microsoft,US,134739,NULL,lccrawresults,2025-12-17
MM,202512,NULL,NULL,microsoft,US,134840,NULL,lccrawresults,2025-12-17
MM,202512,NULL,NULL,microsoft,US,135300,NULL,lccrawresults,2025-12-17
MM,202512,NULL,NULL,microsoft,US,135405,NULL,lccrawresults,2025-12-17
MM,202512,NULL,NULL,microsoft,US,136210,NULL,lccrawresults,2025-12-17
MM,202512,NULL,NULL,microsoft,US,136255,NULL,lccrawresults,2025-12-17
MM,202512,NULL,NULL,microsoft,US,136442,NULL,lccrawresults,2025-12-17
MM,202512,NULL,NULL,microsoft,US,136480,NULL,lccrawresults,2025-12-17
MM,202512,NULL,NULL,microsoft,US,14593,NULL,lccrawresults,2025-12-17
MM,202512,NULL,NULL,microsoft,US,174,NULL,lccrawresults,2025-12-17
MM,202512,NULL,NULL,microsoft,US,58952,NULL,lccrawresults,2025-12-17
MM,202512,NULL,NULL,microsoft,US,9988,NULL,lccrawresults,2025-12-17
MM,202601,NULL,NULL,akamai,US,132148,NULL,lccrawresults,2026-01-17
MM,202601,NULL,NULL,akamai,US,132167,NULL,lccrawresults,2026-01-17
MM,202601,NULL,NULL,akamai,US,133385,NULL,lccrawresults,2026-01-17
MM,202601,NULL,NULL,akamai,US,133524,NULL,lccrawresults,2026-01-17
MM,202601,NULL,NULL,akamai,US,134484,NULL,lccrawresults,2026-01-17
MM,202601,NULL,NULL,akamai,US,134840,NULL,lccrawresults,2026-01-17
MM,202601,NULL,NULL,akamai,US,135300,NULL,lccrawresults,2026-01-17
MM,202601,NULL,NULL,akamai,US,135405,NULL,lccrawresults,2026-01-17
MM,202601,NULL,NULL,akamai,US,135589,NULL,lccrawresults,2026-01-17
MM,202601,NULL,NULL,akamai,US,136210,NULL,lccrawresults,2026-01-17
MM,202601,NULL,NULL,akamai,US,136255,NULL,lccrawresults,2026-01-17
MM,202601,NULL,NULL,akamai,US,136442,NULL,lccrawresults,2026-01-17
MM,202601,NULL,NULL,akamai,US,136480,NULL,lccrawresults,2026-01-17
MM,202601,NULL,NULL,akamai,US,14593,NULL,lccrawresults,2026-01-17
MM,202601,NULL,NULL,akamai,US,174,NULL,lccrawresults,2026-01-17
MM,202601,NULL,NULL,akamai,US,58952,NULL,lccrawresults,2026-01-17
MM,202601,NULL,NULL,akamai,US,9988,NULL,lccrawresults,2026-01-17
MM,202601,NULL,NULL,alibaba,China,132148,NULL,lccrawresults,2026-01-17
MM,202601,NULL,NULL,alibaba,China,132167,NULL,lccrawresults,2026-01-17
MM,202601,NULL,NULL,alibaba,China,133385,NULL,lccrawresults,2026-01-17
MM,202601,NULL,NULL,alibaba,China,134484,NULL,lccrawresults,2026-01-17
MM,202601,NULL,NULL,alibaba,China,134840,NULL,lccrawresults,2026-01-17
MM,202601,NULL,NULL,alibaba,China,135300,NULL,lccrawresults,2026-01-17
MM,202601,NULL,NULL,alibaba,China,135405,NULL,lccrawresults,2026-01-17
MM,202601,NULL,NULL,alibaba,China,135589,NULL,lccrawresults,2026-01-17
MM,202601,NULL,NULL,alibaba,China,136210,NULL,lccrawresults,2026-01-17
MM,202601,NULL,NULL,alibaba,China,136255,NULL,lccrawresults,2026-01-17
MM,202601,NULL,NULL,alibaba,China,136442,NULL,lccrawresults,2026-01-17
MM,202601,NULL,NULL,alibaba,China,136480,NULL,lccrawresults,2026-01-17
MM,202601,NULL,NULL,alibaba,China,14593,NULL,lccrawresults,2026-01-17
MM,202601,NULL,NULL,alibaba,China,174,NULL,lccrawresults,2026-01-17
MM,202601,NULL,NULL,alibaba,China,58952,NULL,lccrawresults,2026-01-17
MM,202601,NULL,NULL,alibaba,China,9988,NULL,lccrawresults,2026-01-17
MM,202601,NULL,NULL,amazon,US,132148,NULL,lccrawresults,2026-01-17
MM,202601,NULL,NULL,amazon,US,132167,NULL,lccrawresults,2026-01-17
MM,202601,NULL,NULL,amazon,US,133385,NULL,lccrawresults,2026-01-17
MM,202601,NULL,NULL,amazon,US,134484,NULL,lccrawresults,2026-01-17
MM,202601,NULL,NULL,amazon,US,134840,NULL,lccrawresults,2026-01-17
MM,202601,NULL,NULL,amazon,US,135300,NULL,lccrawresults,2026-01-17
MM,202601,NULL,NULL,amazon,US,135405,NULL,lccrawresults,2026-01-17
MM,202601,NULL,NULL,amazon,US,135589,NULL,lccrawresults,2026-01-17
MM,202601,NULL,NULL,amazon,US,136255,NULL,lccrawresults,2026-01-17
MM,202601,NULL,NULL,amazon,US,136442,NULL,lccrawresults,2026-01-17
MM,202601,NULL,NULL,amazon,US,136480,NULL,lccrawresults,2026-01-17
MM,202601,NULL,NULL,amazon,US,14593,NULL,lccrawresults,2026-01-17
MM,202601,NULL,NULL,amazon,US,174,NULL,lccrawresults,2026-01-17
MM,202601,NULL,NULL,amazon,US,58952,NULL,lccrawresults,2026-01-17
MM,202601,NULL,NULL,amazon,US,9988,NULL,lccrawresults,2026-01-17
MM,202601,NULL,NULL,cdn77,UK,132167,NULL,lccrawresults,2026-01-17
MM,202601,NULL,NULL,cdn77,UK,134484,NULL,lccrawresults,2026-01-17
MM,202601,NULL,NULL,cdn77,UK,135300,NULL,lccrawresults,2026-01-17
MM,202601,NULL,NULL,cdn77,UK,135405,NULL,lccrawresults,2026-01-17
MM,202601,NULL,NULL,cdn77,UK,135589,NULL,lccrawresults,2026-01-17
MM,202601,NULL,NULL,cdn77,UK,136255,NULL,lccrawresults,2026-01-17
MM,202601,NULL,NULL,cdn77,UK,136442,NULL,lccrawresults,2026-01-17
MM,202601,NULL,NULL,cdn77,UK,14593,NULL,lccrawresults,2026-01-17
MM,202601,NULL,NULL,cdn77,UK,174,NULL,lccrawresults,2026-01-17
MM,202601,NULL,NULL,cdn77,UK,58952,NULL,lccrawresults,2026-01-17
MM,202601,NULL,NULL,cloudflare,US,132148,NULL,lccrawresults,2026-01-17
MM,202601,NULL,NULL,cloudflare,US,132167,NULL,lccrawresults,2026-01-17
MM,202601,NULL,NULL,cloudflare,US,133385,NULL,lccrawresults,2026-01-17
MM,202601,NULL,NULL,cloudflare,US,134484,NULL,lccrawresults,2026-01-17
MM,202601,NULL,NULL,cloudflare,US,134840,NULL,lccrawresults,2026-01-17
MM,202601,NULL,NULL,cloudflare,US,135300,NULL,lccrawresults,2026-01-17
MM,202601,NULL,NULL,cloudflare,US,135405,NULL,lccrawresults,2026-01-17
MM,202601,NULL,NULL,cloudflare,US,135589,NULL,lccrawresults,2026-01-17
MM,202601,NULL,NULL,cloudflare,US,136210,NULL,lccrawresults,2026-01-17
MM,202601,NULL,NULL,cloudflare,US,136255,NULL,lccrawresults,2026-01-17
MM,202601,NULL,NULL,cloudflare,US,136442,NULL,lccrawresults,2026-01-17
MM,202601,NULL,NULL,cloudflare,US,14593,NULL,lccrawresults,2026-01-17
MM,202601,NULL,NULL,cloudflare,US,174,NULL,lccrawresults,2026-01-17
MM,202601,NULL,NULL,facebook,US,133524,NULL,lccrawresults,2026-01-17
MM,202601,NULL,NULL,facebook,US,134484,NULL,lccrawresults,2026-01-17
MM,202601,NULL,NULL,facebook,US,14593,NULL,lccrawresults,2026-01-17
MM,202601,NULL,NULL,facebook,US,174,NULL,lccrawresults,2026-01-17
MM,202601,NULL,NULL,fastly,US,132148,NULL,lccrawresults,2026-01-17
MM,202601,NULL,NULL,fastly,US,132167,NULL,lccrawresults,2026-01-17
MM,202601,NULL,NULL,fastly,US,133385,NULL,lccrawresults,2026-01-17
MM,202601,NULL,NULL,fastly,US,134484,NULL,lccrawresults,2026-01-17
MM,202601,NULL,NULL,fastly,US,134840,NULL,lccrawresults,2026-01-17
MM,202601,NULL,NULL,fastly,US,135300,NULL,lccrawresults,2026-01-17
MM,202601,NULL,NULL,fastly,US,135405,NULL,lccrawresults,2026-01-17
MM,202601,NULL,NULL,fastly,US,135589,NULL,lccrawresults,2026-01-17
MM,202601,NULL,NULL,fastly,US,136255,NULL,lccrawresults,2026-01-17
MM,202601,NULL,NULL,fastly,US,136442,NULL,lccrawresults,2026-01-17
MM,202601,NULL,NULL,fastly,US,136480,NULL,lccrawresults,2026-01-17
MM,202601,NULL,NULL,fastly,US,14593,NULL,lccrawresults,2026-01-17
MM,202601,NULL,NULL,fastly,US,174,NULL,lccrawresults,2026-01-17
MM,202601,NULL,NULL,fastly,US,58952,NULL,lccrawresults,2026-01-17
MM,202601,NULL,NULL,fastly,US,9988,NULL,lccrawresults,2026-01-17
MM,202601,NULL,NULL,microsoft,US,132148,NULL,lccrawresults,2026-01-17
MM,202601,NULL,NULL,microsoft,US,132167,NULL,lccrawresults,2026-01-17
MM,202601,NULL,NULL,microsoft,US,133385,NULL,lccrawresults,2026-01-17
MM,202601,NULL,NULL,microsoft,US,133524,NULL,lccrawresults,2026-01-17
MM,202601,NULL,NULL,microsoft,US,134484,NULL,lccrawresults,2026-01-17
MM,202601,NULL,NULL,microsoft,US,134840,NULL,lccrawresults,2026-01-17
MM,202601,NULL,NULL,microsoft,US,135300,NULL,lccrawresults,2026-01-17
MM,202601,NULL,NULL,microsoft,US,135405,NULL,lccrawresults,2026-01-17
MM,202601,NULL,NULL,microsoft,US,135589,NULL,lccrawresults,2026-01-17
MM,202601,NULL,NULL,microsoft,US,136210,NULL,lccrawresults,2026-01-17
MM,202601,NULL,NULL,microsoft,US,136255,NULL,lccrawresults,2026-01-17
MM,202601,NULL,NULL,microsoft,US,136442,NULL,lccrawresults,2026-01-17
MM,202601,NULL,NULL,microsoft,US,136480,NULL,lccrawresults,2026-01-17
MM,202601,NULL,NULL,microsoft,US,14593,NULL,lccrawresults,2026-01-17
MM,202601,NULL,NULL,microsoft,US,174,NULL,lccrawresults,2026-01-17
MM,202601,NULL,NULL,microsoft,US,58952,NULL,lccrawresults,2026-01-17
MM,202601,NULL,NULL,microsoft,US,9988,NULL,lccrawresults,2026-01-17
MY,202406,NULL,NULL,akamai,US,10030,NULL,lccrawresults,2024-06-01
MY,202406,NULL,NULL,akamai,US,10030,NULL,lccrawresults,2024-06-19
MY,202406,NULL,NULL,akamai,US,38466,NULL,lccrawresults,2024-06-01
MY,202406,NULL,NULL,akamai,US,38466,NULL,lccrawresults,2024-06-19
MY,202406,NULL,NULL,akamai,US,4788,NULL,lccrawresults,2024-06-01
MY,202406,NULL,NULL,akamai,US,4788,NULL,lccrawresults,2024-06-19
MY,202406,NULL,NULL,akamai,US,4818,NULL,lccrawresults,2024-06-01
MY,202406,NULL,NULL,akamai,US,4818,NULL,lccrawresults,2024-06-19
MY,202406,NULL,NULL,akamai,US,9534,NULL,lccrawresults,2024-06-01
MY,202406,NULL,NULL,akamai,US,9534,NULL,lccrawresults,2024-06-19
MY,202406,NULL,NULL,alibaba,China,10030,NULL,lccrawresults,2024-06-19
MY,202406,NULL,NULL,alibaba,China,38466,NULL,lccrawresults,2024-06-19
MY,202406,NULL,NULL,alibaba,China,4788,NULL,lccrawresults,2024-06-19
MY,202406,NULL,NULL,alibaba,China,4818,NULL,lccrawresults,2024-06-19
MY,202406,NULL,NULL,alibaba,China,9534,NULL,lccrawresults,2024-06-19
MY,202406,NULL,NULL,amazon,US,10030,NULL,lccrawresults,2024-06-19
MY,202406,NULL,NULL,amazon,US,38466,NULL,lccrawresults,2024-06-19
MY,202406,NULL,NULL,amazon,US,4788,NULL,lccrawresults,2024-06-19
MY,202406,NULL,NULL,amazon,US,4818,NULL,lccrawresults,2024-06-19
MY,202406,NULL,NULL,amazon,US,9534,NULL,lccrawresults,2024-06-19
MY,202406,NULL,NULL,cdn77,UK,38466,NULL,lccrawresults,2024-06-19
MY,202406,NULL,NULL,cdn77,UK,4788,NULL,lccrawresults,2024-06-19
MY,202406,NULL,NULL,cdn77,UK,4818,NULL,lccrawresults,2024-06-19
MY,202406,NULL,NULL,cdn77,UK,9534,NULL,lccrawresults,2024-06-19
MY,202406,NULL,NULL,cloudflare,US,10030,NULL,lccrawresults,2024-06-01
MY,202406,NULL,NULL,cloudflare,US,10030,NULL,lccrawresults,2024-06-19
MY,202406,NULL,NULL,cloudflare,US,38466,NULL,lccrawresults,2024-06-01
MY,202406,NULL,NULL,cloudflare,US,38466,NULL,lccrawresults,2024-06-19
MY,202406,NULL,NULL,cloudflare,US,4788,NULL,lccrawresults,2024-06-01
MY,202406,NULL,NULL,cloudflare,US,4788,NULL,lccrawresults,2024-06-19
MY,202406,NULL,NULL,cloudflare,US,4818,NULL,lccrawresults,2024-06-01
MY,202406,NULL,NULL,cloudflare,US,4818,NULL,lccrawresults,2024-06-19
MY,202406,NULL,NULL,cloudflare,US,9534,NULL,lccrawresults,2024-06-01
MY,202406,NULL,NULL,cloudflare,US,9534,NULL,lccrawresults,2024-06-19
MY,202406,NULL,NULL,cloudfront,US,10030,NULL,lccrawresults,2024-06-01
MY,202406,NULL,NULL,cloudfront,US,38466,NULL,lccrawresults,2024-06-01
MY,202406,NULL,NULL,cloudfront,US,4788,NULL,lccrawresults,2024-06-01
MY,202406,NULL,NULL,cloudfront,US,4818,NULL,lccrawresults,2024-06-01
MY,202406,NULL,NULL,cloudfront,US,9534,NULL,lccrawresults,2024-06-01
MY,202406,NULL,NULL,facebook,US,10030,NULL,lccrawresults,2024-06-01
MY,202406,NULL,NULL,facebook,US,10030,NULL,lccrawresults,2024-06-19
MY,202406,NULL,NULL,facebook,US,38466,NULL,lccrawresults,2024-06-01
MY,202406,NULL,NULL,facebook,US,38466,NULL,lccrawresults,2024-06-19
MY,202406,NULL,NULL,facebook,US,4788,NULL,lccrawresults,2024-06-01
MY,202406,NULL,NULL,facebook,US,4788,NULL,lccrawresults,2024-06-19
MY,202406,NULL,NULL,facebook,US,4818,NULL,lccrawresults,2024-06-01
MY,202406,NULL,NULL,facebook,US,4818,NULL,lccrawresults,2024-06-19
MY,202406,NULL,NULL,facebook,US,9534,NULL,lccrawresults,2024-06-01
MY,202406,NULL,NULL,facebook,US,9534,NULL,lccrawresults,2024-06-19
MY,202406,NULL,NULL,fastly,US,10030,NULL,lccrawresults,2024-06-01
MY,202406,NULL,NULL,fastly,US,38466,NULL,lccrawresults,2024-06-01
MY,202406,NULL,NULL,fastly,US,38466,NULL,lccrawresults,2024-06-19
MY,202406,NULL,NULL,fastly,US,4788,NULL,lccrawresults,2024-06-01
MY,202406,NULL,NULL,fastly,US,4788,NULL,lccrawresults,2024-06-19
MY,202406,NULL,NULL,fastly,US,4818,NULL,lccrawresults,2024-06-01
MY,202406,NULL,NULL,fastly,US,4818,NULL,lccrawresults,2024-06-19
MY,202406,NULL,NULL,fastly,US,9534,NULL,lccrawresults,2024-06-01
MY,202406,NULL,NULL,fastly,US,9534,NULL,lccrawresults,2024-06-19
MY,202406,NULL,NULL,microsoft,US,10030,NULL,lccrawresults,2024-06-19
MY,202406,NULL,NULL,microsoft,US,38466,NULL,lccrawresults,2024-06-19
MY,202406,NULL,NULL,microsoft,US,4788,NULL,lccrawresults,2024-06-19
MY,202406,NULL,NULL,microsoft,US,4818,NULL,lccrawresults,2024-06-19
MY,202406,NULL,NULL,microsoft,US,9534,NULL,lccrawresults,2024-06-19
MY,202407,NULL,NULL,akamai,US,38466,NULL,lccrawresults,2024-07-23
MY,202407,NULL,NULL,akamai,US,38466,NULL,lccrawresults,2024-07-24
MY,202407,NULL,NULL,alibaba,China,38466,NULL,lccrawresults,2024-07-23
MY,202407,NULL,NULL,alibaba,China,38466,NULL,lccrawresults,2024-07-24
MY,202407,NULL,NULL,amazon,US,38466,NULL,lccrawresults,2024-07-23
MY,202407,NULL,NULL,amazon,US,38466,NULL,lccrawresults,2024-07-24
MY,202407,NULL,NULL,cloudflare,US,38466,NULL,lccrawresults,2024-07-23
MY,202407,NULL,NULL,cloudflare,US,38466,NULL,lccrawresults,2024-07-24
MY,202407,NULL,NULL,facebook,US,38466,NULL,lccrawresults,2024-07-23
MY,202407,NULL,NULL,facebook,US,38466,NULL,lccrawresults,2024-07-24
MY,202407,NULL,NULL,fastly,US,38466,NULL,lccrawresults,2024-07-23
MY,202407,NULL,NULL,fastly,US,38466,NULL,lccrawresults,2024-07-24
MY,202407,NULL,NULL,microsoft,US,38466,NULL,lccrawresults,2024-07-23
MY,202407,NULL,NULL,microsoft,US,38466,NULL,lccrawresults,2024-07-24
MY,202408,NULL,NULL,akamai,US,38466,NULL,lccrawresults,2024-08-05
MY,202408,NULL,NULL,akamai,US,38466,NULL,lccrawresults,2024-08-19
MY,202408,NULL,NULL,alibaba,China,38466,NULL,lccrawresults,2024-08-05
MY,202408,NULL,NULL,alibaba,China,38466,NULL,lccrawresults,2024-08-19
MY,202408,NULL,NULL,amazon,US,38466,NULL,lccrawresults,2024-08-05
MY,202408,NULL,NULL,amazon,US,38466,NULL,lccrawresults,2024-08-19
MY,202408,NULL,NULL,cloudflare,US,38466,NULL,lccrawresults,2024-08-05
MY,202408,NULL,NULL,cloudflare,US,38466,NULL,lccrawresults,2024-08-19
MY,202408,NULL,NULL,facebook,US,38466,NULL,lccrawresults,2024-08-05
MY,202408,NULL,NULL,facebook,US,38466,NULL,lccrawresults,2024-08-19
MY,202408,NULL,NULL,fastly,US,38466,NULL,lccrawresults,2024-08-05
MY,202408,NULL,NULL,fastly,US,38466,NULL,lccrawresults,2024-08-19
MY,202408,NULL,NULL,microsoft,US,38466,NULL,lccrawresults,2024-08-05
MY,202408,NULL,NULL,microsoft,US,38466,NULL,lccrawresults,2024-08-19
MY,202409,NULL,NULL,akamai,US,38466,NULL,lccrawresults,2024-09-19
MY,202409,NULL,NULL,akamai,US,38466,NULL,lccrawresults,2024-09-16
MY,202409,NULL,NULL,alibaba,China,38466,NULL,lccrawresults,2024-09-19
MY,202409,NULL,NULL,alibaba,China,38466,NULL,lccrawresults,2024-09-16
MY,202409,NULL,NULL,amazon,US,38466,NULL,lccrawresults,2024-09-19
MY,202409,NULL,NULL,amazon,US,38466,NULL,lccrawresults,2024-09-16
MY,202409,NULL,NULL,cloudflare,US,38466,NULL,lccrawresults,2024-09-19
MY,202409,NULL,NULL,cloudflare,US,38466,NULL,lccrawresults,2024-09-16
MY,202409,NULL,NULL,facebook,US,38466,NULL,lccrawresults,2024-09-19
MY,202409,NULL,NULL,facebook,US,38466,NULL,lccrawresults,2024-09-16
MY,202409,NULL,NULL,fastly,US,38466,NULL,lccrawresults,2024-09-19
MY,202409,NULL,NULL,fastly,US,38466,NULL,lccrawresults,2024-09-16
MY,202409,NULL,NULL,microsoft,US,38466,NULL,lccrawresults,2024-09-19
MY,202409,NULL,NULL,microsoft,US,38466,NULL,lccrawresults,2024-09-16
MY,202410,NULL,NULL,akamai,US,38466,NULL,lccrawresults,2024-10-17
MY,202410,NULL,NULL,alibaba,China,38466,NULL,lccrawresults,2024-10-17
MY,202410,NULL,NULL,amazon,US,38466,NULL,lccrawresults,2024-10-17
MY,202410,NULL,NULL,cloudflare,US,38466,NULL,lccrawresults,2024-10-17
MY,202410,NULL,NULL,facebook,US,38466,NULL,lccrawresults,2024-10-17
MY,202410,NULL,NULL,fastly,US,38466,NULL,lccrawresults,2024-10-17
MY,202410,NULL,NULL,microsoft,US,38466,NULL,lccrawresults,2024-10-17
MY,202411,NULL,NULL,akamai,US,38466,NULL,lccrawresults,2024-11-17
MY,202411,NULL,NULL,alibaba,China,38466,NULL,lccrawresults,2024-11-17
MY,202411,NULL,NULL,amazon,US,38466,NULL,lccrawresults,2024-11-17
MY,202411,NULL,NULL,cloudflare,US,38466,NULL,lccrawresults,2024-11-17
MY,202411,NULL,NULL,facebook,US,38466,NULL,lccrawresults,2024-11-17
MY,202411,NULL,NULL,fastly,US,38466,NULL,lccrawresults,2024-11-17
MY,202411,NULL,NULL,microsoft,US,38466,NULL,lccrawresults,2024-11-17
MY,202412,NULL,NULL,akamai,US,38466,NULL,lccrawresults,2024-12-18
MY,202412,NULL,NULL,alibaba,China,38466,NULL,lccrawresults,2024-12-18
MY,202412,NULL,NULL,amazon,US,38466,NULL,lccrawresults,2024-12-18
MY,202412,NULL,NULL,cloudflare,US,38466,NULL,lccrawresults,2024-12-18
MY,202412,NULL,NULL,facebook,US,38466,NULL,lccrawresults,2024-12-18
MY,202412,NULL,NULL,fastly,US,38466,NULL,lccrawresults,2024-12-18
MY,202412,NULL,NULL,microsoft,US,38466,NULL,lccrawresults,2024-12-18
MY,202501,NULL,NULL,akamai,US,38466,NULL,lccrawresults,2025-01-17
MY,202501,NULL,NULL,alibaba,China,38466,NULL,lccrawresults,2025-01-17
MY,202501,NULL,NULL,amazon,US,38466,NULL,lccrawresults,2025-01-17
MY,202501,NULL,NULL,cloudflare,US,38466,NULL,lccrawresults,2025-01-17
MY,202501,NULL,NULL,facebook,US,38466,NULL,lccrawresults,2025-01-17
MY,202501,NULL,NULL,fastly,US,38466,NULL,lccrawresults,2025-01-17
MY,202501,NULL,NULL,microsoft,US,38466,NULL,lccrawresults,2025-01-17
MY,202502,NULL,NULL,akamai,US,10030,NULL,lccrawresults,2025-02-17
MY,202502,NULL,NULL,akamai,US,14593,NULL,lccrawresults,2025-02-17
MY,202502,NULL,NULL,akamai,US,38466,NULL,lccrawresults,2025-02-17
MY,202502,NULL,NULL,akamai,US,4788,NULL,lccrawresults,2025-02-17
MY,202502,NULL,NULL,akamai,US,4818,NULL,lccrawresults,2025-02-17
MY,202502,NULL,NULL,akamai,US,9534,NULL,lccrawresults,2025-02-17
MY,202502,NULL,NULL,akamai,US,9930,NULL,lccrawresults,2025-02-17
MY,202502,NULL,NULL,alibaba,China,10030,NULL,lccrawresults,2025-02-17
MY,202502,NULL,NULL,alibaba,China,14593,NULL,lccrawresults,2025-02-17
MY,202502,NULL,NULL,alibaba,China,38466,NULL,lccrawresults,2025-02-17
MY,202502,NULL,NULL,alibaba,China,4788,NULL,lccrawresults,2025-02-17
MY,202502,NULL,NULL,alibaba,China,4818,NULL,lccrawresults,2025-02-17
MY,202502,NULL,NULL,alibaba,China,9534,NULL,lccrawresults,2025-02-17
MY,202502,NULL,NULL,alibaba,China,9930,NULL,lccrawresults,2025-02-17
MY,202502,NULL,NULL,amazon,US,10030,NULL,lccrawresults,2025-02-17
MY,202502,NULL,NULL,amazon,US,14593,NULL,lccrawresults,2025-02-17
MY,202502,NULL,NULL,amazon,US,38466,NULL,lccrawresults,2025-02-17
MY,202502,NULL,NULL,amazon,US,4788,NULL,lccrawresults,2025-02-17
MY,202502,NULL,NULL,amazon,US,4818,NULL,lccrawresults,2025-02-17
MY,202502,NULL,NULL,amazon,US,9534,NULL,lccrawresults,2025-02-17
MY,202502,NULL,NULL,amazon,US,9930,NULL,lccrawresults,2025-02-17
MY,202502,NULL,NULL,cloudflare,US,10030,NULL,lccrawresults,2025-02-17
MY,202502,NULL,NULL,cloudflare,US,14593,NULL,lccrawresults,2025-02-17
MY,202502,NULL,NULL,cloudflare,US,38466,NULL,lccrawresults,2025-02-17
MY,202502,NULL,NULL,cloudflare,US,4788,NULL,lccrawresults,2025-02-17
MY,202502,NULL,NULL,cloudflare,US,4818,NULL,lccrawresults,2025-02-17
MY,202502,NULL,NULL,cloudflare,US,9534,NULL,lccrawresults,2025-02-17
MY,202502,NULL,NULL,cloudflare,US,9930,NULL,lccrawresults,2025-02-17
MY,202502,NULL,NULL,facebook,US,10030,NULL,lccrawresults,2025-02-17
MY,202502,NULL,NULL,facebook,US,14593,NULL,lccrawresults,2025-02-17
MY,202502,NULL,NULL,facebook,US,38466,NULL,lccrawresults,2025-02-17
MY,202502,NULL,NULL,facebook,US,4788,NULL,lccrawresults,2025-02-17
MY,202502,NULL,NULL,facebook,US,4818,NULL,lccrawresults,2025-02-17
MY,202502,NULL,NULL,facebook,US,9534,NULL,lccrawresults,2025-02-17
MY,202502,NULL,NULL,facebook,US,9930,NULL,lccrawresults,2025-02-17
MY,202502,NULL,NULL,fastly,US,10030,NULL,lccrawresults,2025-02-17
MY,202502,NULL,NULL,fastly,US,14593,NULL,lccrawresults,2025-02-17
MY,202502,NULL,NULL,fastly,US,38466,NULL,lccrawresults,2025-02-17
MY,202502,NULL,NULL,fastly,US,4788,NULL,lccrawresults,2025-02-17
MY,202502,NULL,NULL,fastly,US,4818,NULL,lccrawresults,2025-02-17
MY,202502,NULL,NULL,fastly,US,9534,NULL,lccrawresults,2025-02-17
MY,202502,NULL,NULL,fastly,US,9930,NULL,lccrawresults,2025-02-17
MY,202502,NULL,NULL,microsoft,US,10030,NULL,lccrawresults,2025-02-17
MY,202502,NULL,NULL,microsoft,US,14593,NULL,lccrawresults,2025-02-17
MY,202502,NULL,NULL,microsoft,US,38466,NULL,lccrawresults,2025-02-17
MY,202502,NULL,NULL,microsoft,US,4788,NULL,lccrawresults,2025-02-17
MY,202502,NULL,NULL,microsoft,US,4818,NULL,lccrawresults,2025-02-17
MY,202502,NULL,NULL,microsoft,US,9534,NULL,lccrawresults,2025-02-17
MY,202502,NULL,NULL,microsoft,US,9930,NULL,lccrawresults,2025-02-17
MY,202503,NULL,NULL,akamai,US,10030,NULL,lccrawresults,2025-03-17
MY,202503,NULL,NULL,akamai,US,38466,NULL,lccrawresults,2025-03-17
MY,202503,NULL,NULL,akamai,US,4788,NULL,lccrawresults,2025-03-17
MY,202503,NULL,NULL,akamai,US,4818,NULL,lccrawresults,2025-03-17
MY,202503,NULL,NULL,akamai,US,9534,NULL,lccrawresults,2025-03-17
MY,202503,NULL,NULL,alibaba,China,10030,NULL,lccrawresults,2025-03-17
MY,202503,NULL,NULL,alibaba,China,38466,NULL,lccrawresults,2025-03-17
MY,202503,NULL,NULL,alibaba,China,4788,NULL,lccrawresults,2025-03-17
MY,202503,NULL,NULL,alibaba,China,4818,NULL,lccrawresults,2025-03-17
MY,202503,NULL,NULL,alibaba,China,9534,NULL,lccrawresults,2025-03-17
MY,202503,NULL,NULL,amazon,US,10030,NULL,lccrawresults,2025-03-17
MY,202503,NULL,NULL,amazon,US,38466,NULL,lccrawresults,2025-03-17
MY,202503,NULL,NULL,amazon,US,4788,NULL,lccrawresults,2025-03-17
MY,202503,NULL,NULL,amazon,US,4818,NULL,lccrawresults,2025-03-17
MY,202503,NULL,NULL,amazon,US,9534,NULL,lccrawresults,2025-03-17
MY,202503,NULL,NULL,cloudflare,US,10030,NULL,lccrawresults,2025-03-17
MY,202503,NULL,NULL,cloudflare,US,38466,NULL,lccrawresults,2025-03-17
MY,202503,NULL,NULL,cloudflare,US,4788,NULL,lccrawresults,2025-03-17
MY,202503,NULL,NULL,cloudflare,US,4818,NULL,lccrawresults,2025-03-17
MY,202503,NULL,NULL,cloudflare,US,9534,NULL,lccrawresults,2025-03-17
MY,202503,NULL,NULL,facebook,US,10030,NULL,lccrawresults,2025-03-17
MY,202503,NULL,NULL,facebook,US,38466,NULL,lccrawresults,2025-03-17
MY,202503,NULL,NULL,facebook,US,4788,NULL,lccrawresults,2025-03-17
MY,202503,NULL,NULL,facebook,US,4818,NULL,lccrawresults,2025-03-17
MY,202503,NULL,NULL,facebook,US,9534,NULL,lccrawresults,2025-03-17
MY,202503,NULL,NULL,fastly,US,10030,NULL,lccrawresults,2025-03-17
MY,202503,NULL,NULL,fastly,US,38466,NULL,lccrawresults,2025-03-17
MY,202503,NULL,NULL,fastly,US,4788,NULL,lccrawresults,2025-03-17
MY,202503,NULL,NULL,fastly,US,4818,NULL,lccrawresults,2025-03-17
MY,202503,NULL,NULL,fastly,US,9534,NULL,lccrawresults,2025-03-17
MY,202503,NULL,NULL,microsoft,US,10030,NULL,lccrawresults,2025-03-17
MY,202503,NULL,NULL,microsoft,US,38466,NULL,lccrawresults,2025-03-17
MY,202503,NULL,NULL,microsoft,US,4788,NULL,lccrawresults,2025-03-17
MY,202503,NULL,NULL,microsoft,US,4818,NULL,lccrawresults,2025-03-17
MY,202503,NULL,NULL,microsoft,US,9534,NULL,lccrawresults,2025-03-17
MY,202504,NULL,NULL,akamai,US,10030,NULL,lccrawresults,2025-04-17
MY,202504,NULL,NULL,akamai,US,38466,NULL,lccrawresults,2025-04-17
MY,202504,NULL,NULL,akamai,US,4788,NULL,lccrawresults,2025-04-17
MY,202504,NULL,NULL,akamai,US,4818,NULL,lccrawresults,2025-04-17
MY,202504,NULL,NULL,akamai,US,9534,NULL,lccrawresults,2025-04-17
MY,202504,NULL,NULL,alibaba,China,10030,NULL,lccrawresults,2025-04-17
MY,202504,NULL,NULL,alibaba,China,38466,NULL,lccrawresults,2025-04-17
MY,202504,NULL,NULL,alibaba,China,4788,NULL,lccrawresults,2025-04-17
MY,202504,NULL,NULL,alibaba,China,4818,NULL,lccrawresults,2025-04-17
MY,202504,NULL,NULL,alibaba,China,9534,NULL,lccrawresults,2025-04-17
MY,202504,NULL,NULL,amazon,US,10030,NULL,lccrawresults,2025-04-17
MY,202504,NULL,NULL,amazon,US,38466,NULL,lccrawresults,2025-04-17
MY,202504,NULL,NULL,amazon,US,4788,NULL,lccrawresults,2025-04-17
MY,202504,NULL,NULL,amazon,US,4818,NULL,lccrawresults,2025-04-17
MY,202504,NULL,NULL,amazon,US,9534,NULL,lccrawresults,2025-04-17
MY,202504,NULL,NULL,cloudflare,US,10030,NULL,lccrawresults,2025-04-17
MY,202504,NULL,NULL,cloudflare,US,38466,NULL,lccrawresults,2025-04-17
MY,202504,NULL,NULL,cloudflare,US,4788,NULL,lccrawresults,2025-04-17
MY,202504,NULL,NULL,cloudflare,US,4818,NULL,lccrawresults,2025-04-17
MY,202504,NULL,NULL,cloudflare,US,9534,NULL,lccrawresults,2025-04-17
MY,202504,NULL,NULL,facebook,US,10030,NULL,lccrawresults,2025-04-17
MY,202504,NULL,NULL,facebook,US,4788,NULL,lccrawresults,2025-04-17
MY,202504,NULL,NULL,facebook,US,9534,NULL,lccrawresults,2025-04-17
MY,202504,NULL,NULL,fastly,US,10030,NULL,lccrawresults,2025-04-17
MY,202504,NULL,NULL,fastly,US,38466,NULL,lccrawresults,2025-04-17
MY,202504,NULL,NULL,fastly,US,4788,NULL,lccrawresults,2025-04-17
MY,202504,NULL,NULL,fastly,US,4818,NULL,lccrawresults,2025-04-17
MY,202504,NULL,NULL,fastly,US,9534,NULL,lccrawresults,2025-04-17
MY,202504,NULL,NULL,microsoft,US,10030,NULL,lccrawresults,2025-04-17
MY,202504,NULL,NULL,microsoft,US,38466,NULL,lccrawresults,2025-04-17
MY,202504,NULL,NULL,microsoft,US,4788,NULL,lccrawresults,2025-04-17
MY,202504,NULL,NULL,microsoft,US,4818,NULL,lccrawresults,2025-04-17
MY,202504,NULL,NULL,microsoft,US,9534,NULL,lccrawresults,2025-04-17
MY,202505,NULL,NULL,akamai,US,10030,NULL,lccrawresults,2025-05-17
MY,202505,NULL,NULL,akamai,US,38466,NULL,lccrawresults,2025-05-17
MY,202505,NULL,NULL,akamai,US,4788,NULL,lccrawresults,2025-05-17
MY,202505,NULL,NULL,akamai,US,4818,NULL,lccrawresults,2025-05-17
MY,202505,NULL,NULL,akamai,US,9534,NULL,lccrawresults,2025-05-17
MY,202505,NULL,NULL,alibaba,China,10030,NULL,lccrawresults,2025-05-17
MY,202505,NULL,NULL,alibaba,China,38466,NULL,lccrawresults,2025-05-17
MY,202505,NULL,NULL,alibaba,China,4788,NULL,lccrawresults,2025-05-17
MY,202505,NULL,NULL,alibaba,China,4818,NULL,lccrawresults,2025-05-17
MY,202505,NULL,NULL,alibaba,China,9534,NULL,lccrawresults,2025-05-17
MY,202505,NULL,NULL,amazon,US,10030,NULL,lccrawresults,2025-05-17
MY,202505,NULL,NULL,amazon,US,38466,NULL,lccrawresults,2025-05-17
MY,202505,NULL,NULL,amazon,US,4788,NULL,lccrawresults,2025-05-17
MY,202505,NULL,NULL,amazon,US,4818,NULL,lccrawresults,2025-05-17
MY,202505,NULL,NULL,amazon,US,9534,NULL,lccrawresults,2025-05-17
MY,202505,NULL,NULL,cdn77,UK,10030,NULL,lccrawresults,2025-05-17
MY,202505,NULL,NULL,cdn77,UK,38466,NULL,lccrawresults,2025-05-17
MY,202505,NULL,NULL,cdn77,UK,4788,NULL,lccrawresults,2025-05-17
MY,202505,NULL,NULL,cdn77,UK,4818,NULL,lccrawresults,2025-05-17
MY,202505,NULL,NULL,cdn77,UK,9534,NULL,lccrawresults,2025-05-17
MY,202505,NULL,NULL,cloudflare,US,10030,NULL,lccrawresults,2025-05-17
MY,202505,NULL,NULL,cloudflare,US,38466,NULL,lccrawresults,2025-05-17
MY,202505,NULL,NULL,cloudflare,US,4788,NULL,lccrawresults,2025-05-17
MY,202505,NULL,NULL,cloudflare,US,4818,NULL,lccrawresults,2025-05-17
MY,202505,NULL,NULL,cloudflare,US,9534,NULL,lccrawresults,2025-05-17
MY,202505,NULL,NULL,facebook,US,10030,NULL,lccrawresults,2025-05-17
MY,202505,NULL,NULL,facebook,US,38466,NULL,lccrawresults,2025-05-17
MY,202505,NULL,NULL,facebook,US,4788,NULL,lccrawresults,2025-05-17
MY,202505,NULL,NULL,facebook,US,4818,NULL,lccrawresults,2025-05-17
MY,202505,NULL,NULL,facebook,US,9534,NULL,lccrawresults,2025-05-17
MY,202505,NULL,NULL,fastly,US,10030,NULL,lccrawresults,2025-05-17
MY,202505,NULL,NULL,fastly,US,38466,NULL,lccrawresults,2025-05-17
MY,202505,NULL,NULL,fastly,US,4788,NULL,lccrawresults,2025-05-17
MY,202505,NULL,NULL,fastly,US,4818,NULL,lccrawresults,2025-05-17
MY,202505,NULL,NULL,fastly,US,9534,NULL,lccrawresults,2025-05-17
MY,202505,NULL,NULL,gcore,Luxembourg,10030,NULL,lccrawresults,2025-05-17
MY,202505,NULL,NULL,gcore,Luxembourg,38466,NULL,lccrawresults,2025-05-17
MY,202505,NULL,NULL,gcore,Luxembourg,4788,NULL,lccrawresults,2025-05-17
MY,202505,NULL,NULL,gcore,Luxembourg,4818,NULL,lccrawresults,2025-05-17
MY,202505,NULL,NULL,gcore,Luxembourg,9534,NULL,lccrawresults,2025-05-17
MY,202505,NULL,NULL,microsoft,US,10030,NULL,lccrawresults,2025-05-17
MY,202505,NULL,NULL,microsoft,US,38466,NULL,lccrawresults,2025-05-17
MY,202505,NULL,NULL,microsoft,US,4788,NULL,lccrawresults,2025-05-17
MY,202505,NULL,NULL,microsoft,US,4818,NULL,lccrawresults,2025-05-17
MY,202505,NULL,NULL,microsoft,US,9534,NULL,lccrawresults,2025-05-17
MY,202506,NULL,NULL,akamai,US,10030,NULL,lccrawresults,2025-06-17
MY,202506,NULL,NULL,akamai,US,38466,NULL,lccrawresults,2025-06-17
MY,202506,NULL,NULL,akamai,US,4788,NULL,lccrawresults,2025-06-17
MY,202506,NULL,NULL,akamai,US,4818,NULL,lccrawresults,2025-06-17
MY,202506,NULL,NULL,akamai,US,9534,NULL,lccrawresults,2025-06-17
MY,202506,NULL,NULL,alibaba,China,10030,NULL,lccrawresults,2025-06-17
MY,202506,NULL,NULL,alibaba,China,38466,NULL,lccrawresults,2025-06-17
MY,202506,NULL,NULL,alibaba,China,4788,NULL,lccrawresults,2025-06-17
MY,202506,NULL,NULL,alibaba,China,4818,NULL,lccrawresults,2025-06-17
MY,202506,NULL,NULL,alibaba,China,9534,NULL,lccrawresults,2025-06-17
MY,202506,NULL,NULL,amazon,US,10030,NULL,lccrawresults,2025-06-17
MY,202506,NULL,NULL,amazon,US,38466,NULL,lccrawresults,2025-06-17
MY,202506,NULL,NULL,amazon,US,4788,NULL,lccrawresults,2025-06-17
MY,202506,NULL,NULL,amazon,US,4818,NULL,lccrawresults,2025-06-17
MY,202506,NULL,NULL,amazon,US,9534,NULL,lccrawresults,2025-06-17
MY,202506,NULL,NULL,cloudflare,US,10030,NULL,lccrawresults,2025-06-17
MY,202506,NULL,NULL,cloudflare,US,38466,NULL,lccrawresults,2025-06-17
MY,202506,NULL,NULL,cloudflare,US,4788,NULL,lccrawresults,2025-06-17
MY,202506,NULL,NULL,cloudflare,US,4818,NULL,lccrawresults,2025-06-17
MY,202506,NULL,NULL,cloudflare,US,9534,NULL,lccrawresults,2025-06-17
MY,202506,NULL,NULL,facebook,US,10030,NULL,lccrawresults,2025-06-17
MY,202506,NULL,NULL,facebook,US,38466,NULL,lccrawresults,2025-06-17
MY,202506,NULL,NULL,facebook,US,4788,NULL,lccrawresults,2025-06-17
MY,202506,NULL,NULL,facebook,US,4818,NULL,lccrawresults,2025-06-17
MY,202506,NULL,NULL,facebook,US,9534,NULL,lccrawresults,2025-06-17
MY,202506,NULL,NULL,fastly,US,10030,NULL,lccrawresults,2025-06-17
MY,202506,NULL,NULL,fastly,US,38466,NULL,lccrawresults,2025-06-17
MY,202506,NULL,NULL,fastly,US,4788,NULL,lccrawresults,2025-06-17
MY,202506,NULL,NULL,fastly,US,4818,NULL,lccrawresults,2025-06-17
MY,202506,NULL,NULL,fastly,US,9534,NULL,lccrawresults,2025-06-17
MY,202506,NULL,NULL,gcore,Luxembourg,10030,NULL,lccrawresults,2025-06-17
MY,202506,NULL,NULL,gcore,Luxembourg,38466,NULL,lccrawresults,2025-06-17
MY,202506,NULL,NULL,gcore,Luxembourg,4788,NULL,lccrawresults,2025-06-17
MY,202506,NULL,NULL,gcore,Luxembourg,4818,NULL,lccrawresults,2025-06-17
MY,202506,NULL,NULL,gcore,Luxembourg,9534,NULL,lccrawresults,2025-06-17
MY,202506,NULL,NULL,microsoft,US,10030,NULL,lccrawresults,2025-06-17
MY,202506,NULL,NULL,microsoft,US,38466,NULL,lccrawresults,2025-06-17
MY,202506,NULL,NULL,microsoft,US,4788,NULL,lccrawresults,2025-06-17
MY,202506,NULL,NULL,microsoft,US,4818,NULL,lccrawresults,2025-06-17
MY,202506,NULL,NULL,microsoft,US,9534,NULL,lccrawresults,2025-06-17
MY,202507,NULL,NULL,akamai,US,10030,NULL,lccrawresults,2025-07-17
MY,202507,NULL,NULL,akamai,US,38466,NULL,lccrawresults,2025-07-17
MY,202507,NULL,NULL,akamai,US,4788,NULL,lccrawresults,2025-07-17
MY,202507,NULL,NULL,akamai,US,4818,NULL,lccrawresults,2025-07-17
MY,202507,NULL,NULL,akamai,US,9534,NULL,lccrawresults,2025-07-17
MY,202507,NULL,NULL,alibaba,China,10030,NULL,lccrawresults,2025-07-17
MY,202507,NULL,NULL,alibaba,China,38466,NULL,lccrawresults,2025-07-17
MY,202507,NULL,NULL,alibaba,China,4788,NULL,lccrawresults,2025-07-17
MY,202507,NULL,NULL,alibaba,China,4818,NULL,lccrawresults,2025-07-17
MY,202507,NULL,NULL,alibaba,China,9534,NULL,lccrawresults,2025-07-17
MY,202507,NULL,NULL,amazon,US,10030,NULL,lccrawresults,2025-07-17
MY,202507,NULL,NULL,amazon,US,38466,NULL,lccrawresults,2025-07-17
MY,202507,NULL,NULL,amazon,US,4788,NULL,lccrawresults,2025-07-17
MY,202507,NULL,NULL,amazon,US,4818,NULL,lccrawresults,2025-07-17
MY,202507,NULL,NULL,amazon,US,9534,NULL,lccrawresults,2025-07-17
MY,202507,NULL,NULL,cloudflare,US,10030,NULL,lccrawresults,2025-07-17
MY,202507,NULL,NULL,cloudflare,US,38466,NULL,lccrawresults,2025-07-17
MY,202507,NULL,NULL,cloudflare,US,4788,NULL,lccrawresults,2025-07-17
MY,202507,NULL,NULL,cloudflare,US,4818,NULL,lccrawresults,2025-07-17
MY,202507,NULL,NULL,cloudflare,US,9534,NULL,lccrawresults,2025-07-17
MY,202507,NULL,NULL,facebook,US,10030,NULL,lccrawresults,2025-07-17
MY,202507,NULL,NULL,facebook,US,38466,NULL,lccrawresults,2025-07-17
MY,202507,NULL,NULL,facebook,US,4788,NULL,lccrawresults,2025-07-17
MY,202507,NULL,NULL,facebook,US,4818,NULL,lccrawresults,2025-07-17
MY,202507,NULL,NULL,facebook,US,9534,NULL,lccrawresults,2025-07-17
MY,202507,NULL,NULL,fastly,US,10030,NULL,lccrawresults,2025-07-17
MY,202507,NULL,NULL,fastly,US,38466,NULL,lccrawresults,2025-07-17
MY,202507,NULL,NULL,fastly,US,4788,NULL,lccrawresults,2025-07-17
MY,202507,NULL,NULL,fastly,US,4818,NULL,lccrawresults,2025-07-17
MY,202507,NULL,NULL,fastly,US,9534,NULL,lccrawresults,2025-07-17
MY,202507,NULL,NULL,gcore,Luxembourg,10030,NULL,lccrawresults,2025-07-17
MY,202507,NULL,NULL,gcore,Luxembourg,38466,NULL,lccrawresults,2025-07-17
MY,202507,NULL,NULL,gcore,Luxembourg,4788,NULL,lccrawresults,2025-07-17
MY,202507,NULL,NULL,gcore,Luxembourg,4818,NULL,lccrawresults,2025-07-17
MY,202507,NULL,NULL,gcore,Luxembourg,9534,NULL,lccrawresults,2025-07-17
MY,202507,NULL,NULL,microsoft,US,10030,NULL,lccrawresults,2025-07-17
MY,202507,NULL,NULL,microsoft,US,38466,NULL,lccrawresults,2025-07-17
MY,202507,NULL,NULL,microsoft,US,4788,NULL,lccrawresults,2025-07-17
MY,202507,NULL,NULL,microsoft,US,4818,NULL,lccrawresults,2025-07-17
MY,202507,NULL,NULL,microsoft,US,9534,NULL,lccrawresults,2025-07-17
MY,202508,NULL,NULL,akamai,US,10030,NULL,lccrawresults,2025-08-17
MY,202508,NULL,NULL,akamai,US,38466,NULL,lccrawresults,2025-08-17
MY,202508,NULL,NULL,akamai,US,4788,NULL,lccrawresults,2025-08-17
MY,202508,NULL,NULL,akamai,US,4818,NULL,lccrawresults,2025-08-17
MY,202508,NULL,NULL,akamai,US,9534,NULL,lccrawresults,2025-08-17
MY,202508,NULL,NULL,akamai,US,9930,NULL,lccrawresults,2025-08-17
MY,202508,NULL,NULL,alibaba,China,10030,NULL,lccrawresults,2025-08-17
MY,202508,NULL,NULL,alibaba,China,38466,NULL,lccrawresults,2025-08-17
MY,202508,NULL,NULL,alibaba,China,4788,NULL,lccrawresults,2025-08-17
MY,202508,NULL,NULL,alibaba,China,4818,NULL,lccrawresults,2025-08-17
MY,202508,NULL,NULL,alibaba,China,9534,NULL,lccrawresults,2025-08-17
MY,202508,NULL,NULL,alibaba,China,9930,NULL,lccrawresults,2025-08-17
MY,202508,NULL,NULL,amazon,US,10030,NULL,lccrawresults,2025-08-17
MY,202508,NULL,NULL,amazon,US,38466,NULL,lccrawresults,2025-08-17
MY,202508,NULL,NULL,amazon,US,4788,NULL,lccrawresults,2025-08-17
MY,202508,NULL,NULL,amazon,US,4818,NULL,lccrawresults,2025-08-17
MY,202508,NULL,NULL,amazon,US,9534,NULL,lccrawresults,2025-08-17
MY,202508,NULL,NULL,amazon,US,9930,NULL,lccrawresults,2025-08-17
MY,202508,NULL,NULL,cdn77,UK,10030,NULL,lccrawresults,2025-08-17
MY,202508,NULL,NULL,cdn77,UK,38466,NULL,lccrawresults,2025-08-17
MY,202508,NULL,NULL,cdn77,UK,4788,NULL,lccrawresults,2025-08-17
MY,202508,NULL,NULL,cdn77,UK,4818,NULL,lccrawresults,2025-08-17
MY,202508,NULL,NULL,cdn77,UK,9534,NULL,lccrawresults,2025-08-17
MY,202508,NULL,NULL,cdn77,UK,9930,NULL,lccrawresults,2025-08-17
MY,202508,NULL,NULL,cloudflare,US,10030,NULL,lccrawresults,2025-08-17
MY,202508,NULL,NULL,cloudflare,US,38466,NULL,lccrawresults,2025-08-17
MY,202508,NULL,NULL,cloudflare,US,4788,NULL,lccrawresults,2025-08-17
MY,202508,NULL,NULL,cloudflare,US,4818,NULL,lccrawresults,2025-08-17
MY,202508,NULL,NULL,cloudflare,US,9534,NULL,lccrawresults,2025-08-17
MY,202508,NULL,NULL,cloudflare,US,9930,NULL,lccrawresults,2025-08-17
MY,202508,NULL,NULL,facebook,US,10030,NULL,lccrawresults,2025-08-17
MY,202508,NULL,NULL,facebook,US,38466,NULL,lccrawresults,2025-08-17
MY,202508,NULL,NULL,facebook,US,4788,NULL,lccrawresults,2025-08-17
MY,202508,NULL,NULL,facebook,US,4818,NULL,lccrawresults,2025-08-17
MY,202508,NULL,NULL,facebook,US,9534,NULL,lccrawresults,2025-08-17
MY,202508,NULL,NULL,facebook,US,9930,NULL,lccrawresults,2025-08-17
MY,202508,NULL,NULL,fastly,US,10030,NULL,lccrawresults,2025-08-17
MY,202508,NULL,NULL,fastly,US,38466,NULL,lccrawresults,2025-08-17
MY,202508,NULL,NULL,fastly,US,4788,NULL,lccrawresults,2025-08-17
MY,202508,NULL,NULL,fastly,US,4818,NULL,lccrawresults,2025-08-17
MY,202508,NULL,NULL,fastly,US,9534,NULL,lccrawresults,2025-08-17
MY,202508,NULL,NULL,fastly,US,9930,NULL,lccrawresults,2025-08-17
MY,202508,NULL,NULL,gcore,Luxembourg,10030,NULL,lccrawresults,2025-08-17
MY,202508,NULL,NULL,gcore,Luxembourg,38466,NULL,lccrawresults,2025-08-17
MY,202508,NULL,NULL,gcore,Luxembourg,4788,NULL,lccrawresults,2025-08-17
MY,202508,NULL,NULL,gcore,Luxembourg,4818,NULL,lccrawresults,2025-08-17
MY,202508,NULL,NULL,gcore,Luxembourg,9534,NULL,lccrawresults,2025-08-17
MY,202508,NULL,NULL,gcore,Luxembourg,9930,NULL,lccrawresults,2025-08-17
MY,202508,NULL,NULL,microsoft,US,10030,NULL,lccrawresults,2025-08-17
MY,202508,NULL,NULL,microsoft,US,38466,NULL,lccrawresults,2025-08-17
MY,202508,NULL,NULL,microsoft,US,4788,NULL,lccrawresults,2025-08-17
MY,202508,NULL,NULL,microsoft,US,4818,NULL,lccrawresults,2025-08-17
MY,202508,NULL,NULL,microsoft,US,9534,NULL,lccrawresults,2025-08-17
MY,202508,NULL,NULL,microsoft,US,9930,NULL,lccrawresults,2025-08-17
MY,202509,NULL,NULL,akamai,US,10030,NULL,lccrawresults,2025-09-17
MY,202509,NULL,NULL,akamai,US,38466,NULL,lccrawresults,2025-09-17
MY,202509,NULL,NULL,akamai,US,4788,NULL,lccrawresults,2025-09-17
MY,202509,NULL,NULL,akamai,US,4818,NULL,lccrawresults,2025-09-17
MY,202509,NULL,NULL,akamai,US,9534,NULL,lccrawresults,2025-09-17
MY,202509,NULL,NULL,alibaba,China,10030,NULL,lccrawresults,2025-09-17
MY,202509,NULL,NULL,alibaba,China,38466,NULL,lccrawresults,2025-09-17
MY,202509,NULL,NULL,alibaba,China,4788,NULL,lccrawresults,2025-09-17
MY,202509,NULL,NULL,alibaba,China,4818,NULL,lccrawresults,2025-09-17
MY,202509,NULL,NULL,alibaba,China,9534,NULL,lccrawresults,2025-09-17
MY,202509,NULL,NULL,amazon,US,10030,NULL,lccrawresults,2025-09-17
MY,202509,NULL,NULL,amazon,US,38466,NULL,lccrawresults,2025-09-17
MY,202509,NULL,NULL,amazon,US,4788,NULL,lccrawresults,2025-09-17
MY,202509,NULL,NULL,amazon,US,4818,NULL,lccrawresults,2025-09-17
MY,202509,NULL,NULL,amazon,US,9534,NULL,lccrawresults,2025-09-17
MY,202509,NULL,NULL,cdn77,UK,10030,NULL,lccrawresults,2025-09-17
MY,202509,NULL,NULL,cdn77,UK,38466,NULL,lccrawresults,2025-09-17
MY,202509,NULL,NULL,cdn77,UK,4788,NULL,lccrawresults,2025-09-17
MY,202509,NULL,NULL,cdn77,UK,4818,NULL,lccrawresults,2025-09-17
MY,202509,NULL,NULL,cdn77,UK,9534,NULL,lccrawresults,2025-09-17
MY,202509,NULL,NULL,cloudflare,US,10030,NULL,lccrawresults,2025-09-17
MY,202509,NULL,NULL,cloudflare,US,38466,NULL,lccrawresults,2025-09-17
MY,202509,NULL,NULL,cloudflare,US,4788,NULL,lccrawresults,2025-09-17
MY,202509,NULL,NULL,cloudflare,US,4818,NULL,lccrawresults,2025-09-17
MY,202509,NULL,NULL,cloudflare,US,9534,NULL,lccrawresults,2025-09-17
MY,202509,NULL,NULL,facebook,US,10030,NULL,lccrawresults,2025-09-17
MY,202509,NULL,NULL,facebook,US,38466,NULL,lccrawresults,2025-09-17
MY,202509,NULL,NULL,facebook,US,4788,NULL,lccrawresults,2025-09-17
MY,202509,NULL,NULL,facebook,US,4818,NULL,lccrawresults,2025-09-17
MY,202509,NULL,NULL,facebook,US,9534,NULL,lccrawresults,2025-09-17
MY,202509,NULL,NULL,fastly,US,10030,NULL,lccrawresults,2025-09-17
MY,202509,NULL,NULL,fastly,US,38466,NULL,lccrawresults,2025-09-17
MY,202509,NULL,NULL,fastly,US,4788,NULL,lccrawresults,2025-09-17
MY,202509,NULL,NULL,fastly,US,4818,NULL,lccrawresults,2025-09-17
MY,202509,NULL,NULL,fastly,US,9534,NULL,lccrawresults,2025-09-17
MY,202509,NULL,NULL,gcore,Luxembourg,10030,NULL,lccrawresults,2025-09-17
MY,202509,NULL,NULL,gcore,Luxembourg,38466,NULL,lccrawresults,2025-09-17
MY,202509,NULL,NULL,gcore,Luxembourg,4788,NULL,lccrawresults,2025-09-17
MY,202509,NULL,NULL,gcore,Luxembourg,4818,NULL,lccrawresults,2025-09-17
MY,202509,NULL,NULL,gcore,Luxembourg,9534,NULL,lccrawresults,2025-09-17
MY,202509,NULL,NULL,microsoft,US,10030,NULL,lccrawresults,2025-09-17
MY,202509,NULL,NULL,microsoft,US,38466,NULL,lccrawresults,2025-09-17
MY,202509,NULL,NULL,microsoft,US,4788,NULL,lccrawresults,2025-09-17
MY,202509,NULL,NULL,microsoft,US,4818,NULL,lccrawresults,2025-09-17
MY,202509,NULL,NULL,microsoft,US,9534,NULL,lccrawresults,2025-09-17
MY,202510,NULL,NULL,akamai,US,10030,NULL,lccrawresults,2025-10-17
MY,202510,NULL,NULL,akamai,US,38466,NULL,lccrawresults,2025-10-17
MY,202510,NULL,NULL,akamai,US,4788,NULL,lccrawresults,2025-10-17
MY,202510,NULL,NULL,akamai,US,4818,NULL,lccrawresults,2025-10-17
MY,202510,NULL,NULL,akamai,US,9534,NULL,lccrawresults,2025-10-17
MY,202510,NULL,NULL,alibaba,China,10030,NULL,lccrawresults,2025-10-17
MY,202510,NULL,NULL,alibaba,China,38466,NULL,lccrawresults,2025-10-17
MY,202510,NULL,NULL,alibaba,China,4788,NULL,lccrawresults,2025-10-17
MY,202510,NULL,NULL,alibaba,China,4818,NULL,lccrawresults,2025-10-17
MY,202510,NULL,NULL,alibaba,China,9534,NULL,lccrawresults,2025-10-17
MY,202510,NULL,NULL,amazon,US,10030,NULL,lccrawresults,2025-10-17
MY,202510,NULL,NULL,amazon,US,38466,NULL,lccrawresults,2025-10-17
MY,202510,NULL,NULL,amazon,US,4788,NULL,lccrawresults,2025-10-17
MY,202510,NULL,NULL,amazon,US,4818,NULL,lccrawresults,2025-10-17
MY,202510,NULL,NULL,amazon,US,9534,NULL,lccrawresults,2025-10-17
MY,202510,NULL,NULL,cdn77,UK,10030,NULL,lccrawresults,2025-10-17
MY,202510,NULL,NULL,cdn77,UK,38466,NULL,lccrawresults,2025-10-17
MY,202510,NULL,NULL,cdn77,UK,4788,NULL,lccrawresults,2025-10-17
MY,202510,NULL,NULL,cdn77,UK,4818,NULL,lccrawresults,2025-10-17
MY,202510,NULL,NULL,cdn77,UK,9534,NULL,lccrawresults,2025-10-17
MY,202510,NULL,NULL,cloudflare,US,10030,NULL,lccrawresults,2025-10-17
MY,202510,NULL,NULL,cloudflare,US,38466,NULL,lccrawresults,2025-10-17
MY,202510,NULL,NULL,cloudflare,US,4788,NULL,lccrawresults,2025-10-17
MY,202510,NULL,NULL,cloudflare,US,4818,NULL,lccrawresults,2025-10-17
MY,202510,NULL,NULL,cloudflare,US,9534,NULL,lccrawresults,2025-10-17
MY,202510,NULL,NULL,facebook,US,10030,NULL,lccrawresults,2025-10-17
MY,202510,NULL,NULL,facebook,US,38466,NULL,lccrawresults,2025-10-17
MY,202510,NULL,NULL,facebook,US,4788,NULL,lccrawresults,2025-10-17
MY,202510,NULL,NULL,facebook,US,4818,NULL,lccrawresults,2025-10-17
MY,202510,NULL,NULL,facebook,US,9534,NULL,lccrawresults,2025-10-17
MY,202510,NULL,NULL,fastly,US,10030,NULL,lccrawresults,2025-10-17
MY,202510,NULL,NULL,fastly,US,38466,NULL,lccrawresults,2025-10-17
MY,202510,NULL,NULL,fastly,US,4788,NULL,lccrawresults,2025-10-17
MY,202510,NULL,NULL,fastly,US,4818,NULL,lccrawresults,2025-10-17
MY,202510,NULL,NULL,fastly,US,9534,NULL,lccrawresults,2025-10-17
MY,202510,NULL,NULL,gcore,Luxembourg,10030,NULL,lccrawresults,2025-10-17
MY,202510,NULL,NULL,gcore,Luxembourg,38466,NULL,lccrawresults,2025-10-17
MY,202510,NULL,NULL,gcore,Luxembourg,4788,NULL,lccrawresults,2025-10-17
MY,202510,NULL,NULL,gcore,Luxembourg,4818,NULL,lccrawresults,2025-10-17
MY,202510,NULL,NULL,gcore,Luxembourg,9534,NULL,lccrawresults,2025-10-17
MY,202510,NULL,NULL,microsoft,US,10030,NULL,lccrawresults,2025-10-17
MY,202510,NULL,NULL,microsoft,US,38466,NULL,lccrawresults,2025-10-17
MY,202510,NULL,NULL,microsoft,US,4788,NULL,lccrawresults,2025-10-17
MY,202510,NULL,NULL,microsoft,US,4818,NULL,lccrawresults,2025-10-17
MY,202510,NULL,NULL,microsoft,US,9534,NULL,lccrawresults,2025-10-17
MY,202510,NULL,NULL,netflix,US,10030,NULL,lccrawresults,2025-10-17
MY,202510,NULL,NULL,netflix,US,38466,NULL,lccrawresults,2025-10-17
MY,202510,NULL,NULL,netflix,US,4788,NULL,lccrawresults,2025-10-17
MY,202510,NULL,NULL,netflix,US,4818,NULL,lccrawresults,2025-10-17
MY,202510,NULL,NULL,netflix,US,9534,NULL,lccrawresults,2025-10-17
MY,202511,NULL,NULL,akamai,US,38466,NULL,lccrawresults,2025-11-17
MY,202511,NULL,NULL,akamai,US,4788,NULL,lccrawresults,2025-11-17
MY,202511,NULL,NULL,akamai,US,4818,NULL,lccrawresults,2025-11-17
MY,202511,NULL,NULL,akamai,US,9534,NULL,lccrawresults,2025-11-17
MY,202511,NULL,NULL,alibaba,China,38466,NULL,lccrawresults,2025-11-17
MY,202511,NULL,NULL,alibaba,China,4788,NULL,lccrawresults,2025-11-17
MY,202511,NULL,NULL,alibaba,China,4818,NULL,lccrawresults,2025-11-17
MY,202511,NULL,NULL,alibaba,China,9534,NULL,lccrawresults,2025-11-17
MY,202511,NULL,NULL,amazon,US,38466,NULL,lccrawresults,2025-11-17
MY,202511,NULL,NULL,amazon,US,4788,NULL,lccrawresults,2025-11-17
MY,202511,NULL,NULL,amazon,US,4818,NULL,lccrawresults,2025-11-17
MY,202511,NULL,NULL,amazon,US,9534,NULL,lccrawresults,2025-11-17
MY,202511,NULL,NULL,cdn77,UK,38466,NULL,lccrawresults,2025-11-17
MY,202511,NULL,NULL,cdn77,UK,4788,NULL,lccrawresults,2025-11-17
MY,202511,NULL,NULL,cdn77,UK,4818,NULL,lccrawresults,2025-11-17
MY,202511,NULL,NULL,cdn77,UK,9534,NULL,lccrawresults,2025-11-17
MY,202511,NULL,NULL,cloudflare,US,38466,NULL,lccrawresults,2025-11-17
MY,202511,NULL,NULL,cloudflare,US,4788,NULL,lccrawresults,2025-11-17
MY,202511,NULL,NULL,cloudflare,US,4818,NULL,lccrawresults,2025-11-17
MY,202511,NULL,NULL,cloudflare,US,9534,NULL,lccrawresults,2025-11-17
MY,202511,NULL,NULL,facebook,US,38466,NULL,lccrawresults,2025-11-17
MY,202511,NULL,NULL,facebook,US,4788,NULL,lccrawresults,2025-11-17
MY,202511,NULL,NULL,facebook,US,4818,NULL,lccrawresults,2025-11-17
MY,202511,NULL,NULL,facebook,US,9534,NULL,lccrawresults,2025-11-17
MY,202511,NULL,NULL,fastly,US,38466,NULL,lccrawresults,2025-11-17
MY,202511,NULL,NULL,fastly,US,4788,NULL,lccrawresults,2025-11-17
MY,202511,NULL,NULL,fastly,US,4818,NULL,lccrawresults,2025-11-17
MY,202511,NULL,NULL,fastly,US,9534,NULL,lccrawresults,2025-11-17
MY,202511,NULL,NULL,gcore,Luxembourg,38466,NULL,lccrawresults,2025-11-17
MY,202511,NULL,NULL,gcore,Luxembourg,4788,NULL,lccrawresults,2025-11-17
MY,202511,NULL,NULL,gcore,Luxembourg,4818,NULL,lccrawresults,2025-11-17
MY,202511,NULL,NULL,gcore,Luxembourg,9534,NULL,lccrawresults,2025-11-17
MY,202511,NULL,NULL,microsoft,US,38466,NULL,lccrawresults,2025-11-17
MY,202511,NULL,NULL,microsoft,US,4788,NULL,lccrawresults,2025-11-17
MY,202511,NULL,NULL,microsoft,US,4818,NULL,lccrawresults,2025-11-17
MY,202511,NULL,NULL,microsoft,US,9534,NULL,lccrawresults,2025-11-17
MY,202511,NULL,NULL,netflix,US,38466,NULL,lccrawresults,2025-11-17
MY,202511,NULL,NULL,netflix,US,4788,NULL,lccrawresults,2025-11-17
MY,202511,NULL,NULL,netflix,US,4818,NULL,lccrawresults,2025-11-17
MY,202511,NULL,NULL,netflix,US,9534,NULL,lccrawresults,2025-11-17
MY,202512,NULL,NULL,akamai,US,38466,NULL,lccrawresults,2025-12-17
MY,202512,NULL,NULL,akamai,US,4788,NULL,lccrawresults,2025-12-17
MY,202512,NULL,NULL,akamai,US,4818,NULL,lccrawresults,2025-12-17
MY,202512,NULL,NULL,akamai,US,9534,NULL,lccrawresults,2025-12-17
MY,202512,NULL,NULL,alibaba,China,38466,NULL,lccrawresults,2025-12-17
MY,202512,NULL,NULL,alibaba,China,4788,NULL,lccrawresults,2025-12-17
MY,202512,NULL,NULL,alibaba,China,4818,NULL,lccrawresults,2025-12-17
MY,202512,NULL,NULL,alibaba,China,9534,NULL,lccrawresults,2025-12-17
MY,202512,NULL,NULL,amazon,US,38466,NULL,lccrawresults,2025-12-17
MY,202512,NULL,NULL,amazon,US,4788,NULL,lccrawresults,2025-12-17
MY,202512,NULL,NULL,amazon,US,4818,NULL,lccrawresults,2025-12-17
MY,202512,NULL,NULL,amazon,US,9534,NULL,lccrawresults,2025-12-17
MY,202512,NULL,NULL,cdn77,UK,38466,NULL,lccrawresults,2025-12-17
MY,202512,NULL,NULL,cdn77,UK,4788,NULL,lccrawresults,2025-12-17
MY,202512,NULL,NULL,cdn77,UK,4818,NULL,lccrawresults,2025-12-17
MY,202512,NULL,NULL,cdn77,UK,9534,NULL,lccrawresults,2025-12-17
MY,202512,NULL,NULL,cloudflare,US,38466,NULL,lccrawresults,2025-12-17
MY,202512,NULL,NULL,cloudflare,US,4788,NULL,lccrawresults,2025-12-17
MY,202512,NULL,NULL,cloudflare,US,4818,NULL,lccrawresults,2025-12-17
MY,202512,NULL,NULL,cloudflare,US,9534,NULL,lccrawresults,2025-12-17
MY,202512,NULL,NULL,facebook,US,38466,NULL,lccrawresults,2025-12-17
MY,202512,NULL,NULL,facebook,US,4788,NULL,lccrawresults,2025-12-17
MY,202512,NULL,NULL,facebook,US,4818,NULL,lccrawresults,2025-12-17
MY,202512,NULL,NULL,facebook,US,9534,NULL,lccrawresults,2025-12-17
MY,202512,NULL,NULL,fastly,US,38466,NULL,lccrawresults,2025-12-17
MY,202512,NULL,NULL,fastly,US,4788,NULL,lccrawresults,2025-12-17
MY,202512,NULL,NULL,fastly,US,4818,NULL,lccrawresults,2025-12-17
MY,202512,NULL,NULL,fastly,US,9534,NULL,lccrawresults,2025-12-17
MY,202512,NULL,NULL,microsoft,US,38466,NULL,lccrawresults,2025-12-17
MY,202512,NULL,NULL,microsoft,US,4788,NULL,lccrawresults,2025-12-17
MY,202512,NULL,NULL,microsoft,US,4818,NULL,lccrawresults,2025-12-17
MY,202512,NULL,NULL,microsoft,US,9534,NULL,lccrawresults,2025-12-17
MY,202601,NULL,NULL,akamai,US,38466,NULL,lccrawresults,2026-01-17
MY,202601,NULL,NULL,akamai,US,4788,NULL,lccrawresults,2026-01-17
MY,202601,NULL,NULL,akamai,US,4818,NULL,lccrawresults,2026-01-17
MY,202601,NULL,NULL,akamai,US,9534,NULL,lccrawresults,2026-01-17
MY,202601,NULL,NULL,alibaba,China,38466,NULL,lccrawresults,2026-01-17
MY,202601,NULL,NULL,alibaba,China,4788,NULL,lccrawresults,2026-01-17
MY,202601,NULL,NULL,alibaba,China,4818,NULL,lccrawresults,2026-01-17
MY,202601,NULL,NULL,alibaba,China,9534,NULL,lccrawresults,2026-01-17
MY,202601,NULL,NULL,amazon,US,38466,NULL,lccrawresults,2026-01-17
MY,202601,NULL,NULL,amazon,US,4788,NULL,lccrawresults,2026-01-17
MY,202601,NULL,NULL,amazon,US,4818,NULL,lccrawresults,2026-01-17
MY,202601,NULL,NULL,amazon,US,9534,NULL,lccrawresults,2026-01-17
MY,202601,NULL,NULL,cdn77,UK,38466,NULL,lccrawresults,2026-01-17
MY,202601,NULL,NULL,cdn77,UK,4788,NULL,lccrawresults,2026-01-17
MY,202601,NULL,NULL,cdn77,UK,4818,NULL,lccrawresults,2026-01-17
MY,202601,NULL,NULL,cdn77,UK,9534,NULL,lccrawresults,2026-01-17
MY,202601,NULL,NULL,cloudflare,US,38466,NULL,lccrawresults,2026-01-17
MY,202601,NULL,NULL,cloudflare,US,4788,NULL,lccrawresults,2026-01-17
MY,202601,NULL,NULL,cloudflare,US,4818,NULL,lccrawresults,2026-01-17
MY,202601,NULL,NULL,cloudflare,US,9534,NULL,lccrawresults,2026-01-17
MY,202601,NULL,NULL,facebook,US,38466,NULL,lccrawresults,2026-01-17
MY,202601,NULL,NULL,facebook,US,4788,NULL,lccrawresults,2026-01-17
MY,202601,NULL,NULL,facebook,US,4818,NULL,lccrawresults,2026-01-17
MY,202601,NULL,NULL,facebook,US,9534,NULL,lccrawresults,2026-01-17
MY,202601,NULL,NULL,fastly,US,38466,NULL,lccrawresults,2026-01-17
MY,202601,NULL,NULL,fastly,US,4788,NULL,lccrawresults,2026-01-17
MY,202601,NULL,NULL,fastly,US,4818,NULL,lccrawresults,2026-01-17
MY,202601,NULL,NULL,fastly,US,9534,NULL,lccrawresults,2026-01-17
MY,202601,NULL,NULL,microsoft,US,38466,NULL,lccrawresults,2026-01-17
MY,202601,NULL,NULL,microsoft,US,4788,NULL,lccrawresults,2026-01-17
MY,202601,NULL,NULL,microsoft,US,4818,NULL,lccrawresults,2026-01-17
MY,202601,NULL,NULL,microsoft,US,9534,NULL,lccrawresults,2026-01-17
MY,202601,NULL,NULL,netflix,US,38466,NULL,lccrawresults,2026-01-17
MY,202601,NULL,NULL,netflix,US,4788,NULL,lccrawresults,2026-01-17
MY,202601,NULL,NULL,netflix,US,4818,NULL,lccrawresults,2026-01-17
MY,202601,NULL,NULL,netflix,US,9534,NULL,lccrawresults,2026-01-17
PH,202406,NULL,NULL,akamai,US,10139,NULL,lccrawresults,2024-06-01
PH,202406,NULL,NULL,akamai,US,10139,NULL,lccrawresults,2024-06-24
PH,202406,NULL,NULL,akamai,US,132199,NULL,lccrawresults,2024-06-01
PH,202406,NULL,NULL,akamai,US,132199,NULL,lccrawresults,2024-06-24
PH,202406,NULL,NULL,akamai,US,139831,NULL,lccrawresults,2024-06-01
PH,202406,NULL,NULL,akamai,US,139831,NULL,lccrawresults,2024-06-24
PH,202406,NULL,NULL,akamai,US,17639,NULL,lccrawresults,2024-06-01
PH,202406,NULL,NULL,akamai,US,17639,NULL,lccrawresults,2024-06-24
PH,202406,NULL,NULL,akamai,US,23944,NULL,lccrawresults,2024-06-01
PH,202406,NULL,NULL,akamai,US,23944,NULL,lccrawresults,2024-06-24
PH,202406,NULL,NULL,akamai,US,4775,NULL,lccrawresults,2024-06-01
PH,202406,NULL,NULL,akamai,US,4775,NULL,lccrawresults,2024-06-24
PH,202406,NULL,NULL,akamai,US,9299,NULL,lccrawresults,2024-06-01
PH,202406,NULL,NULL,akamai,US,9299,NULL,lccrawresults,2024-06-24
PH,202406,NULL,NULL,alibaba,China,10139,NULL,lccrawresults,2024-06-24
PH,202406,NULL,NULL,alibaba,China,132199,NULL,lccrawresults,2024-06-24
PH,202406,NULL,NULL,alibaba,China,139831,NULL,lccrawresults,2024-06-24
PH,202406,NULL,NULL,alibaba,China,17639,NULL,lccrawresults,2024-06-24
PH,202406,NULL,NULL,alibaba,China,23944,NULL,lccrawresults,2024-06-24
PH,202406,NULL,NULL,alibaba,China,4775,NULL,lccrawresults,2024-06-24
PH,202406,NULL,NULL,alibaba,China,9299,NULL,lccrawresults,2024-06-24
PH,202406,NULL,NULL,amazon,US,10139,NULL,lccrawresults,2024-06-24
PH,202406,NULL,NULL,amazon,US,132199,NULL,lccrawresults,2024-06-24
PH,202406,NULL,NULL,amazon,US,139831,NULL,lccrawresults,2024-06-24
PH,202406,NULL,NULL,amazon,US,23944,NULL,lccrawresults,2024-06-24
PH,202406,NULL,NULL,amazon,US,4775,NULL,lccrawresults,2024-06-24
PH,202406,NULL,NULL,amazon,US,9299,NULL,lccrawresults,2024-06-24
PH,202406,NULL,NULL,cdn77,UK,132199,NULL,lccrawresults,2024-06-24
PH,202406,NULL,NULL,cdn77,UK,139831,NULL,lccrawresults,2024-06-24
PH,202406,NULL,NULL,cdn77,UK,17639,NULL,lccrawresults,2024-06-24
PH,202406,NULL,NULL,cdn77,UK,23944,NULL,lccrawresults,2024-06-24
PH,202406,NULL,NULL,cdn77,UK,9299,NULL,lccrawresults,2024-06-24
PH,202406,NULL,NULL,cloudflare,US,10139,NULL,lccrawresults,2024-06-01
PH,202406,NULL,NULL,cloudflare,US,10139,NULL,lccrawresults,2024-06-24
PH,202406,NULL,NULL,cloudflare,US,132199,NULL,lccrawresults,2024-06-01
PH,202406,NULL,NULL,cloudflare,US,132199,NULL,lccrawresults,2024-06-24
PH,202406,NULL,NULL,cloudflare,US,139831,NULL,lccrawresults,2024-06-01
PH,202406,NULL,NULL,cloudflare,US,139831,NULL,lccrawresults,2024-06-24
PH,202406,NULL,NULL,cloudflare,US,17639,NULL,lccrawresults,2024-06-01
PH,202406,NULL,NULL,cloudflare,US,17639,NULL,lccrawresults,2024-06-24
PH,202406,NULL,NULL,cloudflare,US,23944,NULL,lccrawresults,2024-06-01
PH,202406,NULL,NULL,cloudflare,US,23944,NULL,lccrawresults,2024-06-24
PH,202406,NULL,NULL,cloudflare,US,4775,NULL,lccrawresults,2024-06-01
PH,202406,NULL,NULL,cloudflare,US,4775,NULL,lccrawresults,2024-06-24
PH,202406,NULL,NULL,cloudflare,US,9299,NULL,lccrawresults,2024-06-01
PH,202406,NULL,NULL,cloudflare,US,9299,NULL,lccrawresults,2024-06-24
PH,202406,NULL,NULL,cloudfront,US,10139,NULL,lccrawresults,2024-06-01
PH,202406,NULL,NULL,cloudfront,US,132199,NULL,lccrawresults,2024-06-01
PH,202406,NULL,NULL,cloudfront,US,139831,NULL,lccrawresults,2024-06-01
PH,202406,NULL,NULL,cloudfront,US,17639,NULL,lccrawresults,2024-06-01
PH,202406,NULL,NULL,cloudfront,US,23944,NULL,lccrawresults,2024-06-01
PH,202406,NULL,NULL,cloudfront,US,4775,NULL,lccrawresults,2024-06-01
PH,202406,NULL,NULL,cloudfront,US,9299,NULL,lccrawresults,2024-06-01
PH,202406,NULL,NULL,facebook,US,10139,NULL,lccrawresults,2024-06-01
PH,202406,NULL,NULL,facebook,US,10139,NULL,lccrawresults,2024-06-24
PH,202406,NULL,NULL,facebook,US,132199,NULL,lccrawresults,2024-06-01
PH,202406,NULL,NULL,facebook,US,132199,NULL,lccrawresults,2024-06-24
PH,202406,NULL,NULL,facebook,US,139831,NULL,lccrawresults,2024-06-01
PH,202406,NULL,NULL,facebook,US,139831,NULL,lccrawresults,2024-06-24
PH,202406,NULL,NULL,facebook,US,17639,NULL,lccrawresults,2024-06-01
PH,202406,NULL,NULL,facebook,US,17639,NULL,lccrawresults,2024-06-24
PH,202406,NULL,NULL,facebook,US,23944,NULL,lccrawresults,2024-06-01
PH,202406,NULL,NULL,facebook,US,23944,NULL,lccrawresults,2024-06-24
PH,202406,NULL,NULL,facebook,US,4775,NULL,lccrawresults,2024-06-01
PH,202406,NULL,NULL,facebook,US,4775,NULL,lccrawresults,2024-06-24
PH,202406,NULL,NULL,facebook,US,9299,NULL,lccrawresults,2024-06-01
PH,202406,NULL,NULL,facebook,US,9299,NULL,lccrawresults,2024-06-24
PH,202406,NULL,NULL,fastly,US,10139,NULL,lccrawresults,2024-06-01
PH,202406,NULL,NULL,fastly,US,10139,NULL,lccrawresults,2024-06-24
PH,202406,NULL,NULL,fastly,US,132199,NULL,lccrawresults,2024-06-01
PH,202406,NULL,NULL,fastly,US,132199,NULL,lccrawresults,2024-06-24
PH,202406,NULL,NULL,fastly,US,139831,NULL,lccrawresults,2024-06-01
PH,202406,NULL,NULL,fastly,US,17639,NULL,lccrawresults,2024-06-01
PH,202406,NULL,NULL,fastly,US,17639,NULL,lccrawresults,2024-06-24
PH,202406,NULL,NULL,fastly,US,23944,NULL,lccrawresults,2024-06-01
PH,202406,NULL,NULL,fastly,US,23944,NULL,lccrawresults,2024-06-24
PH,202406,NULL,NULL,fastly,US,4775,NULL,lccrawresults,2024-06-01
PH,202406,NULL,NULL,fastly,US,4775,NULL,lccrawresults,2024-06-24
PH,202406,NULL,NULL,fastly,US,9299,NULL,lccrawresults,2024-06-01
PH,202406,NULL,NULL,fastly,US,9299,NULL,lccrawresults,2024-06-24
PH,202406,NULL,NULL,microsoft,US,10139,NULL,lccrawresults,2024-06-24
PH,202406,NULL,NULL,microsoft,US,132199,NULL,lccrawresults,2024-06-24
PH,202406,NULL,NULL,microsoft,US,139831,NULL,lccrawresults,2024-06-24
PH,202406,NULL,NULL,microsoft,US,17639,NULL,lccrawresults,2024-06-24
PH,202406,NULL,NULL,microsoft,US,23944,NULL,lccrawresults,2024-06-24
PH,202406,NULL,NULL,microsoft,US,4775,NULL,lccrawresults,2024-06-24
PH,202406,NULL,NULL,microsoft,US,9299,NULL,lccrawresults,2024-06-24
PH,202408,NULL,NULL,akamai,US,23944,NULL,lccrawresults,2024-08-10
PH,202408,NULL,NULL,akamai,US,23944,NULL,lccrawresults,2024-08-19
PH,202408,NULL,NULL,alibaba,China,23944,NULL,lccrawresults,2024-08-10
PH,202408,NULL,NULL,alibaba,China,23944,NULL,lccrawresults,2024-08-19
PH,202408,NULL,NULL,amazon,US,23944,NULL,lccrawresults,2024-08-10
PH,202408,NULL,NULL,amazon,US,23944,NULL,lccrawresults,2024-08-19
PH,202408,NULL,NULL,cloudflare,US,23944,NULL,lccrawresults,2024-08-10
PH,202408,NULL,NULL,cloudflare,US,23944,NULL,lccrawresults,2024-08-19
PH,202408,NULL,NULL,facebook,US,23944,NULL,lccrawresults,2024-08-10
PH,202408,NULL,NULL,facebook,US,23944,NULL,lccrawresults,2024-08-19
PH,202408,NULL,NULL,fastly,US,23944,NULL,lccrawresults,2024-08-10
PH,202408,NULL,NULL,fastly,US,23944,NULL,lccrawresults,2024-08-19
PH,202408,NULL,NULL,microsoft,US,23944,NULL,lccrawresults,2024-08-10
PH,202408,NULL,NULL,microsoft,US,23944,NULL,lccrawresults,2024-08-19
PH,202409,NULL,NULL,akamai,US,23944,NULL,lccrawresults,2024-09-18
PH,202409,NULL,NULL,akamai,US,23944,NULL,lccrawresults,2024-09-16
PH,202409,NULL,NULL,alibaba,China,23944,NULL,lccrawresults,2024-09-18
PH,202409,NULL,NULL,alibaba,China,23944,NULL,lccrawresults,2024-09-16
PH,202409,NULL,NULL,amazon,US,23944,NULL,lccrawresults,2024-09-18
PH,202409,NULL,NULL,amazon,US,23944,NULL,lccrawresults,2024-09-16
PH,202409,NULL,NULL,cloudflare,US,23944,NULL,lccrawresults,2024-09-18
PH,202409,NULL,NULL,cloudflare,US,23944,NULL,lccrawresults,2024-09-16
PH,202409,NULL,NULL,facebook,US,23944,NULL,lccrawresults,2024-09-18
PH,202409,NULL,NULL,facebook,US,23944,NULL,lccrawresults,2024-09-16
PH,202409,NULL,NULL,fastly,US,23944,NULL,lccrawresults,2024-09-18
PH,202409,NULL,NULL,fastly,US,23944,NULL,lccrawresults,2024-09-16
PH,202409,NULL,NULL,microsoft,US,23944,NULL,lccrawresults,2024-09-18
PH,202409,NULL,NULL,microsoft,US,23944,NULL,lccrawresults,2024-09-16
PH,202410,NULL,NULL,akamai,US,23944,NULL,lccrawresults,2024-10-17
PH,202410,NULL,NULL,alibaba,China,23944,NULL,lccrawresults,2024-10-17
PH,202410,NULL,NULL,amazon,US,23944,NULL,lccrawresults,2024-10-17
PH,202410,NULL,NULL,cloudflare,US,23944,NULL,lccrawresults,2024-10-17
PH,202410,NULL,NULL,facebook,US,23944,NULL,lccrawresults,2024-10-17
PH,202410,NULL,NULL,fastly,US,23944,NULL,lccrawresults,2024-10-17
PH,202410,NULL,NULL,microsoft,US,23944,NULL,lccrawresults,2024-10-17
PH,202411,NULL,NULL,akamai,US,23944,NULL,lccrawresults,2024-11-17
PH,202411,NULL,NULL,alibaba,China,23944,NULL,lccrawresults,2024-11-17
PH,202411,NULL,NULL,amazon,US,23944,NULL,lccrawresults,2024-11-17
PH,202411,NULL,NULL,cloudflare,US,23944,NULL,lccrawresults,2024-11-17
PH,202411,NULL,NULL,facebook,US,23944,NULL,lccrawresults,2024-11-17
PH,202411,NULL,NULL,fastly,US,23944,NULL,lccrawresults,2024-11-17
PH,202411,NULL,NULL,microsoft,US,23944,NULL,lccrawresults,2024-11-17
PH,202412,NULL,NULL,akamai,US,23944,NULL,lccrawresults,2024-12-18
PH,202412,NULL,NULL,alibaba,China,23944,NULL,lccrawresults,2024-12-18
PH,202412,NULL,NULL,amazon,US,23944,NULL,lccrawresults,2024-12-18
PH,202412,NULL,NULL,cloudflare,US,23944,NULL,lccrawresults,2024-12-18
PH,202412,NULL,NULL,facebook,US,23944,NULL,lccrawresults,2024-12-18
PH,202412,NULL,NULL,fastly,US,23944,NULL,lccrawresults,2024-12-18
PH,202412,NULL,NULL,microsoft,US,23944,NULL,lccrawresults,2024-12-18
PH,202501,NULL,NULL,akamai,US,23944,NULL,lccrawresults,2025-01-17
PH,202501,NULL,NULL,alibaba,China,23944,NULL,lccrawresults,2025-01-17
PH,202501,NULL,NULL,amazon,US,23944,NULL,lccrawresults,2025-01-17
PH,202501,NULL,NULL,cdn77,UK,23944,NULL,lccrawresults,2025-01-17
PH,202501,NULL,NULL,cloudflare,US,23944,NULL,lccrawresults,2025-01-17
PH,202501,NULL,NULL,facebook,US,23944,NULL,lccrawresults,2025-01-17
PH,202501,NULL,NULL,fastly,US,23944,NULL,lccrawresults,2025-01-17
PH,202501,NULL,NULL,microsoft,US,23944,NULL,lccrawresults,2025-01-17
PH,202502,NULL,NULL,akamai,US,10139,NULL,lccrawresults,2025-02-17
PH,202502,NULL,NULL,akamai,US,132199,NULL,lccrawresults,2025-02-17
PH,202502,NULL,NULL,akamai,US,17639,NULL,lccrawresults,2025-02-17
PH,202502,NULL,NULL,akamai,US,23944,NULL,lccrawresults,2025-02-17
PH,202502,NULL,NULL,akamai,US,4775,NULL,lccrawresults,2025-02-17
PH,202502,NULL,NULL,akamai,US,56207,NULL,lccrawresults,2025-02-17
PH,202502,NULL,NULL,akamai,US,9299,NULL,lccrawresults,2025-02-17
PH,202502,NULL,NULL,alibaba,China,10139,NULL,lccrawresults,2025-02-17
PH,202502,NULL,NULL,alibaba,China,132199,NULL,lccrawresults,2025-02-17
PH,202502,NULL,NULL,alibaba,China,17639,NULL,lccrawresults,2025-02-17
PH,202502,NULL,NULL,alibaba,China,23944,NULL,lccrawresults,2025-02-17
PH,202502,NULL,NULL,alibaba,China,4775,NULL,lccrawresults,2025-02-17
PH,202502,NULL,NULL,alibaba,China,56207,NULL,lccrawresults,2025-02-17
PH,202502,NULL,NULL,alibaba,China,9299,NULL,lccrawresults,2025-02-17
PH,202502,NULL,NULL,amazon,US,10139,NULL,lccrawresults,2025-02-17
PH,202502,NULL,NULL,amazon,US,132199,NULL,lccrawresults,2025-02-17
PH,202502,NULL,NULL,amazon,US,17639,NULL,lccrawresults,2025-02-17
PH,202502,NULL,NULL,amazon,US,23944,NULL,lccrawresults,2025-02-17
PH,202502,NULL,NULL,amazon,US,4775,NULL,lccrawresults,2025-02-17
PH,202502,NULL,NULL,amazon,US,56207,NULL,lccrawresults,2025-02-17
PH,202502,NULL,NULL,amazon,US,9299,NULL,lccrawresults,2025-02-17
PH,202502,NULL,NULL,cloudflare,US,10139,NULL,lccrawresults,2025-02-17
PH,202502,NULL,NULL,cloudflare,US,132199,NULL,lccrawresults,2025-02-17
PH,202502,NULL,NULL,cloudflare,US,17639,NULL,lccrawresults,2025-02-17
PH,202502,NULL,NULL,cloudflare,US,23944,NULL,lccrawresults,2025-02-17
PH,202502,NULL,NULL,cloudflare,US,4775,NULL,lccrawresults,2025-02-17
PH,202502,NULL,NULL,cloudflare,US,56207,NULL,lccrawresults,2025-02-17
PH,202502,NULL,NULL,cloudflare,US,9299,NULL,lccrawresults,2025-02-17
PH,202502,NULL,NULL,facebook,US,10139,NULL,lccrawresults,2025-02-17
PH,202502,NULL,NULL,facebook,US,132199,NULL,lccrawresults,2025-02-17
PH,202502,NULL,NULL,facebook,US,17639,NULL,lccrawresults,2025-02-17
PH,202502,NULL,NULL,facebook,US,23944,NULL,lccrawresults,2025-02-17
PH,202502,NULL,NULL,facebook,US,4775,NULL,lccrawresults,2025-02-17
PH,202502,NULL,NULL,facebook,US,56207,NULL,lccrawresults,2025-02-17
PH,202502,NULL,NULL,facebook,US,9299,NULL,lccrawresults,2025-02-17
PH,202502,NULL,NULL,fastly,US,10139,NULL,lccrawresults,2025-02-17
PH,202502,NULL,NULL,fastly,US,132199,NULL,lccrawresults,2025-02-17
PH,202502,NULL,NULL,fastly,US,17639,NULL,lccrawresults,2025-02-17
PH,202502,NULL,NULL,fastly,US,23944,NULL,lccrawresults,2025-02-17
PH,202502,NULL,NULL,fastly,US,4775,NULL,lccrawresults,2025-02-17
PH,202502,NULL,NULL,fastly,US,56207,NULL,lccrawresults,2025-02-17
PH,202502,NULL,NULL,fastly,US,9299,NULL,lccrawresults,2025-02-17
PH,202502,NULL,NULL,microsoft,US,10139,NULL,lccrawresults,2025-02-17
PH,202502,NULL,NULL,microsoft,US,132199,NULL,lccrawresults,2025-02-17
PH,202502,NULL,NULL,microsoft,US,17639,NULL,lccrawresults,2025-02-17
PH,202502,NULL,NULL,microsoft,US,23944,NULL,lccrawresults,2025-02-17
PH,202502,NULL,NULL,microsoft,US,4775,NULL,lccrawresults,2025-02-17
PH,202502,NULL,NULL,microsoft,US,56207,NULL,lccrawresults,2025-02-17
PH,202502,NULL,NULL,microsoft,US,9299,NULL,lccrawresults,2025-02-17
PH,202503,NULL,NULL,akamai,US,10139,NULL,lccrawresults,2025-03-17
PH,202503,NULL,NULL,akamai,US,132199,NULL,lccrawresults,2025-03-17
PH,202503,NULL,NULL,akamai,US,139831,NULL,lccrawresults,2025-03-17
PH,202503,NULL,NULL,akamai,US,14593,NULL,lccrawresults,2025-03-17
PH,202503,NULL,NULL,akamai,US,17639,NULL,lccrawresults,2025-03-17
PH,202503,NULL,NULL,akamai,US,4775,NULL,lccrawresults,2025-03-17
PH,202503,NULL,NULL,akamai,US,56207,NULL,lccrawresults,2025-03-17
PH,202503,NULL,NULL,akamai,US,9299,NULL,lccrawresults,2025-03-17
PH,202503,NULL,NULL,alibaba,China,10139,NULL,lccrawresults,2025-03-17
PH,202503,NULL,NULL,alibaba,China,132199,NULL,lccrawresults,2025-03-17
PH,202503,NULL,NULL,alibaba,China,139831,NULL,lccrawresults,2025-03-17
PH,202503,NULL,NULL,alibaba,China,14593,NULL,lccrawresults,2025-03-17
PH,202503,NULL,NULL,alibaba,China,17639,NULL,lccrawresults,2025-03-17
PH,202503,NULL,NULL,alibaba,China,4775,NULL,lccrawresults,2025-03-17
PH,202503,NULL,NULL,alibaba,China,56207,NULL,lccrawresults,2025-03-17
PH,202503,NULL,NULL,alibaba,China,9299,NULL,lccrawresults,2025-03-17
PH,202503,NULL,NULL,amazon,US,10139,NULL,lccrawresults,2025-03-17
PH,202503,NULL,NULL,amazon,US,132199,NULL,lccrawresults,2025-03-17
PH,202503,NULL,NULL,amazon,US,139831,NULL,lccrawresults,2025-03-17
PH,202503,NULL,NULL,amazon,US,14593,NULL,lccrawresults,2025-03-17
PH,202503,NULL,NULL,amazon,US,17639,NULL,lccrawresults,2025-03-17
PH,202503,NULL,NULL,amazon,US,4775,NULL,lccrawresults,2025-03-17
PH,202503,NULL,NULL,amazon,US,56207,NULL,lccrawresults,2025-03-17
PH,202503,NULL,NULL,amazon,US,9299,NULL,lccrawresults,2025-03-17
PH,202503,NULL,NULL,cloudflare,US,10139,NULL,lccrawresults,2025-03-17
PH,202503,NULL,NULL,cloudflare,US,132199,NULL,lccrawresults,2025-03-17
PH,202503,NULL,NULL,cloudflare,US,139831,NULL,lccrawresults,2025-03-17
PH,202503,NULL,NULL,cloudflare,US,14593,NULL,lccrawresults,2025-03-17
PH,202503,NULL,NULL,cloudflare,US,17639,NULL,lccrawresults,2025-03-17
PH,202503,NULL,NULL,cloudflare,US,4775,NULL,lccrawresults,2025-03-17
PH,202503,NULL,NULL,cloudflare,US,56207,NULL,lccrawresults,2025-03-17
PH,202503,NULL,NULL,cloudflare,US,9299,NULL,lccrawresults,2025-03-17
PH,202503,NULL,NULL,facebook,US,10139,NULL,lccrawresults,2025-03-17
PH,202503,NULL,NULL,facebook,US,132199,NULL,lccrawresults,2025-03-17
PH,202503,NULL,NULL,facebook,US,139831,NULL,lccrawresults,2025-03-17
PH,202503,NULL,NULL,facebook,US,14593,NULL,lccrawresults,2025-03-17
PH,202503,NULL,NULL,facebook,US,17639,NULL,lccrawresults,2025-03-17
PH,202503,NULL,NULL,facebook,US,4775,NULL,lccrawresults,2025-03-17
PH,202503,NULL,NULL,facebook,US,56207,NULL,lccrawresults,2025-03-17
PH,202503,NULL,NULL,facebook,US,9299,NULL,lccrawresults,2025-03-17
PH,202503,NULL,NULL,fastly,US,10139,NULL,lccrawresults,2025-03-17
PH,202503,NULL,NULL,fastly,US,132199,NULL,lccrawresults,2025-03-17
PH,202503,NULL,NULL,fastly,US,139831,NULL,lccrawresults,2025-03-17
PH,202503,NULL,NULL,fastly,US,14593,NULL,lccrawresults,2025-03-17
PH,202503,NULL,NULL,fastly,US,17639,NULL,lccrawresults,2025-03-17
PH,202503,NULL,NULL,fastly,US,4775,NULL,lccrawresults,2025-03-17
PH,202503,NULL,NULL,fastly,US,56207,NULL,lccrawresults,2025-03-17
PH,202503,NULL,NULL,fastly,US,9299,NULL,lccrawresults,2025-03-17
PH,202503,NULL,NULL,microsoft,US,10139,NULL,lccrawresults,2025-03-17
PH,202503,NULL,NULL,microsoft,US,132199,NULL,lccrawresults,2025-03-17
PH,202503,NULL,NULL,microsoft,US,139831,NULL,lccrawresults,2025-03-17
PH,202503,NULL,NULL,microsoft,US,14593,NULL,lccrawresults,2025-03-17
PH,202503,NULL,NULL,microsoft,US,17639,NULL,lccrawresults,2025-03-17
PH,202503,NULL,NULL,microsoft,US,4775,NULL,lccrawresults,2025-03-17
PH,202503,NULL,NULL,microsoft,US,56207,NULL,lccrawresults,2025-03-17
PH,202503,NULL,NULL,microsoft,US,9299,NULL,lccrawresults,2025-03-17
PH,202503,NULL,NULL,netflix,US,10139,NULL,lccrawresults,2025-03-17
PH,202503,NULL,NULL,netflix,US,132199,NULL,lccrawresults,2025-03-17
PH,202503,NULL,NULL,netflix,US,139831,NULL,lccrawresults,2025-03-17
PH,202503,NULL,NULL,netflix,US,14593,NULL,lccrawresults,2025-03-17
PH,202503,NULL,NULL,netflix,US,17639,NULL,lccrawresults,2025-03-17
PH,202503,NULL,NULL,netflix,US,4775,NULL,lccrawresults,2025-03-17
PH,202503,NULL,NULL,netflix,US,56207,NULL,lccrawresults,2025-03-17
PH,202503,NULL,NULL,netflix,US,9299,NULL,lccrawresults,2025-03-17
PH,202504,NULL,NULL,akamai,US,10139,NULL,lccrawresults,2025-04-17
PH,202504,NULL,NULL,akamai,US,132199,NULL,lccrawresults,2025-04-17
PH,202504,NULL,NULL,akamai,US,139831,NULL,lccrawresults,2025-04-17
PH,202504,NULL,NULL,akamai,US,14593,NULL,lccrawresults,2025-04-17
PH,202504,NULL,NULL,akamai,US,17639,NULL,lccrawresults,2025-04-17
PH,202504,NULL,NULL,akamai,US,4775,NULL,lccrawresults,2025-04-17
PH,202504,NULL,NULL,akamai,US,9299,NULL,lccrawresults,2025-04-17
PH,202504,NULL,NULL,alibaba,China,10139,NULL,lccrawresults,2025-04-17
PH,202504,NULL,NULL,alibaba,China,132199,NULL,lccrawresults,2025-04-17
PH,202504,NULL,NULL,alibaba,China,139831,NULL,lccrawresults,2025-04-17
PH,202504,NULL,NULL,alibaba,China,14593,NULL,lccrawresults,2025-04-17
PH,202504,NULL,NULL,alibaba,China,17639,NULL,lccrawresults,2025-04-17
PH,202504,NULL,NULL,alibaba,China,4775,NULL,lccrawresults,2025-04-17
PH,202504,NULL,NULL,alibaba,China,9299,NULL,lccrawresults,2025-04-17
PH,202504,NULL,NULL,amazon,US,10139,NULL,lccrawresults,2025-04-17
PH,202504,NULL,NULL,amazon,US,132199,NULL,lccrawresults,2025-04-17
PH,202504,NULL,NULL,amazon,US,139831,NULL,lccrawresults,2025-04-17
PH,202504,NULL,NULL,amazon,US,14593,NULL,lccrawresults,2025-04-17
PH,202504,NULL,NULL,amazon,US,17639,NULL,lccrawresults,2025-04-17
PH,202504,NULL,NULL,amazon,US,4775,NULL,lccrawresults,2025-04-17
PH,202504,NULL,NULL,amazon,US,9299,NULL,lccrawresults,2025-04-17
PH,202504,NULL,NULL,cloudflare,US,10139,NULL,lccrawresults,2025-04-17
PH,202504,NULL,NULL,cloudflare,US,132199,NULL,lccrawresults,2025-04-17
PH,202504,NULL,NULL,cloudflare,US,139831,NULL,lccrawresults,2025-04-17
PH,202504,NULL,NULL,cloudflare,US,14593,NULL,lccrawresults,2025-04-17
PH,202504,NULL,NULL,cloudflare,US,17639,NULL,lccrawresults,2025-04-17
PH,202504,NULL,NULL,cloudflare,US,4775,NULL,lccrawresults,2025-04-17
PH,202504,NULL,NULL,cloudflare,US,9299,NULL,lccrawresults,2025-04-17
PH,202504,NULL,NULL,facebook,US,9299,NULL,lccrawresults,2025-04-17
PH,202504,NULL,NULL,fastly,US,10139,NULL,lccrawresults,2025-04-17
PH,202504,NULL,NULL,fastly,US,132199,NULL,lccrawresults,2025-04-17
PH,202504,NULL,NULL,fastly,US,139831,NULL,lccrawresults,2025-04-17
PH,202504,NULL,NULL,fastly,US,14593,NULL,lccrawresults,2025-04-17
PH,202504,NULL,NULL,fastly,US,17639,NULL,lccrawresults,2025-04-17
PH,202504,NULL,NULL,fastly,US,4775,NULL,lccrawresults,2025-04-17
PH,202504,NULL,NULL,fastly,US,9299,NULL,lccrawresults,2025-04-17
PH,202504,NULL,NULL,microsoft,US,10139,NULL,lccrawresults,2025-04-17
PH,202504,NULL,NULL,microsoft,US,132199,NULL,lccrawresults,2025-04-17
PH,202504,NULL,NULL,microsoft,US,139831,NULL,lccrawresults,2025-04-17
PH,202504,NULL,NULL,microsoft,US,14593,NULL,lccrawresults,2025-04-17
PH,202504,NULL,NULL,microsoft,US,17639,NULL,lccrawresults,2025-04-17
PH,202504,NULL,NULL,microsoft,US,4775,NULL,lccrawresults,2025-04-17
PH,202504,NULL,NULL,microsoft,US,9299,NULL,lccrawresults,2025-04-17
PH,202505,NULL,NULL,akamai,US,10139,NULL,lccrawresults,2025-05-17
PH,202505,NULL,NULL,akamai,US,132199,NULL,lccrawresults,2025-05-17
PH,202505,NULL,NULL,akamai,US,139831,NULL,lccrawresults,2025-05-17
PH,202505,NULL,NULL,akamai,US,14593,NULL,lccrawresults,2025-05-17
PH,202505,NULL,NULL,akamai,US,17639,NULL,lccrawresults,2025-05-17
PH,202505,NULL,NULL,akamai,US,4775,NULL,lccrawresults,2025-05-17
PH,202505,NULL,NULL,akamai,US,56207,NULL,lccrawresults,2025-05-17
PH,202505,NULL,NULL,akamai,US,9299,NULL,lccrawresults,2025-05-17
PH,202505,NULL,NULL,alibaba,China,10139,NULL,lccrawresults,2025-05-17
PH,202505,NULL,NULL,alibaba,China,132199,NULL,lccrawresults,2025-05-17
PH,202505,NULL,NULL,alibaba,China,139831,NULL,lccrawresults,2025-05-17
PH,202505,NULL,NULL,alibaba,China,14593,NULL,lccrawresults,2025-05-17
PH,202505,NULL,NULL,alibaba,China,17639,NULL,lccrawresults,2025-05-17
PH,202505,NULL,NULL,alibaba,China,4775,NULL,lccrawresults,2025-05-17
PH,202505,NULL,NULL,alibaba,China,56207,NULL,lccrawresults,2025-05-17
PH,202505,NULL,NULL,alibaba,China,9299,NULL,lccrawresults,2025-05-17
PH,202505,NULL,NULL,amazon,US,10139,NULL,lccrawresults,2025-05-17
PH,202505,NULL,NULL,amazon,US,132199,NULL,lccrawresults,2025-05-17
PH,202505,NULL,NULL,amazon,US,139831,NULL,lccrawresults,2025-05-17
PH,202505,NULL,NULL,amazon,US,14593,NULL,lccrawresults,2025-05-17
PH,202505,NULL,NULL,amazon,US,17639,NULL,lccrawresults,2025-05-17
PH,202505,NULL,NULL,amazon,US,4775,NULL,lccrawresults,2025-05-17
PH,202505,NULL,NULL,amazon,US,56207,NULL,lccrawresults,2025-05-17
PH,202505,NULL,NULL,amazon,US,9299,NULL,lccrawresults,2025-05-17
PH,202505,NULL,NULL,cloudflare,US,10139,NULL,lccrawresults,2025-05-17
PH,202505,NULL,NULL,cloudflare,US,132199,NULL,lccrawresults,2025-05-17
PH,202505,NULL,NULL,cloudflare,US,139831,NULL,lccrawresults,2025-05-17
PH,202505,NULL,NULL,cloudflare,US,14593,NULL,lccrawresults,2025-05-17
PH,202505,NULL,NULL,cloudflare,US,17639,NULL,lccrawresults,2025-05-17
PH,202505,NULL,NULL,cloudflare,US,4775,NULL,lccrawresults,2025-05-17
PH,202505,NULL,NULL,cloudflare,US,56207,NULL,lccrawresults,2025-05-17
PH,202505,NULL,NULL,cloudflare,US,9299,NULL,lccrawresults,2025-05-17
PH,202505,NULL,NULL,facebook,US,10139,NULL,lccrawresults,2025-05-17
PH,202505,NULL,NULL,facebook,US,132199,NULL,lccrawresults,2025-05-17
PH,202505,NULL,NULL,facebook,US,139831,NULL,lccrawresults,2025-05-17
PH,202505,NULL,NULL,facebook,US,14593,NULL,lccrawresults,2025-05-17
PH,202505,NULL,NULL,facebook,US,17639,NULL,lccrawresults,2025-05-17
PH,202505,NULL,NULL,facebook,US,4775,NULL,lccrawresults,2025-05-17
PH,202505,NULL,NULL,facebook,US,56207,NULL,lccrawresults,2025-05-17
PH,202505,NULL,NULL,facebook,US,9299,NULL,lccrawresults,2025-05-17
PH,202505,NULL,NULL,fastly,US,10139,NULL,lccrawresults,2025-05-17
PH,202505,NULL,NULL,fastly,US,132199,NULL,lccrawresults,2025-05-17
PH,202505,NULL,NULL,fastly,US,139831,NULL,lccrawresults,2025-05-17
PH,202505,NULL,NULL,fastly,US,14593,NULL,lccrawresults,2025-05-17
PH,202505,NULL,NULL,fastly,US,17639,NULL,lccrawresults,2025-05-17
PH,202505,NULL,NULL,fastly,US,4775,NULL,lccrawresults,2025-05-17
PH,202505,NULL,NULL,fastly,US,56207,NULL,lccrawresults,2025-05-17
PH,202505,NULL,NULL,fastly,US,9299,NULL,lccrawresults,2025-05-17
PH,202505,NULL,NULL,microsoft,US,10139,NULL,lccrawresults,2025-05-17
PH,202505,NULL,NULL,microsoft,US,132199,NULL,lccrawresults,2025-05-17
PH,202505,NULL,NULL,microsoft,US,139831,NULL,lccrawresults,2025-05-17
PH,202505,NULL,NULL,microsoft,US,14593,NULL,lccrawresults,2025-05-17
PH,202505,NULL,NULL,microsoft,US,17639,NULL,lccrawresults,2025-05-17
PH,202505,NULL,NULL,microsoft,US,4775,NULL,lccrawresults,2025-05-17
PH,202505,NULL,NULL,microsoft,US,56207,NULL,lccrawresults,2025-05-17
PH,202505,NULL,NULL,microsoft,US,9299,NULL,lccrawresults,2025-05-17
PH,202506,NULL,NULL,akamai,US,132199,NULL,lccrawresults,2025-06-17
PH,202506,NULL,NULL,akamai,US,139831,NULL,lccrawresults,2025-06-17
PH,202506,NULL,NULL,akamai,US,14593,NULL,lccrawresults,2025-06-17
PH,202506,NULL,NULL,akamai,US,17639,NULL,lccrawresults,2025-06-17
PH,202506,NULL,NULL,akamai,US,4775,NULL,lccrawresults,2025-06-17
PH,202506,NULL,NULL,akamai,US,56207,NULL,lccrawresults,2025-06-17
PH,202506,NULL,NULL,akamai,US,9299,NULL,lccrawresults,2025-06-17
PH,202506,NULL,NULL,alibaba,China,132199,NULL,lccrawresults,2025-06-17
PH,202506,NULL,NULL,alibaba,China,139831,NULL,lccrawresults,2025-06-17
PH,202506,NULL,NULL,alibaba,China,14593,NULL,lccrawresults,2025-06-17
PH,202506,NULL,NULL,alibaba,China,17639,NULL,lccrawresults,2025-06-17
PH,202506,NULL,NULL,alibaba,China,4775,NULL,lccrawresults,2025-06-17
PH,202506,NULL,NULL,alibaba,China,56207,NULL,lccrawresults,2025-06-17
PH,202506,NULL,NULL,alibaba,China,9299,NULL,lccrawresults,2025-06-17
PH,202506,NULL,NULL,amazon,US,132199,NULL,lccrawresults,2025-06-17
PH,202506,NULL,NULL,amazon,US,139831,NULL,lccrawresults,2025-06-17
PH,202506,NULL,NULL,amazon,US,14593,NULL,lccrawresults,2025-06-17
PH,202506,NULL,NULL,amazon,US,17639,NULL,lccrawresults,2025-06-17
PH,202506,NULL,NULL,amazon,US,4775,NULL,lccrawresults,2025-06-17
PH,202506,NULL,NULL,amazon,US,56207,NULL,lccrawresults,2025-06-17
PH,202506,NULL,NULL,amazon,US,9299,NULL,lccrawresults,2025-06-17
PH,202506,NULL,NULL,cloudflare,US,132199,NULL,lccrawresults,2025-06-17
PH,202506,NULL,NULL,cloudflare,US,139831,NULL,lccrawresults,2025-06-17
PH,202506,NULL,NULL,cloudflare,US,14593,NULL,lccrawresults,2025-06-17
PH,202506,NULL,NULL,cloudflare,US,17639,NULL,lccrawresults,2025-06-17
PH,202506,NULL,NULL,cloudflare,US,4775,NULL,lccrawresults,2025-06-17
PH,202506,NULL,NULL,cloudflare,US,56207,NULL,lccrawresults,2025-06-17
PH,202506,NULL,NULL,cloudflare,US,9299,NULL,lccrawresults,2025-06-17
PH,202506,NULL,NULL,facebook,US,132199,NULL,lccrawresults,2025-06-17
PH,202506,NULL,NULL,facebook,US,139831,NULL,lccrawresults,2025-06-17
PH,202506,NULL,NULL,facebook,US,14593,NULL,lccrawresults,2025-06-17
PH,202506,NULL,NULL,facebook,US,17639,NULL,lccrawresults,2025-06-17
PH,202506,NULL,NULL,facebook,US,4775,NULL,lccrawresults,2025-06-17
PH,202506,NULL,NULL,facebook,US,56207,NULL,lccrawresults,2025-06-17
PH,202506,NULL,NULL,facebook,US,9299,NULL,lccrawresults,2025-06-17
PH,202506,NULL,NULL,fastly,US,132199,NULL,lccrawresults,2025-06-17
PH,202506,NULL,NULL,fastly,US,139831,NULL,lccrawresults,2025-06-17
PH,202506,NULL,NULL,fastly,US,14593,NULL,lccrawresults,2025-06-17
PH,202506,NULL,NULL,fastly,US,17639,NULL,lccrawresults,2025-06-17
PH,202506,NULL,NULL,fastly,US,4775,NULL,lccrawresults,2025-06-17
PH,202506,NULL,NULL,fastly,US,56207,NULL,lccrawresults,2025-06-17
PH,202506,NULL,NULL,fastly,US,9299,NULL,lccrawresults,2025-06-17
PH,202506,NULL,NULL,microsoft,US,132199,NULL,lccrawresults,2025-06-17
PH,202506,NULL,NULL,microsoft,US,139831,NULL,lccrawresults,2025-06-17
PH,202506,NULL,NULL,microsoft,US,14593,NULL,lccrawresults,2025-06-17
PH,202506,NULL,NULL,microsoft,US,17639,NULL,lccrawresults,2025-06-17
PH,202506,NULL,NULL,microsoft,US,4775,NULL,lccrawresults,2025-06-17
PH,202506,NULL,NULL,microsoft,US,56207,NULL,lccrawresults,2025-06-17
PH,202506,NULL,NULL,microsoft,US,9299,NULL,lccrawresults,2025-06-17
PH,202507,NULL,NULL,akamai,US,10139,NULL,lccrawresults,2025-07-17
PH,202507,NULL,NULL,akamai,US,132199,NULL,lccrawresults,2025-07-17
PH,202507,NULL,NULL,akamai,US,139831,NULL,lccrawresults,2025-07-17
PH,202507,NULL,NULL,akamai,US,14593,NULL,lccrawresults,2025-07-17
PH,202507,NULL,NULL,akamai,US,17639,NULL,lccrawresults,2025-07-17
PH,202507,NULL,NULL,akamai,US,4775,NULL,lccrawresults,2025-07-17
PH,202507,NULL,NULL,akamai,US,56207,NULL,lccrawresults,2025-07-17
PH,202507,NULL,NULL,akamai,US,9299,NULL,lccrawresults,2025-07-17
PH,202507,NULL,NULL,alibaba,China,10139,NULL,lccrawresults,2025-07-17
PH,202507,NULL,NULL,alibaba,China,132199,NULL,lccrawresults,2025-07-17
PH,202507,NULL,NULL,alibaba,China,139831,NULL,lccrawresults,2025-07-17
PH,202507,NULL,NULL,alibaba,China,14593,NULL,lccrawresults,2025-07-17
PH,202507,NULL,NULL,alibaba,China,17639,NULL,lccrawresults,2025-07-17
PH,202507,NULL,NULL,alibaba,China,4775,NULL,lccrawresults,2025-07-17
PH,202507,NULL,NULL,alibaba,China,56207,NULL,lccrawresults,2025-07-17
PH,202507,NULL,NULL,alibaba,China,9299,NULL,lccrawresults,2025-07-17
PH,202507,NULL,NULL,amazon,US,10139,NULL,lccrawresults,2025-07-17
PH,202507,NULL,NULL,amazon,US,132199,NULL,lccrawresults,2025-07-17
PH,202507,NULL,NULL,amazon,US,139831,NULL,lccrawresults,2025-07-17
PH,202507,NULL,NULL,amazon,US,14593,NULL,lccrawresults,2025-07-17
PH,202507,NULL,NULL,amazon,US,17639,NULL,lccrawresults,2025-07-17
PH,202507,NULL,NULL,amazon,US,4775,NULL,lccrawresults,2025-07-17
PH,202507,NULL,NULL,amazon,US,56207,NULL,lccrawresults,2025-07-17
PH,202507,NULL,NULL,amazon,US,9299,NULL,lccrawresults,2025-07-17
PH,202507,NULL,NULL,cloudflare,US,10139,NULL,lccrawresults,2025-07-17
PH,202507,NULL,NULL,cloudflare,US,132199,NULL,lccrawresults,2025-07-17
PH,202507,NULL,NULL,cloudflare,US,139831,NULL,lccrawresults,2025-07-17
PH,202507,NULL,NULL,cloudflare,US,14593,NULL,lccrawresults,2025-07-17
PH,202507,NULL,NULL,cloudflare,US,17639,NULL,lccrawresults,2025-07-17
PH,202507,NULL,NULL,cloudflare,US,4775,NULL,lccrawresults,2025-07-17
PH,202507,NULL,NULL,cloudflare,US,56207,NULL,lccrawresults,2025-07-17
PH,202507,NULL,NULL,cloudflare,US,9299,NULL,lccrawresults,2025-07-17
PH,202507,NULL,NULL,facebook,US,10139,NULL,lccrawresults,2025-07-17
PH,202507,NULL,NULL,facebook,US,132199,NULL,lccrawresults,2025-07-17
PH,202507,NULL,NULL,facebook,US,139831,NULL,lccrawresults,2025-07-17
PH,202507,NULL,NULL,facebook,US,14593,NULL,lccrawresults,2025-07-17
PH,202507,NULL,NULL,facebook,US,17639,NULL,lccrawresults,2025-07-17
PH,202507,NULL,NULL,facebook,US,4775,NULL,lccrawresults,2025-07-17
PH,202507,NULL,NULL,facebook,US,56207,NULL,lccrawresults,2025-07-17
PH,202507,NULL,NULL,facebook,US,9299,NULL,lccrawresults,2025-07-17
PH,202507,NULL,NULL,fastly,US,10139,NULL,lccrawresults,2025-07-17
PH,202507,NULL,NULL,fastly,US,132199,NULL,lccrawresults,2025-07-17
PH,202507,NULL,NULL,fastly,US,139831,NULL,lccrawresults,2025-07-17
PH,202507,NULL,NULL,fastly,US,14593,NULL,lccrawresults,2025-07-17
PH,202507,NULL,NULL,fastly,US,17639,NULL,lccrawresults,2025-07-17
PH,202507,NULL,NULL,fastly,US,4775,NULL,lccrawresults,2025-07-17
PH,202507,NULL,NULL,fastly,US,56207,NULL,lccrawresults,2025-07-17
PH,202507,NULL,NULL,fastly,US,9299,NULL,lccrawresults,2025-07-17
PH,202507,NULL,NULL,microsoft,US,10139,NULL,lccrawresults,2025-07-17
PH,202507,NULL,NULL,microsoft,US,132199,NULL,lccrawresults,2025-07-17
PH,202507,NULL,NULL,microsoft,US,139831,NULL,lccrawresults,2025-07-17
PH,202507,NULL,NULL,microsoft,US,14593,NULL,lccrawresults,2025-07-17
PH,202507,NULL,NULL,microsoft,US,17639,NULL,lccrawresults,2025-07-17
PH,202507,NULL,NULL,microsoft,US,4775,NULL,lccrawresults,2025-07-17
PH,202507,NULL,NULL,microsoft,US,56207,NULL,lccrawresults,2025-07-17
PH,202507,NULL,NULL,microsoft,US,9299,NULL,lccrawresults,2025-07-17
PH,202508,NULL,NULL,akamai,US,10139,NULL,lccrawresults,2025-08-17
PH,202508,NULL,NULL,akamai,US,132199,NULL,lccrawresults,2025-08-17
PH,202508,NULL,NULL,akamai,US,139831,NULL,lccrawresults,2025-08-17
PH,202508,NULL,NULL,akamai,US,14593,NULL,lccrawresults,2025-08-17
PH,202508,NULL,NULL,akamai,US,17639,NULL,lccrawresults,2025-08-17
PH,202508,NULL,NULL,akamai,US,56207,NULL,lccrawresults,2025-08-17
PH,202508,NULL,NULL,akamai,US,9299,NULL,lccrawresults,2025-08-17
PH,202508,NULL,NULL,alibaba,China,10139,NULL,lccrawresults,2025-08-17
PH,202508,NULL,NULL,alibaba,China,132199,NULL,lccrawresults,2025-08-17
PH,202508,NULL,NULL,alibaba,China,139831,NULL,lccrawresults,2025-08-17
PH,202508,NULL,NULL,alibaba,China,14593,NULL,lccrawresults,2025-08-17
PH,202508,NULL,NULL,alibaba,China,17639,NULL,lccrawresults,2025-08-17
PH,202508,NULL,NULL,alibaba,China,56207,NULL,lccrawresults,2025-08-17
PH,202508,NULL,NULL,alibaba,China,9299,NULL,lccrawresults,2025-08-17
PH,202508,NULL,NULL,amazon,US,10139,NULL,lccrawresults,2025-08-17
PH,202508,NULL,NULL,amazon,US,132199,NULL,lccrawresults,2025-08-17
PH,202508,NULL,NULL,amazon,US,139831,NULL,lccrawresults,2025-08-17
PH,202508,NULL,NULL,amazon,US,14593,NULL,lccrawresults,2025-08-17
PH,202508,NULL,NULL,amazon,US,17639,NULL,lccrawresults,2025-08-17
PH,202508,NULL,NULL,amazon,US,56207,NULL,lccrawresults,2025-08-17
PH,202508,NULL,NULL,amazon,US,9299,NULL,lccrawresults,2025-08-17
PH,202508,NULL,NULL,cdn77,UK,10139,NULL,lccrawresults,2025-08-17
PH,202508,NULL,NULL,cdn77,UK,132199,NULL,lccrawresults,2025-08-17
PH,202508,NULL,NULL,cdn77,UK,139831,NULL,lccrawresults,2025-08-17
PH,202508,NULL,NULL,cdn77,UK,14593,NULL,lccrawresults,2025-08-17
PH,202508,NULL,NULL,cdn77,UK,17639,NULL,lccrawresults,2025-08-17
PH,202508,NULL,NULL,cdn77,UK,56207,NULL,lccrawresults,2025-08-17
PH,202508,NULL,NULL,cdn77,UK,9299,NULL,lccrawresults,2025-08-17
PH,202508,NULL,NULL,cloudflare,US,10139,NULL,lccrawresults,2025-08-17
PH,202508,NULL,NULL,cloudflare,US,132199,NULL,lccrawresults,2025-08-17
PH,202508,NULL,NULL,cloudflare,US,139831,NULL,lccrawresults,2025-08-17
PH,202508,NULL,NULL,cloudflare,US,14593,NULL,lccrawresults,2025-08-17
PH,202508,NULL,NULL,cloudflare,US,17639,NULL,lccrawresults,2025-08-17
PH,202508,NULL,NULL,cloudflare,US,56207,NULL,lccrawresults,2025-08-17
PH,202508,NULL,NULL,cloudflare,US,9299,NULL,lccrawresults,2025-08-17
PH,202508,NULL,NULL,facebook,US,10139,NULL,lccrawresults,2025-08-17
PH,202508,NULL,NULL,facebook,US,132199,NULL,lccrawresults,2025-08-17
PH,202508,NULL,NULL,facebook,US,139831,NULL,lccrawresults,2025-08-17
PH,202508,NULL,NULL,facebook,US,14593,NULL,lccrawresults,2025-08-17
PH,202508,NULL,NULL,facebook,US,17639,NULL,lccrawresults,2025-08-17
PH,202508,NULL,NULL,facebook,US,56207,NULL,lccrawresults,2025-08-17
PH,202508,NULL,NULL,facebook,US,9299,NULL,lccrawresults,2025-08-17
PH,202508,NULL,NULL,fastly,US,10139,NULL,lccrawresults,2025-08-17
PH,202508,NULL,NULL,fastly,US,132199,NULL,lccrawresults,2025-08-17
PH,202508,NULL,NULL,fastly,US,139831,NULL,lccrawresults,2025-08-17
PH,202508,NULL,NULL,fastly,US,14593,NULL,lccrawresults,2025-08-17
PH,202508,NULL,NULL,fastly,US,17639,NULL,lccrawresults,2025-08-17
PH,202508,NULL,NULL,fastly,US,56207,NULL,lccrawresults,2025-08-17
PH,202508,NULL,NULL,fastly,US,9299,NULL,lccrawresults,2025-08-17
PH,202508,NULL,NULL,microsoft,US,10139,NULL,lccrawresults,2025-08-17
PH,202508,NULL,NULL,microsoft,US,132199,NULL,lccrawresults,2025-08-17
PH,202508,NULL,NULL,microsoft,US,139831,NULL,lccrawresults,2025-08-17
PH,202508,NULL,NULL,microsoft,US,14593,NULL,lccrawresults,2025-08-17
PH,202508,NULL,NULL,microsoft,US,17639,NULL,lccrawresults,2025-08-17
PH,202508,NULL,NULL,microsoft,US,56207,NULL,lccrawresults,2025-08-17
PH,202508,NULL,NULL,microsoft,US,9299,NULL,lccrawresults,2025-08-17
PH,202509,NULL,NULL,akamai,US,10139,NULL,lccrawresults,2025-09-17
PH,202509,NULL,NULL,akamai,US,132199,NULL,lccrawresults,2025-09-17
PH,202509,NULL,NULL,akamai,US,139831,NULL,lccrawresults,2025-09-17
PH,202509,NULL,NULL,akamai,US,14593,NULL,lccrawresults,2025-09-17
PH,202509,NULL,NULL,akamai,US,17639,NULL,lccrawresults,2025-09-17
PH,202509,NULL,NULL,akamai,US,4775,NULL,lccrawresults,2025-09-17
PH,202509,NULL,NULL,akamai,US,56207,NULL,lccrawresults,2025-09-17
PH,202509,NULL,NULL,akamai,US,9299,NULL,lccrawresults,2025-09-17
PH,202509,NULL,NULL,alibaba,China,10139,NULL,lccrawresults,2025-09-17
PH,202509,NULL,NULL,alibaba,China,132199,NULL,lccrawresults,2025-09-17
PH,202509,NULL,NULL,alibaba,China,139831,NULL,lccrawresults,2025-09-17
PH,202509,NULL,NULL,alibaba,China,14593,NULL,lccrawresults,2025-09-17
PH,202509,NULL,NULL,alibaba,China,17639,NULL,lccrawresults,2025-09-17
PH,202509,NULL,NULL,alibaba,China,4775,NULL,lccrawresults,2025-09-17
PH,202509,NULL,NULL,alibaba,China,56207,NULL,lccrawresults,2025-09-17
PH,202509,NULL,NULL,alibaba,China,9299,NULL,lccrawresults,2025-09-17
PH,202509,NULL,NULL,amazon,US,10139,NULL,lccrawresults,2025-09-17
PH,202509,NULL,NULL,amazon,US,132199,NULL,lccrawresults,2025-09-17
PH,202509,NULL,NULL,amazon,US,139831,NULL,lccrawresults,2025-09-17
PH,202509,NULL,NULL,amazon,US,14593,NULL,lccrawresults,2025-09-17
PH,202509,NULL,NULL,amazon,US,17639,NULL,lccrawresults,2025-09-17
PH,202509,NULL,NULL,amazon,US,4775,NULL,lccrawresults,2025-09-17
PH,202509,NULL,NULL,amazon,US,56207,NULL,lccrawresults,2025-09-17
PH,202509,NULL,NULL,amazon,US,9299,NULL,lccrawresults,2025-09-17
PH,202509,NULL,NULL,cdn77,UK,132199,NULL,lccrawresults,2025-09-17
PH,202509,NULL,NULL,cdn77,UK,139831,NULL,lccrawresults,2025-09-17
PH,202509,NULL,NULL,cdn77,UK,14593,NULL,lccrawresults,2025-09-17
PH,202509,NULL,NULL,cdn77,UK,17639,NULL,lccrawresults,2025-09-17
PH,202509,NULL,NULL,cdn77,UK,4775,NULL,lccrawresults,2025-09-17
PH,202509,NULL,NULL,cdn77,UK,56207,NULL,lccrawresults,2025-09-17
PH,202509,NULL,NULL,cdn77,UK,9299,NULL,lccrawresults,2025-09-17
PH,202509,NULL,NULL,cloudflare,US,10139,NULL,lccrawresults,2025-09-17
PH,202509,NULL,NULL,cloudflare,US,132199,NULL,lccrawresults,2025-09-17
PH,202509,NULL,NULL,cloudflare,US,139831,NULL,lccrawresults,2025-09-17
PH,202509,NULL,NULL,cloudflare,US,14593,NULL,lccrawresults,2025-09-17
PH,202509,NULL,NULL,cloudflare,US,17639,NULL,lccrawresults,2025-09-17
PH,202509,NULL,NULL,cloudflare,US,4775,NULL,lccrawresults,2025-09-17
PH,202509,NULL,NULL,cloudflare,US,56207,NULL,lccrawresults,2025-09-17
PH,202509,NULL,NULL,cloudflare,US,9299,NULL,lccrawresults,2025-09-17
PH,202509,NULL,NULL,facebook,US,10139,NULL,lccrawresults,2025-09-17
PH,202509,NULL,NULL,facebook,US,132199,NULL,lccrawresults,2025-09-17
PH,202509,NULL,NULL,facebook,US,139831,NULL,lccrawresults,2025-09-17
PH,202509,NULL,NULL,facebook,US,14593,NULL,lccrawresults,2025-09-17
PH,202509,NULL,NULL,facebook,US,17639,NULL,lccrawresults,2025-09-17
PH,202509,NULL,NULL,facebook,US,4775,NULL,lccrawresults,2025-09-17
PH,202509,NULL,NULL,facebook,US,56207,NULL,lccrawresults,2025-09-17
PH,202509,NULL,NULL,facebook,US,9299,NULL,lccrawresults,2025-09-17
PH,202509,NULL,NULL,fastly,US,10139,NULL,lccrawresults,2025-09-17
PH,202509,NULL,NULL,fastly,US,132199,NULL,lccrawresults,2025-09-17
PH,202509,NULL,NULL,fastly,US,139831,NULL,lccrawresults,2025-09-17
PH,202509,NULL,NULL,fastly,US,14593,NULL,lccrawresults,2025-09-17
PH,202509,NULL,NULL,fastly,US,17639,NULL,lccrawresults,2025-09-17
PH,202509,NULL,NULL,fastly,US,4775,NULL,lccrawresults,2025-09-17
PH,202509,NULL,NULL,fastly,US,56207,NULL,lccrawresults,2025-09-17
PH,202509,NULL,NULL,fastly,US,9299,NULL,lccrawresults,2025-09-17
PH,202509,NULL,NULL,microsoft,US,10139,NULL,lccrawresults,2025-09-17
PH,202509,NULL,NULL,microsoft,US,132199,NULL,lccrawresults,2025-09-17
PH,202509,NULL,NULL,microsoft,US,139831,NULL,lccrawresults,2025-09-17
PH,202509,NULL,NULL,microsoft,US,14593,NULL,lccrawresults,2025-09-17
PH,202509,NULL,NULL,microsoft,US,17639,NULL,lccrawresults,2025-09-17
PH,202509,NULL,NULL,microsoft,US,4775,NULL,lccrawresults,2025-09-17
PH,202509,NULL,NULL,microsoft,US,56207,NULL,lccrawresults,2025-09-17
PH,202509,NULL,NULL,microsoft,US,9299,NULL,lccrawresults,2025-09-17
PH,202510,NULL,NULL,akamai,US,10139,NULL,lccrawresults,2025-10-17
PH,202510,NULL,NULL,akamai,US,132199,NULL,lccrawresults,2025-10-17
PH,202510,NULL,NULL,akamai,US,139831,NULL,lccrawresults,2025-10-17
PH,202510,NULL,NULL,akamai,US,14593,NULL,lccrawresults,2025-10-17
PH,202510,NULL,NULL,akamai,US,17639,NULL,lccrawresults,2025-10-17
PH,202510,NULL,NULL,akamai,US,56207,NULL,lccrawresults,2025-10-17
PH,202510,NULL,NULL,akamai,US,9299,NULL,lccrawresults,2025-10-17
PH,202510,NULL,NULL,alibaba,China,10139,NULL,lccrawresults,2025-10-17
PH,202510,NULL,NULL,alibaba,China,132199,NULL,lccrawresults,2025-10-17
PH,202510,NULL,NULL,alibaba,China,139831,NULL,lccrawresults,2025-10-17
PH,202510,NULL,NULL,alibaba,China,14593,NULL,lccrawresults,2025-10-17
PH,202510,NULL,NULL,alibaba,China,17639,NULL,lccrawresults,2025-10-17
PH,202510,NULL,NULL,alibaba,China,56207,NULL,lccrawresults,2025-10-17
PH,202510,NULL,NULL,alibaba,China,9299,NULL,lccrawresults,2025-10-17
PH,202510,NULL,NULL,amazon,US,10139,NULL,lccrawresults,2025-10-17
PH,202510,NULL,NULL,amazon,US,132199,NULL,lccrawresults,2025-10-17
PH,202510,NULL,NULL,amazon,US,139831,NULL,lccrawresults,2025-10-17
PH,202510,NULL,NULL,amazon,US,14593,NULL,lccrawresults,2025-10-17
PH,202510,NULL,NULL,amazon,US,17639,NULL,lccrawresults,2025-10-17
PH,202510,NULL,NULL,amazon,US,56207,NULL,lccrawresults,2025-10-17
PH,202510,NULL,NULL,amazon,US,9299,NULL,lccrawresults,2025-10-17
PH,202510,NULL,NULL,cdn77,UK,10139,NULL,lccrawresults,2025-10-17
PH,202510,NULL,NULL,cdn77,UK,132199,NULL,lccrawresults,2025-10-17
PH,202510,NULL,NULL,cdn77,UK,139831,NULL,lccrawresults,2025-10-17
PH,202510,NULL,NULL,cdn77,UK,14593,NULL,lccrawresults,2025-10-17
PH,202510,NULL,NULL,cdn77,UK,17639,NULL,lccrawresults,2025-10-17
PH,202510,NULL,NULL,cdn77,UK,56207,NULL,lccrawresults,2025-10-17
PH,202510,NULL,NULL,cdn77,UK,9299,NULL,lccrawresults,2025-10-17
PH,202510,NULL,NULL,cloudflare,US,10139,NULL,lccrawresults,2025-10-17
PH,202510,NULL,NULL,cloudflare,US,132199,NULL,lccrawresults,2025-10-17
PH,202510,NULL,NULL,cloudflare,US,139831,NULL,lccrawresults,2025-10-17
PH,202510,NULL,NULL,cloudflare,US,14593,NULL,lccrawresults,2025-10-17
PH,202510,NULL,NULL,cloudflare,US,17639,NULL,lccrawresults,2025-10-17
PH,202510,NULL,NULL,cloudflare,US,56207,NULL,lccrawresults,2025-10-17
PH,202510,NULL,NULL,cloudflare,US,9299,NULL,lccrawresults,2025-10-17
PH,202510,NULL,NULL,facebook,US,10139,NULL,lccrawresults,2025-10-17
PH,202510,NULL,NULL,facebook,US,132199,NULL,lccrawresults,2025-10-17
PH,202510,NULL,NULL,facebook,US,139831,NULL,lccrawresults,2025-10-17
PH,202510,NULL,NULL,facebook,US,14593,NULL,lccrawresults,2025-10-17
PH,202510,NULL,NULL,facebook,US,17639,NULL,lccrawresults,2025-10-17
PH,202510,NULL,NULL,facebook,US,56207,NULL,lccrawresults,2025-10-17
PH,202510,NULL,NULL,facebook,US,9299,NULL,lccrawresults,2025-10-17
PH,202510,NULL,NULL,fastly,US,10139,NULL,lccrawresults,2025-10-17
PH,202510,NULL,NULL,fastly,US,132199,NULL,lccrawresults,2025-10-17
PH,202510,NULL,NULL,fastly,US,139831,NULL,lccrawresults,2025-10-17
PH,202510,NULL,NULL,fastly,US,14593,NULL,lccrawresults,2025-10-17
PH,202510,NULL,NULL,fastly,US,17639,NULL,lccrawresults,2025-10-17
PH,202510,NULL,NULL,fastly,US,56207,NULL,lccrawresults,2025-10-17
PH,202510,NULL,NULL,fastly,US,9299,NULL,lccrawresults,2025-10-17
PH,202510,NULL,NULL,microsoft,US,10139,NULL,lccrawresults,2025-10-17
PH,202510,NULL,NULL,microsoft,US,132199,NULL,lccrawresults,2025-10-17
PH,202510,NULL,NULL,microsoft,US,139831,NULL,lccrawresults,2025-10-17
PH,202510,NULL,NULL,microsoft,US,14593,NULL,lccrawresults,2025-10-17
PH,202510,NULL,NULL,microsoft,US,17639,NULL,lccrawresults,2025-10-17
PH,202510,NULL,NULL,microsoft,US,56207,NULL,lccrawresults,2025-10-17
PH,202510,NULL,NULL,microsoft,US,9299,NULL,lccrawresults,2025-10-17
PH,202511,NULL,NULL,akamai,US,10139,NULL,lccrawresults,2025-11-17
PH,202511,NULL,NULL,akamai,US,132199,NULL,lccrawresults,2025-11-17
PH,202511,NULL,NULL,akamai,US,17639,NULL,lccrawresults,2025-11-17
PH,202511,NULL,NULL,akamai,US,4775,NULL,lccrawresults,2025-11-17
PH,202511,NULL,NULL,akamai,US,9299,NULL,lccrawresults,2025-11-17
PH,202511,NULL,NULL,alibaba,China,10139,NULL,lccrawresults,2025-11-17
PH,202511,NULL,NULL,alibaba,China,132199,NULL,lccrawresults,2025-11-17
PH,202511,NULL,NULL,alibaba,China,17639,NULL,lccrawresults,2025-11-17
PH,202511,NULL,NULL,alibaba,China,4775,NULL,lccrawresults,2025-11-17
PH,202511,NULL,NULL,alibaba,China,9299,NULL,lccrawresults,2025-11-17
PH,202511,NULL,NULL,amazon,US,10139,NULL,lccrawresults,2025-11-17
PH,202511,NULL,NULL,amazon,US,132199,NULL,lccrawresults,2025-11-17
PH,202511,NULL,NULL,amazon,US,17639,NULL,lccrawresults,2025-11-17
PH,202511,NULL,NULL,amazon,US,4775,NULL,lccrawresults,2025-11-17
PH,202511,NULL,NULL,amazon,US,9299,NULL,lccrawresults,2025-11-17
PH,202511,NULL,NULL,cloudflare,US,10139,NULL,lccrawresults,2025-11-17
PH,202511,NULL,NULL,cloudflare,US,132199,NULL,lccrawresults,2025-11-17
PH,202511,NULL,NULL,cloudflare,US,17639,NULL,lccrawresults,2025-11-17
PH,202511,NULL,NULL,cloudflare,US,4775,NULL,lccrawresults,2025-11-17
PH,202511,NULL,NULL,cloudflare,US,9299,NULL,lccrawresults,2025-11-17
PH,202511,NULL,NULL,facebook,US,10139,NULL,lccrawresults,2025-11-17
PH,202511,NULL,NULL,facebook,US,132199,NULL,lccrawresults,2025-11-17
PH,202511,NULL,NULL,facebook,US,17639,NULL,lccrawresults,2025-11-17
PH,202511,NULL,NULL,facebook,US,4775,NULL,lccrawresults,2025-11-17
PH,202511,NULL,NULL,facebook,US,9299,NULL,lccrawresults,2025-11-17
PH,202511,NULL,NULL,fastly,US,10139,NULL,lccrawresults,2025-11-17
PH,202511,NULL,NULL,fastly,US,132199,NULL,lccrawresults,2025-11-17
PH,202511,NULL,NULL,fastly,US,17639,NULL,lccrawresults,2025-11-17
PH,202511,NULL,NULL,fastly,US,4775,NULL,lccrawresults,2025-11-17
PH,202511,NULL,NULL,fastly,US,9299,NULL,lccrawresults,2025-11-17
PH,202511,NULL,NULL,microsoft,US,10139,NULL,lccrawresults,2025-11-17
PH,202511,NULL,NULL,microsoft,US,132199,NULL,lccrawresults,2025-11-17
PH,202511,NULL,NULL,microsoft,US,17639,NULL,lccrawresults,2025-11-17
PH,202511,NULL,NULL,microsoft,US,4775,NULL,lccrawresults,2025-11-17
PH,202511,NULL,NULL,microsoft,US,9299,NULL,lccrawresults,2025-11-17
PH,202512,NULL,NULL,akamai,US,10139,NULL,lccrawresults,2025-12-17
PH,202512,NULL,NULL,akamai,US,132199,NULL,lccrawresults,2025-12-17
PH,202512,NULL,NULL,akamai,US,17639,NULL,lccrawresults,2025-12-17
PH,202512,NULL,NULL,akamai,US,4775,NULL,lccrawresults,2025-12-17
PH,202512,NULL,NULL,akamai,US,9299,NULL,lccrawresults,2025-12-17
PH,202512,NULL,NULL,alibaba,China,10139,NULL,lccrawresults,2025-12-17
PH,202512,NULL,NULL,alibaba,China,132199,NULL,lccrawresults,2025-12-17
PH,202512,NULL,NULL,alibaba,China,17639,NULL,lccrawresults,2025-12-17
PH,202512,NULL,NULL,alibaba,China,4775,NULL,lccrawresults,2025-12-17
PH,202512,NULL,NULL,alibaba,China,9299,NULL,lccrawresults,2025-12-17
PH,202512,NULL,NULL,amazon,US,10139,NULL,lccrawresults,2025-12-17
PH,202512,NULL,NULL,amazon,US,132199,NULL,lccrawresults,2025-12-17
PH,202512,NULL,NULL,amazon,US,17639,NULL,lccrawresults,2025-12-17
PH,202512,NULL,NULL,amazon,US,4775,NULL,lccrawresults,2025-12-17
PH,202512,NULL,NULL,amazon,US,9299,NULL,lccrawresults,2025-12-17
PH,202512,NULL,NULL,cdn77,UK,10139,NULL,lccrawresults,2025-12-17
PH,202512,NULL,NULL,cdn77,UK,132199,NULL,lccrawresults,2025-12-17
PH,202512,NULL,NULL,cdn77,UK,17639,NULL,lccrawresults,2025-12-17
PH,202512,NULL,NULL,cdn77,UK,4775,NULL,lccrawresults,2025-12-17
PH,202512,NULL,NULL,cdn77,UK,9299,NULL,lccrawresults,2025-12-17
PH,202512,NULL,NULL,cloudflare,US,10139,NULL,lccrawresults,2025-12-17
PH,202512,NULL,NULL,cloudflare,US,132199,NULL,lccrawresults,2025-12-17
PH,202512,NULL,NULL,cloudflare,US,17639,NULL,lccrawresults,2025-12-17
PH,202512,NULL,NULL,cloudflare,US,4775,NULL,lccrawresults,2025-12-17
PH,202512,NULL,NULL,cloudflare,US,9299,NULL,lccrawresults,2025-12-17
PH,202512,NULL,NULL,facebook,US,10139,NULL,lccrawresults,2025-12-17
PH,202512,NULL,NULL,facebook,US,132199,NULL,lccrawresults,2025-12-17
PH,202512,NULL,NULL,facebook,US,17639,NULL,lccrawresults,2025-12-17
PH,202512,NULL,NULL,facebook,US,4775,NULL,lccrawresults,2025-12-17
PH,202512,NULL,NULL,facebook,US,9299,NULL,lccrawresults,2025-12-17
PH,202512,NULL,NULL,fastly,US,10139,NULL,lccrawresults,2025-12-17
PH,202512,NULL,NULL,fastly,US,132199,NULL,lccrawresults,2025-12-17
PH,202512,NULL,NULL,fastly,US,17639,NULL,lccrawresults,2025-12-17
PH,202512,NULL,NULL,fastly,US,4775,NULL,lccrawresults,2025-12-17
PH,202512,NULL,NULL,fastly,US,9299,NULL,lccrawresults,2025-12-17
PH,202512,NULL,NULL,microsoft,US,10139,NULL,lccrawresults,2025-12-17
PH,202512,NULL,NULL,microsoft,US,132199,NULL,lccrawresults,2025-12-17
PH,202512,NULL,NULL,microsoft,US,17639,NULL,lccrawresults,2025-12-17
PH,202512,NULL,NULL,microsoft,US,4775,NULL,lccrawresults,2025-12-17
PH,202512,NULL,NULL,microsoft,US,9299,NULL,lccrawresults,2025-12-17
PH,202601,NULL,NULL,akamai,US,10139,NULL,lccrawresults,2026-01-17
PH,202601,NULL,NULL,akamai,US,132199,NULL,lccrawresults,2026-01-17
PH,202601,NULL,NULL,akamai,US,17639,NULL,lccrawresults,2026-01-17
PH,202601,NULL,NULL,akamai,US,4775,NULL,lccrawresults,2026-01-17
PH,202601,NULL,NULL,akamai,US,9299,NULL,lccrawresults,2026-01-17
PH,202601,NULL,NULL,alibaba,China,10139,NULL,lccrawresults,2026-01-17
PH,202601,NULL,NULL,alibaba,China,132199,NULL,lccrawresults,2026-01-17
PH,202601,NULL,NULL,alibaba,China,17639,NULL,lccrawresults,2026-01-17
PH,202601,NULL,NULL,alibaba,China,4775,NULL,lccrawresults,2026-01-17
PH,202601,NULL,NULL,alibaba,China,9299,NULL,lccrawresults,2026-01-17
PH,202601,NULL,NULL,amazon,US,10139,NULL,lccrawresults,2026-01-17
PH,202601,NULL,NULL,amazon,US,132199,NULL,lccrawresults,2026-01-17
PH,202601,NULL,NULL,amazon,US,17639,NULL,lccrawresults,2026-01-17
PH,202601,NULL,NULL,amazon,US,4775,NULL,lccrawresults,2026-01-17
PH,202601,NULL,NULL,amazon,US,9299,NULL,lccrawresults,2026-01-17
PH,202601,NULL,NULL,cdn77,UK,10139,NULL,lccrawresults,2026-01-17
PH,202601,NULL,NULL,cdn77,UK,132199,NULL,lccrawresults,2026-01-17
PH,202601,NULL,NULL,cdn77,UK,17639,NULL,lccrawresults,2026-01-17
PH,202601,NULL,NULL,cdn77,UK,4775,NULL,lccrawresults,2026-01-17
PH,202601,NULL,NULL,cdn77,UK,9299,NULL,lccrawresults,2026-01-17
PH,202601,NULL,NULL,cloudflare,US,10139,NULL,lccrawresults,2026-01-17
PH,202601,NULL,NULL,cloudflare,US,132199,NULL,lccrawresults,2026-01-17
PH,202601,NULL,NULL,cloudflare,US,17639,NULL,lccrawresults,2026-01-17
PH,202601,NULL,NULL,cloudflare,US,4775,NULL,lccrawresults,2026-01-17
PH,202601,NULL,NULL,cloudflare,US,9299,NULL,lccrawresults,2026-01-17
PH,202601,NULL,NULL,facebook,US,10139,NULL,lccrawresults,2026-01-17
PH,202601,NULL,NULL,facebook,US,132199,NULL,lccrawresults,2026-01-17
PH,202601,NULL,NULL,facebook,US,17639,NULL,lccrawresults,2026-01-17
PH,202601,NULL,NULL,facebook,US,4775,NULL,lccrawresults,2026-01-17
PH,202601,NULL,NULL,facebook,US,9299,NULL,lccrawresults,2026-01-17
PH,202601,NULL,NULL,fastly,US,10139,NULL,lccrawresults,2026-01-17
PH,202601,NULL,NULL,fastly,US,132199,NULL,lccrawresults,2026-01-17
PH,202601,NULL,NULL,fastly,US,17639,NULL,lccrawresults,2026-01-17
PH,202601,NULL,NULL,fastly,US,4775,NULL,lccrawresults,2026-01-17
PH,202601,NULL,NULL,fastly,US,9299,NULL,lccrawresults,2026-01-17
PH,202601,NULL,NULL,microsoft,US,10139,NULL,lccrawresults,2026-01-17
PH,202601,NULL,NULL,microsoft,US,132199,NULL,lccrawresults,2026-01-17
PH,202601,NULL,NULL,microsoft,US,17639,NULL,lccrawresults,2026-01-17
PH,202601,NULL,NULL,microsoft,US,4775,NULL,lccrawresults,2026-01-17
PH,202601,NULL,NULL,microsoft,US,9299,NULL,lccrawresults,2026-01-17
SG,202406,NULL,NULL,akamai,US,14061,NULL,lccrawresults,2024-06-05
SG,202406,NULL,NULL,akamai,US,14061,NULL,lccrawresults,2024-06-19
SG,202406,NULL,NULL,akamai,US,141995,NULL,lccrawresults,2024-06-05
SG,202406,NULL,NULL,akamai,US,141995,NULL,lccrawresults,2024-06-19
SG,202406,NULL,NULL,akamai,US,16509,NULL,lccrawresults,2024-06-05
SG,202406,NULL,NULL,akamai,US,16509,NULL,lccrawresults,2024-06-19
SG,202406,NULL,NULL,akamai,US,199524,NULL,lccrawresults,2024-06-05
SG,202406,NULL,NULL,akamai,US,199524,NULL,lccrawresults,2024-06-19
SG,202406,NULL,NULL,akamai,US,212238,NULL,lccrawresults,2024-06-05
SG,202406,NULL,NULL,akamai,US,212238,NULL,lccrawresults,2024-06-19
SG,202406,NULL,NULL,akamai,US,31898,NULL,lccrawresults,2024-06-05
SG,202406,NULL,NULL,akamai,US,31898,NULL,lccrawresults,2024-06-19
SG,202406,NULL,NULL,akamai,US,45143,NULL,lccrawresults,2024-06-05
SG,202406,NULL,NULL,akamai,US,45143,NULL,lccrawresults,2024-06-19
SG,202406,NULL,NULL,akamai,US,4657,NULL,lccrawresults,2024-06-05
SG,202406,NULL,NULL,akamai,US,4657,NULL,lccrawresults,2024-06-19
SG,202406,NULL,NULL,akamai,US,4773,NULL,lccrawresults,2024-06-05
SG,202406,NULL,NULL,akamai,US,4773,NULL,lccrawresults,2024-06-19
SG,202406,NULL,NULL,akamai,US,4817,NULL,lccrawresults,2024-06-05
SG,202406,NULL,NULL,akamai,US,4817,NULL,lccrawresults,2024-06-19
SG,202406,NULL,NULL,akamai,US,53813,NULL,lccrawresults,2024-06-05
SG,202406,NULL,NULL,akamai,US,53813,NULL,lccrawresults,2024-06-19
SG,202406,NULL,NULL,akamai,US,55430,NULL,lccrawresults,2024-06-05
SG,202406,NULL,NULL,akamai,US,55430,NULL,lccrawresults,2024-06-19
SG,202406,NULL,NULL,akamai,US,56300,NULL,lccrawresults,2024-06-05
SG,202406,NULL,NULL,akamai,US,56300,NULL,lccrawresults,2024-06-19
SG,202406,NULL,NULL,akamai,US,60068,NULL,lccrawresults,2024-06-05
SG,202406,NULL,NULL,akamai,US,60068,NULL,lccrawresults,2024-06-19
SG,202406,NULL,NULL,akamai,US,63949,NULL,lccrawresults,2024-06-05
SG,202406,NULL,NULL,akamai,US,63949,NULL,lccrawresults,2024-06-19
SG,202406,NULL,NULL,akamai,US,9506,NULL,lccrawresults,2024-06-05
SG,202406,NULL,NULL,akamai,US,9506,NULL,lccrawresults,2024-06-19
SG,202406,NULL,NULL,alibaba,China,16509,NULL,lccrawresults,2024-06-19
SG,202406,NULL,NULL,alibaba,China,45143,NULL,lccrawresults,2024-06-19
SG,202406,NULL,NULL,alibaba,China,4657,NULL,lccrawresults,2024-06-19
SG,202406,NULL,NULL,alibaba,China,4773,NULL,lccrawresults,2024-06-19
SG,202406,NULL,NULL,alibaba,China,4817,NULL,lccrawresults,2024-06-19
SG,202406,NULL,NULL,alibaba,China,55430,NULL,lccrawresults,2024-06-19
SG,202406,NULL,NULL,alibaba,China,56300,NULL,lccrawresults,2024-06-19
SG,202406,NULL,NULL,alibaba,China,9506,NULL,lccrawresults,2024-06-19
SG,202406,NULL,NULL,amazon,US,16509,NULL,lccrawresults,2024-06-19
SG,202406,NULL,NULL,amazon,US,45143,NULL,lccrawresults,2024-06-19
SG,202406,NULL,NULL,amazon,US,4657,NULL,lccrawresults,2024-06-19
SG,202406,NULL,NULL,amazon,US,4773,NULL,lccrawresults,2024-06-19
SG,202406,NULL,NULL,amazon,US,4817,NULL,lccrawresults,2024-06-19
SG,202406,NULL,NULL,amazon,US,55430,NULL,lccrawresults,2024-06-19
SG,202406,NULL,NULL,amazon,US,56300,NULL,lccrawresults,2024-06-19
SG,202406,NULL,NULL,amazon,US,9506,NULL,lccrawresults,2024-06-19
SG,202406,NULL,NULL,cloudflare,US,16509,NULL,lccrawresults,2024-06-19
SG,202406,NULL,NULL,cloudflare,US,45143,NULL,lccrawresults,2024-06-05
SG,202406,NULL,NULL,cloudflare,US,45143,NULL,lccrawresults,2024-06-19
SG,202406,NULL,NULL,cloudflare,US,4657,NULL,lccrawresults,2024-06-05
SG,202406,NULL,NULL,cloudflare,US,4657,NULL,lccrawresults,2024-06-19
SG,202406,NULL,NULL,cloudflare,US,4773,NULL,lccrawresults,2024-06-05
SG,202406,NULL,NULL,cloudflare,US,4773,NULL,lccrawresults,2024-06-19
SG,202406,NULL,NULL,cloudflare,US,4817,NULL,lccrawresults,2024-06-05
SG,202406,NULL,NULL,cloudflare,US,4817,NULL,lccrawresults,2024-06-19
SG,202406,NULL,NULL,cloudflare,US,55430,NULL,lccrawresults,2024-06-05
SG,202406,NULL,NULL,cloudflare,US,55430,NULL,lccrawresults,2024-06-19
SG,202406,NULL,NULL,cloudflare,US,56300,NULL,lccrawresults,2024-06-05
SG,202406,NULL,NULL,cloudflare,US,56300,NULL,lccrawresults,2024-06-19
SG,202406,NULL,NULL,cloudflare,US,9506,NULL,lccrawresults,2024-06-05
SG,202406,NULL,NULL,cloudflare,US,9506,NULL,lccrawresults,2024-06-19
SG,202406,NULL,NULL,cloudfront,US,45143,NULL,lccrawresults,2024-06-05
SG,202406,NULL,NULL,cloudfront,US,4657,NULL,lccrawresults,2024-06-05
SG,202406,NULL,NULL,cloudfront,US,4773,NULL,lccrawresults,2024-06-05
SG,202406,NULL,NULL,cloudfront,US,4817,NULL,lccrawresults,2024-06-05
SG,202406,NULL,NULL,cloudfront,US,55430,NULL,lccrawresults,2024-06-05
SG,202406,NULL,NULL,cloudfront,US,56300,NULL,lccrawresults,2024-06-05
SG,202406,NULL,NULL,cloudfront,US,9506,NULL,lccrawresults,2024-06-05
SG,202406,NULL,NULL,edgio,US,16509,NULL,lccrawresults,2024-06-19
SG,202406,NULL,NULL,edgio,US,45143,NULL,lccrawresults,2024-06-19
SG,202406,NULL,NULL,edgio,US,4657,NULL,lccrawresults,2024-06-19
SG,202406,NULL,NULL,edgio,US,4773,NULL,lccrawresults,2024-06-19
SG,202406,NULL,NULL,edgio,US,4817,NULL,lccrawresults,2024-06-19
SG,202406,NULL,NULL,edgio,US,55430,NULL,lccrawresults,2024-06-19
SG,202406,NULL,NULL,edgio,US,56300,NULL,lccrawresults,2024-06-19
SG,202406,NULL,NULL,edgio,US,9506,NULL,lccrawresults,2024-06-19
SG,202406,NULL,NULL,facebook,US,16509,NULL,lccrawresults,2024-06-19
SG,202406,NULL,NULL,facebook,US,45143,NULL,lccrawresults,2024-06-05
SG,202406,NULL,NULL,facebook,US,4657,NULL,lccrawresults,2024-06-05
SG,202406,NULL,NULL,facebook,US,4657,NULL,lccrawresults,2024-06-19
SG,202406,NULL,NULL,facebook,US,4773,NULL,lccrawresults,2024-06-05
SG,202406,NULL,NULL,facebook,US,4773,NULL,lccrawresults,2024-06-19
SG,202406,NULL,NULL,facebook,US,4817,NULL,lccrawresults,2024-06-05
SG,202406,NULL,NULL,facebook,US,4817,NULL,lccrawresults,2024-06-19
SG,202406,NULL,NULL,facebook,US,55430,NULL,lccrawresults,2024-06-05
SG,202406,NULL,NULL,facebook,US,55430,NULL,lccrawresults,2024-06-19
SG,202406,NULL,NULL,facebook,US,56300,NULL,lccrawresults,2024-06-19
SG,202406,NULL,NULL,facebook,US,56300,NULL,lccrawresults,2024-06-05
SG,202406,NULL,NULL,facebook,US,9506,NULL,lccrawresults,2024-06-05
SG,202406,NULL,NULL,facebook,US,9506,NULL,lccrawresults,2024-06-19
SG,202406,NULL,NULL,fastly,US,16509,NULL,lccrawresults,2024-06-19
SG,202406,NULL,NULL,fastly,US,45143,NULL,lccrawresults,2024-06-05
SG,202406,NULL,NULL,fastly,US,45143,NULL,lccrawresults,2024-06-19
SG,202406,NULL,NULL,fastly,US,4657,NULL,lccrawresults,2024-06-05
SG,202406,NULL,NULL,fastly,US,4657,NULL,lccrawresults,2024-06-19
SG,202406,NULL,NULL,fastly,US,4773,NULL,lccrawresults,2024-06-05
SG,202406,NULL,NULL,fastly,US,4773,NULL,lccrawresults,2024-06-19
SG,202406,NULL,NULL,fastly,US,4817,NULL,lccrawresults,2024-06-05
SG,202406,NULL,NULL,fastly,US,4817,NULL,lccrawresults,2024-06-19
SG,202406,NULL,NULL,fastly,US,55430,NULL,lccrawresults,2024-06-05
SG,202406,NULL,NULL,fastly,US,55430,NULL,lccrawresults,2024-06-19
SG,202406,NULL,NULL,fastly,US,56300,NULL,lccrawresults,2024-06-05
SG,202406,NULL,NULL,fastly,US,56300,NULL,lccrawresults,2024-06-19
SG,202406,NULL,NULL,fastly,US,9506,NULL,lccrawresults,2024-06-05
SG,202406,NULL,NULL,fastly,US,9506,NULL,lccrawresults,2024-06-19
SG,202406,NULL,NULL,microsoft,US,14061,NULL,lccrawresults,2024-06-19
SG,202406,NULL,NULL,microsoft,US,141995,NULL,lccrawresults,2024-06-19
SG,202406,NULL,NULL,microsoft,US,16509,NULL,lccrawresults,2024-06-19
SG,202406,NULL,NULL,microsoft,US,199524,NULL,lccrawresults,2024-06-19
SG,202406,NULL,NULL,microsoft,US,212238,NULL,lccrawresults,2024-06-19
SG,202406,NULL,NULL,microsoft,US,31898,NULL,lccrawresults,2024-06-19
SG,202406,NULL,NULL,microsoft,US,45143,NULL,lccrawresults,2024-06-19
SG,202406,NULL,NULL,microsoft,US,4657,NULL,lccrawresults,2024-06-19
SG,202406,NULL,NULL,microsoft,US,4773,NULL,lccrawresults,2024-06-19
SG,202406,NULL,NULL,microsoft,US,4817,NULL,lccrawresults,2024-06-19
SG,202406,NULL,NULL,microsoft,US,53813,NULL,lccrawresults,2024-06-19
SG,202406,NULL,NULL,microsoft,US,55430,NULL,lccrawresults,2024-06-19
SG,202406,NULL,NULL,microsoft,US,56300,NULL,lccrawresults,2024-06-19
SG,202406,NULL,NULL,microsoft,US,60068,NULL,lccrawresults,2024-06-19
SG,202406,NULL,NULL,microsoft,US,63949,NULL,lccrawresults,2024-06-19
SG,202406,NULL,NULL,microsoft,US,9506,NULL,lccrawresults,2024-06-19
SG,202408,NULL,NULL,akamai,US,31898,NULL,lccrawresults,2024-08-08
SG,202408,NULL,NULL,akamai,US,31898,NULL,lccrawresults,2024-08-20
SG,202408,NULL,NULL,alibaba,China,56300,NULL,lccrawresults,2024-08-08
SG,202408,NULL,NULL,alibaba,China,56300,NULL,lccrawresults,2024-08-20
SG,202408,NULL,NULL,amazon,US,56300,NULL,lccrawresults,2024-08-08
SG,202408,NULL,NULL,amazon,US,56300,NULL,lccrawresults,2024-08-20
SG,202408,NULL,NULL,cloudflare,US,212238,NULL,lccrawresults,2024-08-20
SG,202408,NULL,NULL,cloudflare,US,56300,NULL,lccrawresults,2024-08-08
SG,202408,NULL,NULL,facebook,US,212238,NULL,lccrawresults,2024-08-20
SG,202408,NULL,NULL,facebook,US,56300,NULL,lccrawresults,2024-08-08
SG,202408,NULL,NULL,fastly,US,212238,NULL,lccrawresults,2024-08-20
SG,202408,NULL,NULL,fastly,US,56300,NULL,lccrawresults,2024-08-08
SG,202408,NULL,NULL,microsoft,US,31898,NULL,lccrawresults,2024-08-08
SG,202408,NULL,NULL,microsoft,US,31898,NULL,lccrawresults,2024-08-20
SG,202409,NULL,NULL,akamai,US,31898,NULL,lccrawresults,2024-09-20
SG,202409,NULL,NULL,akamai,US,31898,NULL,lccrawresults,2024-09-16
SG,202409,NULL,NULL,alibaba,China,60068,NULL,lccrawresults,2024-09-20
SG,202409,NULL,NULL,alibaba,China,60068,NULL,lccrawresults,2024-09-16
SG,202409,NULL,NULL,amazon,US,60068,NULL,lccrawresults,2024-09-20
SG,202409,NULL,NULL,amazon,US,60068,NULL,lccrawresults,2024-09-16
SG,202409,NULL,NULL,cloudflare,US,60068,NULL,lccrawresults,2024-09-20
SG,202409,NULL,NULL,cloudflare,US,60068,NULL,lccrawresults,2024-09-16
SG,202409,NULL,NULL,facebook,US,60068,NULL,lccrawresults,2024-09-20
SG,202409,NULL,NULL,facebook,US,60068,NULL,lccrawresults,2024-09-16
SG,202409,NULL,NULL,fastly,US,60068,NULL,lccrawresults,2024-09-20
SG,202409,NULL,NULL,fastly,US,60068,NULL,lccrawresults,2024-09-16
SG,202409,NULL,NULL,microsoft,US,31898,NULL,lccrawresults,2024-09-20
SG,202409,NULL,NULL,microsoft,US,31898,NULL,lccrawresults,2024-09-16
SG,202410,NULL,NULL,akamai,US,60068,NULL,lccrawresults,2024-10-17
SG,202410,NULL,NULL,alibaba,China,60068,NULL,lccrawresults,2024-10-17
SG,202410,NULL,NULL,amazon,US,60068,NULL,lccrawresults,2024-10-17
SG,202410,NULL,NULL,cloudflare,US,60068,NULL,lccrawresults,2024-10-17
SG,202410,NULL,NULL,facebook,US,60068,NULL,lccrawresults,2024-10-17
SG,202410,NULL,NULL,fastly,US,60068,NULL,lccrawresults,2024-10-17
SG,202410,NULL,NULL,microsoft,US,60068,NULL,lccrawresults,2024-10-17
SG,202411,NULL,NULL,akamai,US,31898,NULL,lccrawresults,2024-11-17
SG,202411,NULL,NULL,alibaba,China,31898,NULL,lccrawresults,2024-11-17
SG,202411,NULL,NULL,amazon,US,31898,NULL,lccrawresults,2024-11-17
SG,202411,NULL,NULL,cloudflare,US,31898,NULL,lccrawresults,2024-11-17
SG,202411,NULL,NULL,facebook,US,31898,NULL,lccrawresults,2024-11-17
SG,202411,NULL,NULL,fastly,US,31898,NULL,lccrawresults,2024-11-17
SG,202411,NULL,NULL,microsoft,US,31898,NULL,lccrawresults,2024-11-17
SG,202412,NULL,NULL,akamai,US,31898,NULL,lccrawresults,2024-12-18
SG,202412,NULL,NULL,alibaba,China,31898,NULL,lccrawresults,2024-12-18
SG,202412,NULL,NULL,amazon,US,31898,NULL,lccrawresults,2024-12-18
SG,202412,NULL,NULL,cloudflare,US,31898,NULL,lccrawresults,2024-12-18
SG,202412,NULL,NULL,facebook,US,31898,NULL,lccrawresults,2024-12-18
SG,202412,NULL,NULL,fastly,US,31898,NULL,lccrawresults,2024-12-18
SG,202412,NULL,NULL,microsoft,US,31898,NULL,lccrawresults,2024-12-18
SG,202501,NULL,NULL,akamai,US,31898,NULL,lccrawresults,2025-01-17
SG,202501,NULL,NULL,alibaba,China,31898,NULL,lccrawresults,2025-01-17
SG,202501,NULL,NULL,amazon,US,31898,NULL,lccrawresults,2025-01-17
SG,202501,NULL,NULL,cloudflare,US,31898,NULL,lccrawresults,2025-01-17
SG,202501,NULL,NULL,facebook,US,31898,NULL,lccrawresults,2025-01-17
SG,202501,NULL,NULL,fastly,US,31898,NULL,lccrawresults,2025-01-17
SG,202501,NULL,NULL,microsoft,US,31898,NULL,lccrawresults,2025-01-17
SG,202502,NULL,NULL,akamai,US,14061,NULL,lccrawresults,2025-02-17
SG,202502,NULL,NULL,akamai,US,16509,NULL,lccrawresults,2025-02-17
SG,202502,NULL,NULL,akamai,US,3758,NULL,lccrawresults,2025-02-17
SG,202502,NULL,NULL,akamai,US,45143,NULL,lccrawresults,2025-02-17
SG,202502,NULL,NULL,akamai,US,4657,NULL,lccrawresults,2025-02-17
SG,202502,NULL,NULL,akamai,US,4773,NULL,lccrawresults,2025-02-17
SG,202502,NULL,NULL,akamai,US,4817,NULL,lccrawresults,2025-02-17
SG,202502,NULL,NULL,akamai,US,55430,NULL,lccrawresults,2025-02-17
SG,202502,NULL,NULL,akamai,US,56300,NULL,lccrawresults,2025-02-17
SG,202502,NULL,NULL,akamai,US,63949,NULL,lccrawresults,2025-02-17
SG,202502,NULL,NULL,akamai,US,9506,NULL,lccrawresults,2025-02-17
SG,202502,NULL,NULL,alibaba,China,14061,NULL,lccrawresults,2025-02-17
SG,202502,NULL,NULL,alibaba,China,16509,NULL,lccrawresults,2025-02-17
SG,202502,NULL,NULL,alibaba,China,3758,NULL,lccrawresults,2025-02-17
SG,202502,NULL,NULL,alibaba,China,45143,NULL,lccrawresults,2025-02-17
SG,202502,NULL,NULL,alibaba,China,4657,NULL,lccrawresults,2025-02-17
SG,202502,NULL,NULL,alibaba,China,4773,NULL,lccrawresults,2025-02-17
SG,202502,NULL,NULL,alibaba,China,4817,NULL,lccrawresults,2025-02-17
SG,202502,NULL,NULL,alibaba,China,55430,NULL,lccrawresults,2025-02-17
SG,202502,NULL,NULL,alibaba,China,56300,NULL,lccrawresults,2025-02-17
SG,202502,NULL,NULL,alibaba,China,63949,NULL,lccrawresults,2025-02-17
SG,202502,NULL,NULL,alibaba,China,9506,NULL,lccrawresults,2025-02-17
SG,202502,NULL,NULL,amazon,US,14061,NULL,lccrawresults,2025-02-17
SG,202502,NULL,NULL,amazon,US,16509,NULL,lccrawresults,2025-02-17
SG,202502,NULL,NULL,amazon,US,3758,NULL,lccrawresults,2025-02-17
SG,202502,NULL,NULL,amazon,US,45143,NULL,lccrawresults,2025-02-17
SG,202502,NULL,NULL,amazon,US,4657,NULL,lccrawresults,2025-02-17
SG,202502,NULL,NULL,amazon,US,4773,NULL,lccrawresults,2025-02-17
SG,202502,NULL,NULL,amazon,US,4817,NULL,lccrawresults,2025-02-17
SG,202502,NULL,NULL,amazon,US,55430,NULL,lccrawresults,2025-02-17
SG,202502,NULL,NULL,amazon,US,56300,NULL,lccrawresults,2025-02-17
SG,202502,NULL,NULL,amazon,US,63949,NULL,lccrawresults,2025-02-17
SG,202502,NULL,NULL,amazon,US,9506,NULL,lccrawresults,2025-02-17
SG,202502,NULL,NULL,cloudflare,US,14061,NULL,lccrawresults,2025-02-17
SG,202502,NULL,NULL,cloudflare,US,16509,NULL,lccrawresults,2025-02-17
SG,202502,NULL,NULL,cloudflare,US,3758,NULL,lccrawresults,2025-02-17
SG,202502,NULL,NULL,cloudflare,US,45143,NULL,lccrawresults,2025-02-17
SG,202502,NULL,NULL,cloudflare,US,4657,NULL,lccrawresults,2025-02-17
SG,202502,NULL,NULL,cloudflare,US,4773,NULL,lccrawresults,2025-02-17
SG,202502,NULL,NULL,cloudflare,US,4817,NULL,lccrawresults,2025-02-17
SG,202502,NULL,NULL,cloudflare,US,55430,NULL,lccrawresults,2025-02-17
SG,202502,NULL,NULL,cloudflare,US,56300,NULL,lccrawresults,2025-02-17
SG,202502,NULL,NULL,cloudflare,US,63949,NULL,lccrawresults,2025-02-17
SG,202502,NULL,NULL,cloudflare,US,9506,NULL,lccrawresults,2025-02-17
SG,202502,NULL,NULL,facebook,US,14061,NULL,lccrawresults,2025-02-17
SG,202502,NULL,NULL,facebook,US,16509,NULL,lccrawresults,2025-02-17
SG,202502,NULL,NULL,facebook,US,3758,NULL,lccrawresults,2025-02-17
SG,202502,NULL,NULL,facebook,US,45143,NULL,lccrawresults,2025-02-17
SG,202502,NULL,NULL,facebook,US,4657,NULL,lccrawresults,2025-02-17
SG,202502,NULL,NULL,facebook,US,4773,NULL,lccrawresults,2025-02-17
SG,202502,NULL,NULL,facebook,US,4817,NULL,lccrawresults,2025-02-17
SG,202502,NULL,NULL,facebook,US,55430,NULL,lccrawresults,2025-02-17
SG,202502,NULL,NULL,facebook,US,56300,NULL,lccrawresults,2025-02-17
SG,202502,NULL,NULL,facebook,US,63949,NULL,lccrawresults,2025-02-17
SG,202502,NULL,NULL,facebook,US,9506,NULL,lccrawresults,2025-02-17
SG,202502,NULL,NULL,fastly,US,14061,NULL,lccrawresults,2025-02-17
SG,202502,NULL,NULL,fastly,US,16509,NULL,lccrawresults,2025-02-17
SG,202502,NULL,NULL,fastly,US,3758,NULL,lccrawresults,2025-02-17
SG,202502,NULL,NULL,fastly,US,45143,NULL,lccrawresults,2025-02-17
SG,202502,NULL,NULL,fastly,US,4657,NULL,lccrawresults,2025-02-17
SG,202502,NULL,NULL,fastly,US,4773,NULL,lccrawresults,2025-02-17
SG,202502,NULL,NULL,fastly,US,4817,NULL,lccrawresults,2025-02-17
SG,202502,NULL,NULL,fastly,US,55430,NULL,lccrawresults,2025-02-17
SG,202502,NULL,NULL,fastly,US,56300,NULL,lccrawresults,2025-02-17
SG,202502,NULL,NULL,fastly,US,63949,NULL,lccrawresults,2025-02-17
SG,202502,NULL,NULL,fastly,US,9506,NULL,lccrawresults,2025-02-17
SG,202502,NULL,NULL,microsoft,US,14061,NULL,lccrawresults,2025-02-17
SG,202502,NULL,NULL,microsoft,US,16509,NULL,lccrawresults,2025-02-17
SG,202502,NULL,NULL,microsoft,US,3758,NULL,lccrawresults,2025-02-17
SG,202502,NULL,NULL,microsoft,US,45143,NULL,lccrawresults,2025-02-17
SG,202502,NULL,NULL,microsoft,US,4657,NULL,lccrawresults,2025-02-17
SG,202502,NULL,NULL,microsoft,US,4773,NULL,lccrawresults,2025-02-17
SG,202502,NULL,NULL,microsoft,US,4817,NULL,lccrawresults,2025-02-17
SG,202502,NULL,NULL,microsoft,US,55430,NULL,lccrawresults,2025-02-17
SG,202502,NULL,NULL,microsoft,US,56300,NULL,lccrawresults,2025-02-17
SG,202502,NULL,NULL,microsoft,US,63949,NULL,lccrawresults,2025-02-17
SG,202502,NULL,NULL,microsoft,US,9506,NULL,lccrawresults,2025-02-17
SG,202503,NULL,NULL,akamai,US,16509,NULL,lccrawresults,2025-03-17
SG,202503,NULL,NULL,akamai,US,18106,NULL,lccrawresults,2025-03-17
SG,202503,NULL,NULL,akamai,US,199524,NULL,lccrawresults,2025-03-17
SG,202503,NULL,NULL,akamai,US,212238,NULL,lccrawresults,2025-03-17
SG,202503,NULL,NULL,akamai,US,3758,NULL,lccrawresults,2025-03-17
SG,202503,NULL,NULL,akamai,US,45143,NULL,lccrawresults,2025-03-17
SG,202503,NULL,NULL,akamai,US,4657,NULL,lccrawresults,2025-03-17
SG,202503,NULL,NULL,akamai,US,4773,NULL,lccrawresults,2025-03-17
SG,202503,NULL,NULL,akamai,US,4817,NULL,lccrawresults,2025-03-17
SG,202503,NULL,NULL,akamai,US,55430,NULL,lccrawresults,2025-03-17
SG,202503,NULL,NULL,akamai,US,56300,NULL,lccrawresults,2025-03-17
SG,202503,NULL,NULL,akamai,US,63949,NULL,lccrawresults,2025-03-17
SG,202503,NULL,NULL,akamai,US,9506,NULL,lccrawresults,2025-03-17
SG,202503,NULL,NULL,alibaba,China,16509,NULL,lccrawresults,2025-03-17
SG,202503,NULL,NULL,alibaba,China,18106,NULL,lccrawresults,2025-03-17
SG,202503,NULL,NULL,alibaba,China,199524,NULL,lccrawresults,2025-03-17
SG,202503,NULL,NULL,alibaba,China,212238,NULL,lccrawresults,2025-03-17
SG,202503,NULL,NULL,alibaba,China,3758,NULL,lccrawresults,2025-03-17
SG,202503,NULL,NULL,alibaba,China,45143,NULL,lccrawresults,2025-03-17
SG,202503,NULL,NULL,alibaba,China,4657,NULL,lccrawresults,2025-03-17
SG,202503,NULL,NULL,alibaba,China,4773,NULL,lccrawresults,2025-03-17
SG,202503,NULL,NULL,alibaba,China,4817,NULL,lccrawresults,2025-03-17
SG,202503,NULL,NULL,alibaba,China,55430,NULL,lccrawresults,2025-03-17
SG,202503,NULL,NULL,alibaba,China,56300,NULL,lccrawresults,2025-03-17
SG,202503,NULL,NULL,alibaba,China,63949,NULL,lccrawresults,2025-03-17
SG,202503,NULL,NULL,alibaba,China,9506,NULL,lccrawresults,2025-03-17
SG,202503,NULL,NULL,amazon,US,16509,NULL,lccrawresults,2025-03-17
SG,202503,NULL,NULL,amazon,US,18106,NULL,lccrawresults,2025-03-17
SG,202503,NULL,NULL,amazon,US,199524,NULL,lccrawresults,2025-03-17
SG,202503,NULL,NULL,amazon,US,212238,NULL,lccrawresults,2025-03-17
SG,202503,NULL,NULL,amazon,US,3758,NULL,lccrawresults,2025-03-17
SG,202503,NULL,NULL,amazon,US,45143,NULL,lccrawresults,2025-03-17
SG,202503,NULL,NULL,amazon,US,4657,NULL,lccrawresults,2025-03-17
SG,202503,NULL,NULL,amazon,US,4773,NULL,lccrawresults,2025-03-17
SG,202503,NULL,NULL,amazon,US,4817,NULL,lccrawresults,2025-03-17
SG,202503,NULL,NULL,amazon,US,55430,NULL,lccrawresults,2025-03-17
SG,202503,NULL,NULL,amazon,US,56300,NULL,lccrawresults,2025-03-17
SG,202503,NULL,NULL,amazon,US,63949,NULL,lccrawresults,2025-03-17
SG,202503,NULL,NULL,amazon,US,9506,NULL,lccrawresults,2025-03-17
SG,202503,NULL,NULL,cloudflare,US,16509,NULL,lccrawresults,2025-03-17
SG,202503,NULL,NULL,cloudflare,US,18106,NULL,lccrawresults,2025-03-17
SG,202503,NULL,NULL,cloudflare,US,199524,NULL,lccrawresults,2025-03-17
SG,202503,NULL,NULL,cloudflare,US,212238,NULL,lccrawresults,2025-03-17
SG,202503,NULL,NULL,cloudflare,US,3758,NULL,lccrawresults,2025-03-17
SG,202503,NULL,NULL,cloudflare,US,45143,NULL,lccrawresults,2025-03-17
SG,202503,NULL,NULL,cloudflare,US,4657,NULL,lccrawresults,2025-03-17
SG,202503,NULL,NULL,cloudflare,US,4773,NULL,lccrawresults,2025-03-17
SG,202503,NULL,NULL,cloudflare,US,4817,NULL,lccrawresults,2025-03-17
SG,202503,NULL,NULL,cloudflare,US,55430,NULL,lccrawresults,2025-03-17
SG,202503,NULL,NULL,cloudflare,US,56300,NULL,lccrawresults,2025-03-17
SG,202503,NULL,NULL,cloudflare,US,63949,NULL,lccrawresults,2025-03-17
SG,202503,NULL,NULL,cloudflare,US,9506,NULL,lccrawresults,2025-03-17
SG,202503,NULL,NULL,facebook,US,16509,NULL,lccrawresults,2025-03-17
SG,202503,NULL,NULL,facebook,US,18106,NULL,lccrawresults,2025-03-17
SG,202503,NULL,NULL,facebook,US,199524,NULL,lccrawresults,2025-03-17
SG,202503,NULL,NULL,facebook,US,212238,NULL,lccrawresults,2025-03-17
SG,202503,NULL,NULL,facebook,US,3758,NULL,lccrawresults,2025-03-17
SG,202503,NULL,NULL,facebook,US,45143,NULL,lccrawresults,2025-03-17
SG,202503,NULL,NULL,facebook,US,4657,NULL,lccrawresults,2025-03-17
SG,202503,NULL,NULL,facebook,US,4773,NULL,lccrawresults,2025-03-17
SG,202503,NULL,NULL,facebook,US,4817,NULL,lccrawresults,2025-03-17
SG,202503,NULL,NULL,facebook,US,55430,NULL,lccrawresults,2025-03-17
SG,202503,NULL,NULL,facebook,US,56300,NULL,lccrawresults,2025-03-17
SG,202503,NULL,NULL,facebook,US,63949,NULL,lccrawresults,2025-03-17
SG,202503,NULL,NULL,facebook,US,9506,NULL,lccrawresults,2025-03-17
SG,202503,NULL,NULL,fastly,US,16509,NULL,lccrawresults,2025-03-17
SG,202503,NULL,NULL,fastly,US,18106,NULL,lccrawresults,2025-03-17
SG,202503,NULL,NULL,fastly,US,199524,NULL,lccrawresults,2025-03-17
SG,202503,NULL,NULL,fastly,US,212238,NULL,lccrawresults,2025-03-17
SG,202503,NULL,NULL,fastly,US,3758,NULL,lccrawresults,2025-03-17
SG,202503,NULL,NULL,fastly,US,45143,NULL,lccrawresults,2025-03-17
SG,202503,NULL,NULL,fastly,US,4657,NULL,lccrawresults,2025-03-17
SG,202503,NULL,NULL,fastly,US,4773,NULL,lccrawresults,2025-03-17
SG,202503,NULL,NULL,fastly,US,4817,NULL,lccrawresults,2025-03-17
SG,202503,NULL,NULL,fastly,US,55430,NULL,lccrawresults,2025-03-17
SG,202503,NULL,NULL,fastly,US,56300,NULL,lccrawresults,2025-03-17
SG,202503,NULL,NULL,fastly,US,63949,NULL,lccrawresults,2025-03-17
SG,202503,NULL,NULL,fastly,US,9506,NULL,lccrawresults,2025-03-17
SG,202503,NULL,NULL,microsoft,US,16509,NULL,lccrawresults,2025-03-17
SG,202503,NULL,NULL,microsoft,US,18106,NULL,lccrawresults,2025-03-17
SG,202503,NULL,NULL,microsoft,US,199524,NULL,lccrawresults,2025-03-17
SG,202503,NULL,NULL,microsoft,US,212238,NULL,lccrawresults,2025-03-17
SG,202503,NULL,NULL,microsoft,US,3758,NULL,lccrawresults,2025-03-17
SG,202503,NULL,NULL,microsoft,US,45143,NULL,lccrawresults,2025-03-17
SG,202503,NULL,NULL,microsoft,US,4657,NULL,lccrawresults,2025-03-17
SG,202503,NULL,NULL,microsoft,US,4773,NULL,lccrawresults,2025-03-17
SG,202503,NULL,NULL,microsoft,US,4817,NULL,lccrawresults,2025-03-17
SG,202503,NULL,NULL,microsoft,US,55430,NULL,lccrawresults,2025-03-17
SG,202503,NULL,NULL,microsoft,US,56300,NULL,lccrawresults,2025-03-17
SG,202503,NULL,NULL,microsoft,US,63949,NULL,lccrawresults,2025-03-17
SG,202503,NULL,NULL,microsoft,US,9506,NULL,lccrawresults,2025-03-17
SG,202504,NULL,NULL,akamai,US,13335,NULL,lccrawresults,2025-04-17
SG,202504,NULL,NULL,akamai,US,16509,NULL,lccrawresults,2025-04-17
SG,202504,NULL,NULL,akamai,US,18106,NULL,lccrawresults,2025-04-17
SG,202504,NULL,NULL,akamai,US,199524,NULL,lccrawresults,2025-04-17
SG,202504,NULL,NULL,akamai,US,212238,NULL,lccrawresults,2025-04-17
SG,202504,NULL,NULL,akamai,US,3758,NULL,lccrawresults,2025-04-17
SG,202504,NULL,NULL,akamai,US,45143,NULL,lccrawresults,2025-04-17
SG,202504,NULL,NULL,akamai,US,4657,NULL,lccrawresults,2025-04-17
SG,202504,NULL,NULL,akamai,US,4773,NULL,lccrawresults,2025-04-17
SG,202504,NULL,NULL,akamai,US,4817,NULL,lccrawresults,2025-04-17
SG,202504,NULL,NULL,akamai,US,55430,NULL,lccrawresults,2025-04-17
SG,202504,NULL,NULL,akamai,US,56300,NULL,lccrawresults,2025-04-17
SG,202504,NULL,NULL,akamai,US,63949,NULL,lccrawresults,2025-04-17
SG,202504,NULL,NULL,akamai,US,9506,NULL,lccrawresults,2025-04-17
SG,202504,NULL,NULL,alibaba,China,13335,NULL,lccrawresults,2025-04-17
SG,202504,NULL,NULL,alibaba,China,16509,NULL,lccrawresults,2025-04-17
SG,202504,NULL,NULL,alibaba,China,18106,NULL,lccrawresults,2025-04-17
SG,202504,NULL,NULL,alibaba,China,199524,NULL,lccrawresults,2025-04-17
SG,202504,NULL,NULL,alibaba,China,212238,NULL,lccrawresults,2025-04-17
SG,202504,NULL,NULL,alibaba,China,3758,NULL,lccrawresults,2025-04-17
SG,202504,NULL,NULL,alibaba,China,45143,NULL,lccrawresults,2025-04-17
SG,202504,NULL,NULL,alibaba,China,4657,NULL,lccrawresults,2025-04-17
SG,202504,NULL,NULL,alibaba,China,4773,NULL,lccrawresults,2025-04-17
SG,202504,NULL,NULL,alibaba,China,4817,NULL,lccrawresults,2025-04-17
SG,202504,NULL,NULL,alibaba,China,55430,NULL,lccrawresults,2025-04-17
SG,202504,NULL,NULL,alibaba,China,56300,NULL,lccrawresults,2025-04-17
SG,202504,NULL,NULL,alibaba,China,63949,NULL,lccrawresults,2025-04-17
SG,202504,NULL,NULL,alibaba,China,9506,NULL,lccrawresults,2025-04-17
SG,202504,NULL,NULL,amazon,US,13335,NULL,lccrawresults,2025-04-17
SG,202504,NULL,NULL,amazon,US,16509,NULL,lccrawresults,2025-04-17
SG,202504,NULL,NULL,amazon,US,18106,NULL,lccrawresults,2025-04-17
SG,202504,NULL,NULL,amazon,US,199524,NULL,lccrawresults,2025-04-17
SG,202504,NULL,NULL,amazon,US,212238,NULL,lccrawresults,2025-04-17
SG,202504,NULL,NULL,amazon,US,3758,NULL,lccrawresults,2025-04-17
SG,202504,NULL,NULL,amazon,US,45143,NULL,lccrawresults,2025-04-17
SG,202504,NULL,NULL,amazon,US,4657,NULL,lccrawresults,2025-04-17
SG,202504,NULL,NULL,amazon,US,4773,NULL,lccrawresults,2025-04-17
SG,202504,NULL,NULL,amazon,US,4817,NULL,lccrawresults,2025-04-17
SG,202504,NULL,NULL,amazon,US,55430,NULL,lccrawresults,2025-04-17
SG,202504,NULL,NULL,amazon,US,56300,NULL,lccrawresults,2025-04-17
SG,202504,NULL,NULL,amazon,US,63949,NULL,lccrawresults,2025-04-17
SG,202504,NULL,NULL,amazon,US,9506,NULL,lccrawresults,2025-04-17
SG,202504,NULL,NULL,cloudflare,US,13335,NULL,lccrawresults,2025-04-17
SG,202504,NULL,NULL,cloudflare,US,16509,NULL,lccrawresults,2025-04-17
SG,202504,NULL,NULL,cloudflare,US,18106,NULL,lccrawresults,2025-04-17
SG,202504,NULL,NULL,cloudflare,US,199524,NULL,lccrawresults,2025-04-17
SG,202504,NULL,NULL,cloudflare,US,212238,NULL,lccrawresults,2025-04-17
SG,202504,NULL,NULL,cloudflare,US,3758,NULL,lccrawresults,2025-04-17
SG,202504,NULL,NULL,cloudflare,US,45143,NULL,lccrawresults,2025-04-17
SG,202504,NULL,NULL,cloudflare,US,4657,NULL,lccrawresults,2025-04-17
SG,202504,NULL,NULL,cloudflare,US,4773,NULL,lccrawresults,2025-04-17
SG,202504,NULL,NULL,cloudflare,US,4817,NULL,lccrawresults,2025-04-17
SG,202504,NULL,NULL,cloudflare,US,55430,NULL,lccrawresults,2025-04-17
SG,202504,NULL,NULL,cloudflare,US,56300,NULL,lccrawresults,2025-04-17
SG,202504,NULL,NULL,cloudflare,US,63949,NULL,lccrawresults,2025-04-17
SG,202504,NULL,NULL,cloudflare,US,9506,NULL,lccrawresults,2025-04-17
SG,202504,NULL,NULL,facebook,US,13335,NULL,lccrawresults,2025-04-17
SG,202504,NULL,NULL,facebook,US,16509,NULL,lccrawresults,2025-04-17
SG,202504,NULL,NULL,facebook,US,18106,NULL,lccrawresults,2025-04-17
SG,202504,NULL,NULL,facebook,US,199524,NULL,lccrawresults,2025-04-17
SG,202504,NULL,NULL,facebook,US,212238,NULL,lccrawresults,2025-04-17
SG,202504,NULL,NULL,facebook,US,3758,NULL,lccrawresults,2025-04-17
SG,202504,NULL,NULL,facebook,US,45143,NULL,lccrawresults,2025-04-17
SG,202504,NULL,NULL,facebook,US,4657,NULL,lccrawresults,2025-04-17
SG,202504,NULL,NULL,facebook,US,4773,NULL,lccrawresults,2025-04-17
SG,202504,NULL,NULL,facebook,US,4817,NULL,lccrawresults,2025-04-17
SG,202504,NULL,NULL,facebook,US,55430,NULL,lccrawresults,2025-04-17
SG,202504,NULL,NULL,facebook,US,56300,NULL,lccrawresults,2025-04-17
SG,202504,NULL,NULL,facebook,US,63949,NULL,lccrawresults,2025-04-17
SG,202504,NULL,NULL,facebook,US,9506,NULL,lccrawresults,2025-04-17
SG,202504,NULL,NULL,fastly,US,13335,NULL,lccrawresults,2025-04-17
SG,202504,NULL,NULL,fastly,US,16509,NULL,lccrawresults,2025-04-17
SG,202504,NULL,NULL,fastly,US,18106,NULL,lccrawresults,2025-04-17
SG,202504,NULL,NULL,fastly,US,199524,NULL,lccrawresults,2025-04-17
SG,202504,NULL,NULL,fastly,US,212238,NULL,lccrawresults,2025-04-17
SG,202504,NULL,NULL,fastly,US,3758,NULL,lccrawresults,2025-04-17
SG,202504,NULL,NULL,fastly,US,45143,NULL,lccrawresults,2025-04-17
SG,202504,NULL,NULL,fastly,US,4657,NULL,lccrawresults,2025-04-17
SG,202504,NULL,NULL,fastly,US,4773,NULL,lccrawresults,2025-04-17
SG,202504,NULL,NULL,fastly,US,4817,NULL,lccrawresults,2025-04-17
SG,202504,NULL,NULL,fastly,US,55430,NULL,lccrawresults,2025-04-17
SG,202504,NULL,NULL,fastly,US,56300,NULL,lccrawresults,2025-04-17
SG,202504,NULL,NULL,fastly,US,63949,NULL,lccrawresults,2025-04-17
SG,202504,NULL,NULL,fastly,US,9506,NULL,lccrawresults,2025-04-17
SG,202504,NULL,NULL,microsoft,US,13335,NULL,lccrawresults,2025-04-17
SG,202504,NULL,NULL,microsoft,US,16509,NULL,lccrawresults,2025-04-17
SG,202504,NULL,NULL,microsoft,US,18106,NULL,lccrawresults,2025-04-17
SG,202504,NULL,NULL,microsoft,US,199524,NULL,lccrawresults,2025-04-17
SG,202504,NULL,NULL,microsoft,US,212238,NULL,lccrawresults,2025-04-17
SG,202504,NULL,NULL,microsoft,US,3758,NULL,lccrawresults,2025-04-17
SG,202504,NULL,NULL,microsoft,US,45143,NULL,lccrawresults,2025-04-17
SG,202504,NULL,NULL,microsoft,US,4657,NULL,lccrawresults,2025-04-17
SG,202504,NULL,NULL,microsoft,US,4773,NULL,lccrawresults,2025-04-17
SG,202504,NULL,NULL,microsoft,US,4817,NULL,lccrawresults,2025-04-17
SG,202504,NULL,NULL,microsoft,US,55430,NULL,lccrawresults,2025-04-17
SG,202504,NULL,NULL,microsoft,US,56300,NULL,lccrawresults,2025-04-17
SG,202504,NULL,NULL,microsoft,US,63949,NULL,lccrawresults,2025-04-17
SG,202504,NULL,NULL,microsoft,US,9506,NULL,lccrawresults,2025-04-17
SG,202505,NULL,NULL,akamai,US,13335,NULL,lccrawresults,2025-05-17
SG,202505,NULL,NULL,akamai,US,14061,NULL,lccrawresults,2025-05-17
SG,202505,NULL,NULL,akamai,US,16509,NULL,lccrawresults,2025-05-17
SG,202505,NULL,NULL,akamai,US,199524,NULL,lccrawresults,2025-05-17
SG,202505,NULL,NULL,akamai,US,212238,NULL,lccrawresults,2025-05-17
SG,202505,NULL,NULL,akamai,US,3758,NULL,lccrawresults,2025-05-17
SG,202505,NULL,NULL,akamai,US,45143,NULL,lccrawresults,2025-05-17
SG,202505,NULL,NULL,akamai,US,4657,NULL,lccrawresults,2025-05-17
SG,202505,NULL,NULL,akamai,US,4773,NULL,lccrawresults,2025-05-17
SG,202505,NULL,NULL,akamai,US,4817,NULL,lccrawresults,2025-05-17
SG,202505,NULL,NULL,akamai,US,55430,NULL,lccrawresults,2025-05-17
SG,202505,NULL,NULL,akamai,US,56300,NULL,lccrawresults,2025-05-17
SG,202505,NULL,NULL,akamai,US,9506,NULL,lccrawresults,2025-05-17
SG,202505,NULL,NULL,alibaba,China,13335,NULL,lccrawresults,2025-05-17
SG,202505,NULL,NULL,alibaba,China,14061,NULL,lccrawresults,2025-05-17
SG,202505,NULL,NULL,alibaba,China,16509,NULL,lccrawresults,2025-05-17
SG,202505,NULL,NULL,alibaba,China,199524,NULL,lccrawresults,2025-05-17
SG,202505,NULL,NULL,alibaba,China,212238,NULL,lccrawresults,2025-05-17
SG,202505,NULL,NULL,alibaba,China,3758,NULL,lccrawresults,2025-05-17
SG,202505,NULL,NULL,alibaba,China,45143,NULL,lccrawresults,2025-05-17
SG,202505,NULL,NULL,alibaba,China,4657,NULL,lccrawresults,2025-05-17
SG,202505,NULL,NULL,alibaba,China,4773,NULL,lccrawresults,2025-05-17
SG,202505,NULL,NULL,alibaba,China,4817,NULL,lccrawresults,2025-05-17
SG,202505,NULL,NULL,alibaba,China,55430,NULL,lccrawresults,2025-05-17
SG,202505,NULL,NULL,alibaba,China,56300,NULL,lccrawresults,2025-05-17
SG,202505,NULL,NULL,alibaba,China,9506,NULL,lccrawresults,2025-05-17
SG,202505,NULL,NULL,amazon,US,13335,NULL,lccrawresults,2025-05-17
SG,202505,NULL,NULL,amazon,US,14061,NULL,lccrawresults,2025-05-17
SG,202505,NULL,NULL,amazon,US,16509,NULL,lccrawresults,2025-05-17
SG,202505,NULL,NULL,amazon,US,199524,NULL,lccrawresults,2025-05-17
SG,202505,NULL,NULL,amazon,US,212238,NULL,lccrawresults,2025-05-17
SG,202505,NULL,NULL,amazon,US,3758,NULL,lccrawresults,2025-05-17
SG,202505,NULL,NULL,amazon,US,45143,NULL,lccrawresults,2025-05-17
SG,202505,NULL,NULL,amazon,US,4657,NULL,lccrawresults,2025-05-17
SG,202505,NULL,NULL,amazon,US,4773,NULL,lccrawresults,2025-05-17
SG,202505,NULL,NULL,amazon,US,4817,NULL,lccrawresults,2025-05-17
SG,202505,NULL,NULL,amazon,US,55430,NULL,lccrawresults,2025-05-17
SG,202505,NULL,NULL,amazon,US,56300,NULL,lccrawresults,2025-05-17
SG,202505,NULL,NULL,amazon,US,9506,NULL,lccrawresults,2025-05-17
SG,202505,NULL,NULL,cloudflare,US,13335,NULL,lccrawresults,2025-05-17
SG,202505,NULL,NULL,cloudflare,US,14061,NULL,lccrawresults,2025-05-17
SG,202505,NULL,NULL,cloudflare,US,16509,NULL,lccrawresults,2025-05-17
SG,202505,NULL,NULL,cloudflare,US,199524,NULL,lccrawresults,2025-05-17
SG,202505,NULL,NULL,cloudflare,US,212238,NULL,lccrawresults,2025-05-17
SG,202505,NULL,NULL,cloudflare,US,3758,NULL,lccrawresults,2025-05-17
SG,202505,NULL,NULL,cloudflare,US,45143,NULL,lccrawresults,2025-05-17
SG,202505,NULL,NULL,cloudflare,US,4657,NULL,lccrawresults,2025-05-17
SG,202505,NULL,NULL,cloudflare,US,4773,NULL,lccrawresults,2025-05-17
SG,202505,NULL,NULL,cloudflare,US,4817,NULL,lccrawresults,2025-05-17
SG,202505,NULL,NULL,cloudflare,US,55430,NULL,lccrawresults,2025-05-17
SG,202505,NULL,NULL,cloudflare,US,56300,NULL,lccrawresults,2025-05-17
SG,202505,NULL,NULL,cloudflare,US,9506,NULL,lccrawresults,2025-05-17
SG,202505,NULL,NULL,facebook,US,13335,NULL,lccrawresults,2025-05-17
SG,202505,NULL,NULL,facebook,US,14061,NULL,lccrawresults,2025-05-17
SG,202505,NULL,NULL,facebook,US,16509,NULL,lccrawresults,2025-05-17
SG,202505,NULL,NULL,facebook,US,199524,NULL,lccrawresults,2025-05-17
SG,202505,NULL,NULL,facebook,US,212238,NULL,lccrawresults,2025-05-17
SG,202505,NULL,NULL,facebook,US,3758,NULL,lccrawresults,2025-05-17
SG,202505,NULL,NULL,facebook,US,45143,NULL,lccrawresults,2025-05-17
SG,202505,NULL,NULL,facebook,US,4657,NULL,lccrawresults,2025-05-17
SG,202505,NULL,NULL,facebook,US,4773,NULL,lccrawresults,2025-05-17
SG,202505,NULL,NULL,facebook,US,4817,NULL,lccrawresults,2025-05-17
SG,202505,NULL,NULL,facebook,US,55430,NULL,lccrawresults,2025-05-17
SG,202505,NULL,NULL,facebook,US,56300,NULL,lccrawresults,2025-05-17
SG,202505,NULL,NULL,facebook,US,9506,NULL,lccrawresults,2025-05-17
SG,202505,NULL,NULL,fastly,US,13335,NULL,lccrawresults,2025-05-17
SG,202505,NULL,NULL,fastly,US,14061,NULL,lccrawresults,2025-05-17
SG,202505,NULL,NULL,fastly,US,16509,NULL,lccrawresults,2025-05-17
SG,202505,NULL,NULL,fastly,US,199524,NULL,lccrawresults,2025-05-17
SG,202505,NULL,NULL,fastly,US,212238,NULL,lccrawresults,2025-05-17
SG,202505,NULL,NULL,fastly,US,3758,NULL,lccrawresults,2025-05-17
SG,202505,NULL,NULL,fastly,US,45143,NULL,lccrawresults,2025-05-17
SG,202505,NULL,NULL,fastly,US,4657,NULL,lccrawresults,2025-05-17
SG,202505,NULL,NULL,fastly,US,4773,NULL,lccrawresults,2025-05-17
SG,202505,NULL,NULL,fastly,US,4817,NULL,lccrawresults,2025-05-17
SG,202505,NULL,NULL,fastly,US,55430,NULL,lccrawresults,2025-05-17
SG,202505,NULL,NULL,fastly,US,56300,NULL,lccrawresults,2025-05-17
SG,202505,NULL,NULL,fastly,US,9506,NULL,lccrawresults,2025-05-17
SG,202505,NULL,NULL,microsoft,US,13335,NULL,lccrawresults,2025-05-17
SG,202505,NULL,NULL,microsoft,US,14061,NULL,lccrawresults,2025-05-17
SG,202505,NULL,NULL,microsoft,US,16509,NULL,lccrawresults,2025-05-17
SG,202505,NULL,NULL,microsoft,US,199524,NULL,lccrawresults,2025-05-17
SG,202505,NULL,NULL,microsoft,US,212238,NULL,lccrawresults,2025-05-17
SG,202505,NULL,NULL,microsoft,US,3758,NULL,lccrawresults,2025-05-17
SG,202505,NULL,NULL,microsoft,US,45143,NULL,lccrawresults,2025-05-17
SG,202505,NULL,NULL,microsoft,US,4657,NULL,lccrawresults,2025-05-17
SG,202505,NULL,NULL,microsoft,US,4773,NULL,lccrawresults,2025-05-17
SG,202505,NULL,NULL,microsoft,US,4817,NULL,lccrawresults,2025-05-17
SG,202505,NULL,NULL,microsoft,US,55430,NULL,lccrawresults,2025-05-17
SG,202505,NULL,NULL,microsoft,US,56300,NULL,lccrawresults,2025-05-17
SG,202505,NULL,NULL,microsoft,US,9506,NULL,lccrawresults,2025-05-17
SG,202506,NULL,NULL,akamai,US,13335,NULL,lccrawresults,2025-06-17
SG,202506,NULL,NULL,akamai,US,141995,NULL,lccrawresults,2025-06-17
SG,202506,NULL,NULL,akamai,US,16509,NULL,lccrawresults,2025-06-17
SG,202506,NULL,NULL,akamai,US,18106,NULL,lccrawresults,2025-06-17
SG,202506,NULL,NULL,akamai,US,199524,NULL,lccrawresults,2025-06-17
SG,202506,NULL,NULL,akamai,US,212238,NULL,lccrawresults,2025-06-17
SG,202506,NULL,NULL,akamai,US,3758,NULL,lccrawresults,2025-06-17
SG,202506,NULL,NULL,akamai,US,45143,NULL,lccrawresults,2025-06-17
SG,202506,NULL,NULL,akamai,US,4657,NULL,lccrawresults,2025-06-17
SG,202506,NULL,NULL,akamai,US,4773,NULL,lccrawresults,2025-06-17
SG,202506,NULL,NULL,akamai,US,4817,NULL,lccrawresults,2025-06-17
SG,202506,NULL,NULL,akamai,US,55430,NULL,lccrawresults,2025-06-17
SG,202506,NULL,NULL,akamai,US,56300,NULL,lccrawresults,2025-06-17
SG,202506,NULL,NULL,akamai,US,9506,NULL,lccrawresults,2025-06-17
SG,202506,NULL,NULL,alibaba,China,13335,NULL,lccrawresults,2025-06-17
SG,202506,NULL,NULL,alibaba,China,141995,NULL,lccrawresults,2025-06-17
SG,202506,NULL,NULL,alibaba,China,16509,NULL,lccrawresults,2025-06-17
SG,202506,NULL,NULL,alibaba,China,18106,NULL,lccrawresults,2025-06-17
SG,202506,NULL,NULL,alibaba,China,199524,NULL,lccrawresults,2025-06-17
SG,202506,NULL,NULL,alibaba,China,212238,NULL,lccrawresults,2025-06-17
SG,202506,NULL,NULL,alibaba,China,3758,NULL,lccrawresults,2025-06-17
SG,202506,NULL,NULL,alibaba,China,45143,NULL,lccrawresults,2025-06-17
SG,202506,NULL,NULL,alibaba,China,4657,NULL,lccrawresults,2025-06-17
SG,202506,NULL,NULL,alibaba,China,4773,NULL,lccrawresults,2025-06-17
SG,202506,NULL,NULL,alibaba,China,4817,NULL,lccrawresults,2025-06-17
SG,202506,NULL,NULL,alibaba,China,55430,NULL,lccrawresults,2025-06-17
SG,202506,NULL,NULL,alibaba,China,56300,NULL,lccrawresults,2025-06-17
SG,202506,NULL,NULL,alibaba,China,9506,NULL,lccrawresults,2025-06-17
SG,202506,NULL,NULL,amazon,US,13335,NULL,lccrawresults,2025-06-17
SG,202506,NULL,NULL,amazon,US,141995,NULL,lccrawresults,2025-06-17
SG,202506,NULL,NULL,amazon,US,16509,NULL,lccrawresults,2025-06-17
SG,202506,NULL,NULL,amazon,US,18106,NULL,lccrawresults,2025-06-17
SG,202506,NULL,NULL,amazon,US,199524,NULL,lccrawresults,2025-06-17
SG,202506,NULL,NULL,amazon,US,212238,NULL,lccrawresults,2025-06-17
SG,202506,NULL,NULL,amazon,US,3758,NULL,lccrawresults,2025-06-17
SG,202506,NULL,NULL,amazon,US,45143,NULL,lccrawresults,2025-06-17
SG,202506,NULL,NULL,amazon,US,4657,NULL,lccrawresults,2025-06-17
SG,202506,NULL,NULL,amazon,US,4773,NULL,lccrawresults,2025-06-17
SG,202506,NULL,NULL,amazon,US,4817,NULL,lccrawresults,2025-06-17
SG,202506,NULL,NULL,amazon,US,55430,NULL,lccrawresults,2025-06-17
SG,202506,NULL,NULL,amazon,US,56300,NULL,lccrawresults,2025-06-17
SG,202506,NULL,NULL,amazon,US,9506,NULL,lccrawresults,2025-06-17
SG,202506,NULL,NULL,cloudflare,US,13335,NULL,lccrawresults,2025-06-17
SG,202506,NULL,NULL,cloudflare,US,141995,NULL,lccrawresults,2025-06-17
SG,202506,NULL,NULL,cloudflare,US,16509,NULL,lccrawresults,2025-06-17
SG,202506,NULL,NULL,cloudflare,US,18106,NULL,lccrawresults,2025-06-17
SG,202506,NULL,NULL,cloudflare,US,199524,NULL,lccrawresults,2025-06-17
SG,202506,NULL,NULL,cloudflare,US,212238,NULL,lccrawresults,2025-06-17
SG,202506,NULL,NULL,cloudflare,US,3758,NULL,lccrawresults,2025-06-17
SG,202506,NULL,NULL,cloudflare,US,45143,NULL,lccrawresults,2025-06-17
SG,202506,NULL,NULL,cloudflare,US,4657,NULL,lccrawresults,2025-06-17
SG,202506,NULL,NULL,cloudflare,US,4773,NULL,lccrawresults,2025-06-17
SG,202506,NULL,NULL,cloudflare,US,4817,NULL,lccrawresults,2025-06-17
SG,202506,NULL,NULL,cloudflare,US,55430,NULL,lccrawresults,2025-06-17
SG,202506,NULL,NULL,cloudflare,US,56300,NULL,lccrawresults,2025-06-17
SG,202506,NULL,NULL,cloudflare,US,9506,NULL,lccrawresults,2025-06-17
SG,202506,NULL,NULL,facebook,US,13335,NULL,lccrawresults,2025-06-17
SG,202506,NULL,NULL,facebook,US,141995,NULL,lccrawresults,2025-06-17
SG,202506,NULL,NULL,facebook,US,16509,NULL,lccrawresults,2025-06-17
SG,202506,NULL,NULL,facebook,US,18106,NULL,lccrawresults,2025-06-17
SG,202506,NULL,NULL,facebook,US,199524,NULL,lccrawresults,2025-06-17
SG,202506,NULL,NULL,facebook,US,212238,NULL,lccrawresults,2025-06-17
SG,202506,NULL,NULL,facebook,US,3758,NULL,lccrawresults,2025-06-17
SG,202506,NULL,NULL,facebook,US,45143,NULL,lccrawresults,2025-06-17
SG,202506,NULL,NULL,facebook,US,4657,NULL,lccrawresults,2025-06-17
SG,202506,NULL,NULL,facebook,US,4773,NULL,lccrawresults,2025-06-17
SG,202506,NULL,NULL,facebook,US,4817,NULL,lccrawresults,2025-06-17
SG,202506,NULL,NULL,facebook,US,55430,NULL,lccrawresults,2025-06-17
SG,202506,NULL,NULL,facebook,US,56300,NULL,lccrawresults,2025-06-17
SG,202506,NULL,NULL,facebook,US,9506,NULL,lccrawresults,2025-06-17
SG,202506,NULL,NULL,fastly,US,13335,NULL,lccrawresults,2025-06-17
SG,202506,NULL,NULL,fastly,US,141995,NULL,lccrawresults,2025-06-17
SG,202506,NULL,NULL,fastly,US,16509,NULL,lccrawresults,2025-06-17
SG,202506,NULL,NULL,fastly,US,18106,NULL,lccrawresults,2025-06-17
SG,202506,NULL,NULL,fastly,US,199524,NULL,lccrawresults,2025-06-17
SG,202506,NULL,NULL,fastly,US,212238,NULL,lccrawresults,2025-06-17
SG,202506,NULL,NULL,fastly,US,3758,NULL,lccrawresults,2025-06-17
SG,202506,NULL,NULL,fastly,US,45143,NULL,lccrawresults,2025-06-17
SG,202506,NULL,NULL,fastly,US,4657,NULL,lccrawresults,2025-06-17
SG,202506,NULL,NULL,fastly,US,4773,NULL,lccrawresults,2025-06-17
SG,202506,NULL,NULL,fastly,US,4817,NULL,lccrawresults,2025-06-17
SG,202506,NULL,NULL,fastly,US,55430,NULL,lccrawresults,2025-06-17
SG,202506,NULL,NULL,fastly,US,56300,NULL,lccrawresults,2025-06-17
SG,202506,NULL,NULL,fastly,US,9506,NULL,lccrawresults,2025-06-17
SG,202506,NULL,NULL,microsoft,US,13335,NULL,lccrawresults,2025-06-17
SG,202506,NULL,NULL,microsoft,US,141995,NULL,lccrawresults,2025-06-17
SG,202506,NULL,NULL,microsoft,US,16509,NULL,lccrawresults,2025-06-17
SG,202506,NULL,NULL,microsoft,US,18106,NULL,lccrawresults,2025-06-17
SG,202506,NULL,NULL,microsoft,US,199524,NULL,lccrawresults,2025-06-17
SG,202506,NULL,NULL,microsoft,US,212238,NULL,lccrawresults,2025-06-17
SG,202506,NULL,NULL,microsoft,US,3758,NULL,lccrawresults,2025-06-17
SG,202506,NULL,NULL,microsoft,US,45143,NULL,lccrawresults,2025-06-17
SG,202506,NULL,NULL,microsoft,US,4657,NULL,lccrawresults,2025-06-17
SG,202506,NULL,NULL,microsoft,US,4773,NULL,lccrawresults,2025-06-17
SG,202506,NULL,NULL,microsoft,US,4817,NULL,lccrawresults,2025-06-17
SG,202506,NULL,NULL,microsoft,US,55430,NULL,lccrawresults,2025-06-17
SG,202506,NULL,NULL,microsoft,US,56300,NULL,lccrawresults,2025-06-17
SG,202506,NULL,NULL,microsoft,US,9506,NULL,lccrawresults,2025-06-17
SG,202507,NULL,NULL,akamai,US,13335,NULL,lccrawresults,2025-07-17
SG,202507,NULL,NULL,akamai,US,16509,NULL,lccrawresults,2025-07-17
SG,202507,NULL,NULL,akamai,US,18106,NULL,lccrawresults,2025-07-17
SG,202507,NULL,NULL,akamai,US,199524,NULL,lccrawresults,2025-07-17
SG,202507,NULL,NULL,akamai,US,212238,NULL,lccrawresults,2025-07-17
SG,202507,NULL,NULL,akamai,US,21859,NULL,lccrawresults,2025-07-17
SG,202507,NULL,NULL,akamai,US,30058,NULL,lccrawresults,2025-07-17
SG,202507,NULL,NULL,akamai,US,3758,NULL,lccrawresults,2025-07-17
SG,202507,NULL,NULL,akamai,US,45143,NULL,lccrawresults,2025-07-17
SG,202507,NULL,NULL,akamai,US,4657,NULL,lccrawresults,2025-07-17
SG,202507,NULL,NULL,akamai,US,4773,NULL,lccrawresults,2025-07-17
SG,202507,NULL,NULL,akamai,US,4817,NULL,lccrawresults,2025-07-17
SG,202507,NULL,NULL,akamai,US,55430,NULL,lccrawresults,2025-07-17
SG,202507,NULL,NULL,akamai,US,56300,NULL,lccrawresults,2025-07-17
SG,202507,NULL,NULL,akamai,US,9506,NULL,lccrawresults,2025-07-17
SG,202507,NULL,NULL,alibaba,China,13335,NULL,lccrawresults,2025-07-17
SG,202507,NULL,NULL,alibaba,China,16509,NULL,lccrawresults,2025-07-17
SG,202507,NULL,NULL,alibaba,China,18106,NULL,lccrawresults,2025-07-17
SG,202507,NULL,NULL,alibaba,China,212238,NULL,lccrawresults,2025-07-17
SG,202507,NULL,NULL,alibaba,China,21859,NULL,lccrawresults,2025-07-17
SG,202507,NULL,NULL,alibaba,China,30058,NULL,lccrawresults,2025-07-17
SG,202507,NULL,NULL,alibaba,China,3758,NULL,lccrawresults,2025-07-17
SG,202507,NULL,NULL,alibaba,China,45143,NULL,lccrawresults,2025-07-17
SG,202507,NULL,NULL,alibaba,China,4657,NULL,lccrawresults,2025-07-17
SG,202507,NULL,NULL,alibaba,China,4773,NULL,lccrawresults,2025-07-17
SG,202507,NULL,NULL,alibaba,China,4817,NULL,lccrawresults,2025-07-17
SG,202507,NULL,NULL,alibaba,China,55430,NULL,lccrawresults,2025-07-17
SG,202507,NULL,NULL,alibaba,China,56300,NULL,lccrawresults,2025-07-17
SG,202507,NULL,NULL,alibaba,China,9506,NULL,lccrawresults,2025-07-17
SG,202507,NULL,NULL,amazon,US,13335,NULL,lccrawresults,2025-07-17
SG,202507,NULL,NULL,amazon,US,16509,NULL,lccrawresults,2025-07-17
SG,202507,NULL,NULL,amazon,US,18106,NULL,lccrawresults,2025-07-17
SG,202507,NULL,NULL,amazon,US,199524,NULL,lccrawresults,2025-07-17
SG,202507,NULL,NULL,amazon,US,212238,NULL,lccrawresults,2025-07-17
SG,202507,NULL,NULL,amazon,US,21859,NULL,lccrawresults,2025-07-17
SG,202507,NULL,NULL,amazon,US,30058,NULL,lccrawresults,2025-07-17
SG,202507,NULL,NULL,amazon,US,3758,NULL,lccrawresults,2025-07-17
SG,202507,NULL,NULL,amazon,US,45143,NULL,lccrawresults,2025-07-17
SG,202507,NULL,NULL,amazon,US,4657,NULL,lccrawresults,2025-07-17
SG,202507,NULL,NULL,amazon,US,4773,NULL,lccrawresults,2025-07-17
SG,202507,NULL,NULL,amazon,US,4817,NULL,lccrawresults,2025-07-17
SG,202507,NULL,NULL,amazon,US,55430,NULL,lccrawresults,2025-07-17
SG,202507,NULL,NULL,amazon,US,56300,NULL,lccrawresults,2025-07-17
SG,202507,NULL,NULL,amazon,US,9506,NULL,lccrawresults,2025-07-17
SG,202507,NULL,NULL,cloudflare,US,13335,NULL,lccrawresults,2025-07-17
SG,202507,NULL,NULL,cloudflare,US,16509,NULL,lccrawresults,2025-07-17
SG,202507,NULL,NULL,cloudflare,US,18106,NULL,lccrawresults,2025-07-17
SG,202507,NULL,NULL,cloudflare,US,199524,NULL,lccrawresults,2025-07-17
SG,202507,NULL,NULL,cloudflare,US,212238,NULL,lccrawresults,2025-07-17
SG,202507,NULL,NULL,cloudflare,US,21859,NULL,lccrawresults,2025-07-17
SG,202507,NULL,NULL,cloudflare,US,30058,NULL,lccrawresults,2025-07-17
SG,202507,NULL,NULL,cloudflare,US,3758,NULL,lccrawresults,2025-07-17
SG,202507,NULL,NULL,cloudflare,US,45143,NULL,lccrawresults,2025-07-17
SG,202507,NULL,NULL,cloudflare,US,4657,NULL,lccrawresults,2025-07-17
SG,202507,NULL,NULL,cloudflare,US,4773,NULL,lccrawresults,2025-07-17
SG,202507,NULL,NULL,cloudflare,US,4817,NULL,lccrawresults,2025-07-17
SG,202507,NULL,NULL,cloudflare,US,55430,NULL,lccrawresults,2025-07-17
SG,202507,NULL,NULL,cloudflare,US,56300,NULL,lccrawresults,2025-07-17
SG,202507,NULL,NULL,cloudflare,US,9506,NULL,lccrawresults,2025-07-17
SG,202507,NULL,NULL,facebook,US,13335,NULL,lccrawresults,2025-07-17
SG,202507,NULL,NULL,facebook,US,16509,NULL,lccrawresults,2025-07-17
SG,202507,NULL,NULL,facebook,US,18106,NULL,lccrawresults,2025-07-17
SG,202507,NULL,NULL,facebook,US,199524,NULL,lccrawresults,2025-07-17
SG,202507,NULL,NULL,facebook,US,212238,NULL,lccrawresults,2025-07-17
SG,202507,NULL,NULL,facebook,US,21859,NULL,lccrawresults,2025-07-17
SG,202507,NULL,NULL,facebook,US,30058,NULL,lccrawresults,2025-07-17
SG,202507,NULL,NULL,facebook,US,3758,NULL,lccrawresults,2025-07-17
SG,202507,NULL,NULL,facebook,US,45143,NULL,lccrawresults,2025-07-17
SG,202507,NULL,NULL,facebook,US,4657,NULL,lccrawresults,2025-07-17
SG,202507,NULL,NULL,facebook,US,4773,NULL,lccrawresults,2025-07-17
SG,202507,NULL,NULL,facebook,US,4817,NULL,lccrawresults,2025-07-17
SG,202507,NULL,NULL,facebook,US,55430,NULL,lccrawresults,2025-07-17
SG,202507,NULL,NULL,facebook,US,56300,NULL,lccrawresults,2025-07-17
SG,202507,NULL,NULL,facebook,US,9506,NULL,lccrawresults,2025-07-17
SG,202507,NULL,NULL,fastly,US,13335,NULL,lccrawresults,2025-07-17
SG,202507,NULL,NULL,fastly,US,16509,NULL,lccrawresults,2025-07-17
SG,202507,NULL,NULL,fastly,US,18106,NULL,lccrawresults,2025-07-17
SG,202507,NULL,NULL,fastly,US,199524,NULL,lccrawresults,2025-07-17
SG,202507,NULL,NULL,fastly,US,212238,NULL,lccrawresults,2025-07-17
SG,202507,NULL,NULL,fastly,US,21859,NULL,lccrawresults,2025-07-17
SG,202507,NULL,NULL,fastly,US,30058,NULL,lccrawresults,2025-07-17
SG,202507,NULL,NULL,fastly,US,3758,NULL,lccrawresults,2025-07-17
SG,202507,NULL,NULL,fastly,US,45143,NULL,lccrawresults,2025-07-17
SG,202507,NULL,NULL,fastly,US,4657,NULL,lccrawresults,2025-07-17
SG,202507,NULL,NULL,fastly,US,4773,NULL,lccrawresults,2025-07-17
SG,202507,NULL,NULL,fastly,US,4817,NULL,lccrawresults,2025-07-17
SG,202507,NULL,NULL,fastly,US,55430,NULL,lccrawresults,2025-07-17
SG,202507,NULL,NULL,fastly,US,56300,NULL,lccrawresults,2025-07-17
SG,202507,NULL,NULL,fastly,US,9506,NULL,lccrawresults,2025-07-17
SG,202507,NULL,NULL,microsoft,US,13335,NULL,lccrawresults,2025-07-17
SG,202507,NULL,NULL,microsoft,US,16509,NULL,lccrawresults,2025-07-17
SG,202507,NULL,NULL,microsoft,US,18106,NULL,lccrawresults,2025-07-17
SG,202507,NULL,NULL,microsoft,US,199524,NULL,lccrawresults,2025-07-17
SG,202507,NULL,NULL,microsoft,US,212238,NULL,lccrawresults,2025-07-17
SG,202507,NULL,NULL,microsoft,US,21859,NULL,lccrawresults,2025-07-17
SG,202507,NULL,NULL,microsoft,US,30058,NULL,lccrawresults,2025-07-17
SG,202507,NULL,NULL,microsoft,US,3758,NULL,lccrawresults,2025-07-17
SG,202507,NULL,NULL,microsoft,US,45143,NULL,lccrawresults,2025-07-17
SG,202507,NULL,NULL,microsoft,US,4657,NULL,lccrawresults,2025-07-17
SG,202507,NULL,NULL,microsoft,US,4773,NULL,lccrawresults,2025-07-17
SG,202507,NULL,NULL,microsoft,US,4817,NULL,lccrawresults,2025-07-17
SG,202507,NULL,NULL,microsoft,US,55430,NULL,lccrawresults,2025-07-17
SG,202507,NULL,NULL,microsoft,US,56300,NULL,lccrawresults,2025-07-17
SG,202507,NULL,NULL,microsoft,US,9506,NULL,lccrawresults,2025-07-17
SG,202508,NULL,NULL,akamai,US,13335,NULL,lccrawresults,2025-08-17
SG,202508,NULL,NULL,akamai,US,14061,NULL,lccrawresults,2025-08-17
SG,202508,NULL,NULL,akamai,US,212238,NULL,lccrawresults,2025-08-17
SG,202508,NULL,NULL,akamai,US,21859,NULL,lccrawresults,2025-08-17
SG,202508,NULL,NULL,akamai,US,30058,NULL,lccrawresults,2025-08-17
SG,202508,NULL,NULL,akamai,US,3758,NULL,lccrawresults,2025-08-17
SG,202508,NULL,NULL,akamai,US,45102,NULL,lccrawresults,2025-08-17
SG,202508,NULL,NULL,akamai,US,45143,NULL,lccrawresults,2025-08-17
SG,202508,NULL,NULL,akamai,US,4657,NULL,lccrawresults,2025-08-17
SG,202508,NULL,NULL,akamai,US,4773,NULL,lccrawresults,2025-08-17
SG,202508,NULL,NULL,akamai,US,4817,NULL,lccrawresults,2025-08-17
SG,202508,NULL,NULL,akamai,US,55430,NULL,lccrawresults,2025-08-17
SG,202508,NULL,NULL,akamai,US,56300,NULL,lccrawresults,2025-08-17
SG,202508,NULL,NULL,akamai,US,63949,NULL,lccrawresults,2025-08-17
SG,202508,NULL,NULL,akamai,US,9506,NULL,lccrawresults,2025-08-17
SG,202508,NULL,NULL,alibaba,China,13335,NULL,lccrawresults,2025-08-17
SG,202508,NULL,NULL,alibaba,China,14061,NULL,lccrawresults,2025-08-17
SG,202508,NULL,NULL,alibaba,China,212238,NULL,lccrawresults,2025-08-17
SG,202508,NULL,NULL,alibaba,China,21859,NULL,lccrawresults,2025-08-17
SG,202508,NULL,NULL,alibaba,China,3758,NULL,lccrawresults,2025-08-17
SG,202508,NULL,NULL,alibaba,China,45102,NULL,lccrawresults,2025-08-17
SG,202508,NULL,NULL,alibaba,China,45143,NULL,lccrawresults,2025-08-17
SG,202508,NULL,NULL,alibaba,China,4657,NULL,lccrawresults,2025-08-17
SG,202508,NULL,NULL,alibaba,China,4773,NULL,lccrawresults,2025-08-17
SG,202508,NULL,NULL,alibaba,China,4817,NULL,lccrawresults,2025-08-17
SG,202508,NULL,NULL,alibaba,China,55430,NULL,lccrawresults,2025-08-17
SG,202508,NULL,NULL,alibaba,China,56300,NULL,lccrawresults,2025-08-17
SG,202508,NULL,NULL,alibaba,China,63949,NULL,lccrawresults,2025-08-17
SG,202508,NULL,NULL,alibaba,China,9506,NULL,lccrawresults,2025-08-17
SG,202508,NULL,NULL,amazon,US,13335,NULL,lccrawresults,2025-08-17
SG,202508,NULL,NULL,amazon,US,14061,NULL,lccrawresults,2025-08-17
SG,202508,NULL,NULL,amazon,US,212238,NULL,lccrawresults,2025-08-17
SG,202508,NULL,NULL,amazon,US,21859,NULL,lccrawresults,2025-08-17
SG,202508,NULL,NULL,amazon,US,30058,NULL,lccrawresults,2025-08-17
SG,202508,NULL,NULL,amazon,US,3758,NULL,lccrawresults,2025-08-17
SG,202508,NULL,NULL,amazon,US,45102,NULL,lccrawresults,2025-08-17
SG,202508,NULL,NULL,amazon,US,45143,NULL,lccrawresults,2025-08-17
SG,202508,NULL,NULL,amazon,US,4657,NULL,lccrawresults,2025-08-17
SG,202508,NULL,NULL,amazon,US,4773,NULL,lccrawresults,2025-08-17
SG,202508,NULL,NULL,amazon,US,4817,NULL,lccrawresults,2025-08-17
SG,202508,NULL,NULL,amazon,US,55430,NULL,lccrawresults,2025-08-17
SG,202508,NULL,NULL,amazon,US,56300,NULL,lccrawresults,2025-08-17
SG,202508,NULL,NULL,amazon,US,63949,NULL,lccrawresults,2025-08-17
SG,202508,NULL,NULL,amazon,US,9506,NULL,lccrawresults,2025-08-17
SG,202508,NULL,NULL,cloudflare,US,13335,NULL,lccrawresults,2025-08-17
SG,202508,NULL,NULL,cloudflare,US,14061,NULL,lccrawresults,2025-08-17
SG,202508,NULL,NULL,cloudflare,US,212238,NULL,lccrawresults,2025-08-17
SG,202508,NULL,NULL,cloudflare,US,21859,NULL,lccrawresults,2025-08-17
SG,202508,NULL,NULL,cloudflare,US,30058,NULL,lccrawresults,2025-08-17
SG,202508,NULL,NULL,cloudflare,US,3758,NULL,lccrawresults,2025-08-17
SG,202508,NULL,NULL,cloudflare,US,45102,NULL,lccrawresults,2025-08-17
SG,202508,NULL,NULL,cloudflare,US,45143,NULL,lccrawresults,2025-08-17
SG,202508,NULL,NULL,cloudflare,US,4657,NULL,lccrawresults,2025-08-17
SG,202508,NULL,NULL,cloudflare,US,4773,NULL,lccrawresults,2025-08-17
SG,202508,NULL,NULL,cloudflare,US,4817,NULL,lccrawresults,2025-08-17
SG,202508,NULL,NULL,cloudflare,US,55430,NULL,lccrawresults,2025-08-17
SG,202508,NULL,NULL,cloudflare,US,56300,NULL,lccrawresults,2025-08-17
SG,202508,NULL,NULL,cloudflare,US,63949,NULL,lccrawresults,2025-08-17
SG,202508,NULL,NULL,cloudflare,US,9506,NULL,lccrawresults,2025-08-17
SG,202508,NULL,NULL,facebook,US,13335,NULL,lccrawresults,2025-08-17
SG,202508,NULL,NULL,facebook,US,14061,NULL,lccrawresults,2025-08-17
SG,202508,NULL,NULL,facebook,US,212238,NULL,lccrawresults,2025-08-17
SG,202508,NULL,NULL,facebook,US,21859,NULL,lccrawresults,2025-08-17
SG,202508,NULL,NULL,facebook,US,30058,NULL,lccrawresults,2025-08-17
SG,202508,NULL,NULL,facebook,US,3758,NULL,lccrawresults,2025-08-17
SG,202508,NULL,NULL,facebook,US,45102,NULL,lccrawresults,2025-08-17
SG,202508,NULL,NULL,facebook,US,45143,NULL,lccrawresults,2025-08-17
SG,202508,NULL,NULL,facebook,US,4657,NULL,lccrawresults,2025-08-17
SG,202508,NULL,NULL,facebook,US,4773,NULL,lccrawresults,2025-08-17
SG,202508,NULL,NULL,facebook,US,4817,NULL,lccrawresults,2025-08-17
SG,202508,NULL,NULL,facebook,US,55430,NULL,lccrawresults,2025-08-17
SG,202508,NULL,NULL,facebook,US,56300,NULL,lccrawresults,2025-08-17
SG,202508,NULL,NULL,facebook,US,63949,NULL,lccrawresults,2025-08-17
SG,202508,NULL,NULL,facebook,US,9506,NULL,lccrawresults,2025-08-17
SG,202508,NULL,NULL,fastly,US,13335,NULL,lccrawresults,2025-08-17
SG,202508,NULL,NULL,fastly,US,14061,NULL,lccrawresults,2025-08-17
SG,202508,NULL,NULL,fastly,US,212238,NULL,lccrawresults,2025-08-17
SG,202508,NULL,NULL,fastly,US,21859,NULL,lccrawresults,2025-08-17
SG,202508,NULL,NULL,fastly,US,30058,NULL,lccrawresults,2025-08-17
SG,202508,NULL,NULL,fastly,US,3758,NULL,lccrawresults,2025-08-17
SG,202508,NULL,NULL,fastly,US,45102,NULL,lccrawresults,2025-08-17
SG,202508,NULL,NULL,fastly,US,45143,NULL,lccrawresults,2025-08-17
SG,202508,NULL,NULL,fastly,US,4657,NULL,lccrawresults,2025-08-17
SG,202508,NULL,NULL,fastly,US,4773,NULL,lccrawresults,2025-08-17
SG,202508,NULL,NULL,fastly,US,4817,NULL,lccrawresults,2025-08-17
SG,202508,NULL,NULL,fastly,US,55430,NULL,lccrawresults,2025-08-17
SG,202508,NULL,NULL,fastly,US,56300,NULL,lccrawresults,2025-08-17
SG,202508,NULL,NULL,fastly,US,63949,NULL,lccrawresults,2025-08-17
SG,202508,NULL,NULL,fastly,US,9506,NULL,lccrawresults,2025-08-17
SG,202508,NULL,NULL,microsoft,US,13335,NULL,lccrawresults,2025-08-17
SG,202508,NULL,NULL,microsoft,US,14061,NULL,lccrawresults,2025-08-17
SG,202508,NULL,NULL,microsoft,US,212238,NULL,lccrawresults,2025-08-17
SG,202508,NULL,NULL,microsoft,US,21859,NULL,lccrawresults,2025-08-17
SG,202508,NULL,NULL,microsoft,US,30058,NULL,lccrawresults,2025-08-17
SG,202508,NULL,NULL,microsoft,US,3758,NULL,lccrawresults,2025-08-17
SG,202508,NULL,NULL,microsoft,US,45102,NULL,lccrawresults,2025-08-17
SG,202508,NULL,NULL,microsoft,US,45143,NULL,lccrawresults,2025-08-17
SG,202508,NULL,NULL,microsoft,US,4657,NULL,lccrawresults,2025-08-17
SG,202508,NULL,NULL,microsoft,US,4773,NULL,lccrawresults,2025-08-17
SG,202508,NULL,NULL,microsoft,US,4817,NULL,lccrawresults,2025-08-17
SG,202508,NULL,NULL,microsoft,US,55430,NULL,lccrawresults,2025-08-17
SG,202508,NULL,NULL,microsoft,US,56300,NULL,lccrawresults,2025-08-17
SG,202508,NULL,NULL,microsoft,US,63949,NULL,lccrawresults,2025-08-17
SG,202508,NULL,NULL,microsoft,US,9506,NULL,lccrawresults,2025-08-17
SG,202509,NULL,NULL,akamai,US,14061,NULL,lccrawresults,2025-09-17
SG,202509,NULL,NULL,akamai,US,16509,NULL,lccrawresults,2025-09-17
SG,202509,NULL,NULL,akamai,US,212238,NULL,lccrawresults,2025-09-17
SG,202509,NULL,NULL,akamai,US,21859,NULL,lccrawresults,2025-09-17
SG,202509,NULL,NULL,akamai,US,30058,NULL,lccrawresults,2025-09-17
SG,202509,NULL,NULL,akamai,US,3758,NULL,lccrawresults,2025-09-17
SG,202509,NULL,NULL,akamai,US,45143,NULL,lccrawresults,2025-09-17
SG,202509,NULL,NULL,akamai,US,4657,NULL,lccrawresults,2025-09-17
SG,202509,NULL,NULL,akamai,US,4773,NULL,lccrawresults,2025-09-17
SG,202509,NULL,NULL,akamai,US,4817,NULL,lccrawresults,2025-09-17
SG,202509,NULL,NULL,akamai,US,55430,NULL,lccrawresults,2025-09-17
SG,202509,NULL,NULL,akamai,US,56300,NULL,lccrawresults,2025-09-17
SG,202509,NULL,NULL,akamai,US,63949,NULL,lccrawresults,2025-09-17
SG,202509,NULL,NULL,akamai,US,9506,NULL,lccrawresults,2025-09-17
SG,202509,NULL,NULL,alibaba,China,14061,NULL,lccrawresults,2025-09-17
SG,202509,NULL,NULL,alibaba,China,16509,NULL,lccrawresults,2025-09-17
SG,202509,NULL,NULL,alibaba,China,212238,NULL,lccrawresults,2025-09-17
SG,202509,NULL,NULL,alibaba,China,21859,NULL,lccrawresults,2025-09-17
SG,202509,NULL,NULL,alibaba,China,30058,NULL,lccrawresults,2025-09-17
SG,202509,NULL,NULL,alibaba,China,3758,NULL,lccrawresults,2025-09-17
SG,202509,NULL,NULL,alibaba,China,45143,NULL,lccrawresults,2025-09-17
SG,202509,NULL,NULL,alibaba,China,4657,NULL,lccrawresults,2025-09-17
SG,202509,NULL,NULL,alibaba,China,4773,NULL,lccrawresults,2025-09-17
SG,202509,NULL,NULL,alibaba,China,4817,NULL,lccrawresults,2025-09-17
SG,202509,NULL,NULL,alibaba,China,55430,NULL,lccrawresults,2025-09-17
SG,202509,NULL,NULL,alibaba,China,56300,NULL,lccrawresults,2025-09-17
SG,202509,NULL,NULL,alibaba,China,63949,NULL,lccrawresults,2025-09-17
SG,202509,NULL,NULL,alibaba,China,9506,NULL,lccrawresults,2025-09-17
SG,202509,NULL,NULL,amazon,US,14061,NULL,lccrawresults,2025-09-17
SG,202509,NULL,NULL,amazon,US,16509,NULL,lccrawresults,2025-09-17
SG,202509,NULL,NULL,amazon,US,212238,NULL,lccrawresults,2025-09-17
SG,202509,NULL,NULL,amazon,US,21859,NULL,lccrawresults,2025-09-17
SG,202509,NULL,NULL,amazon,US,30058,NULL,lccrawresults,2025-09-17
SG,202509,NULL,NULL,amazon,US,3758,NULL,lccrawresults,2025-09-17
SG,202509,NULL,NULL,amazon,US,45143,NULL,lccrawresults,2025-09-17
SG,202509,NULL,NULL,amazon,US,4657,NULL,lccrawresults,2025-09-17
SG,202509,NULL,NULL,amazon,US,4773,NULL,lccrawresults,2025-09-17
SG,202509,NULL,NULL,amazon,US,4817,NULL,lccrawresults,2025-09-17
SG,202509,NULL,NULL,amazon,US,55430,NULL,lccrawresults,2025-09-17
SG,202509,NULL,NULL,amazon,US,56300,NULL,lccrawresults,2025-09-17
SG,202509,NULL,NULL,amazon,US,63949,NULL,lccrawresults,2025-09-17
SG,202509,NULL,NULL,amazon,US,9506,NULL,lccrawresults,2025-09-17
SG,202509,NULL,NULL,cdn77,UK,14061,NULL,lccrawresults,2025-09-17
SG,202509,NULL,NULL,cdn77,UK,16509,NULL,lccrawresults,2025-09-17
SG,202509,NULL,NULL,cdn77,UK,212238,NULL,lccrawresults,2025-09-17
SG,202509,NULL,NULL,cdn77,UK,21859,NULL,lccrawresults,2025-09-17
SG,202509,NULL,NULL,cdn77,UK,30058,NULL,lccrawresults,2025-09-17
SG,202509,NULL,NULL,cdn77,UK,3758,NULL,lccrawresults,2025-09-17
SG,202509,NULL,NULL,cdn77,UK,45143,NULL,lccrawresults,2025-09-17
SG,202509,NULL,NULL,cdn77,UK,4657,NULL,lccrawresults,2025-09-17
SG,202509,NULL,NULL,cdn77,UK,4773,NULL,lccrawresults,2025-09-17
SG,202509,NULL,NULL,cdn77,UK,4817,NULL,lccrawresults,2025-09-17
SG,202509,NULL,NULL,cdn77,UK,55430,NULL,lccrawresults,2025-09-17
SG,202509,NULL,NULL,cdn77,UK,56300,NULL,lccrawresults,2025-09-17
SG,202509,NULL,NULL,cdn77,UK,63949,NULL,lccrawresults,2025-09-17
SG,202509,NULL,NULL,cdn77,UK,9506,NULL,lccrawresults,2025-09-17
SG,202509,NULL,NULL,cloudflare,US,14061,NULL,lccrawresults,2025-09-17
SG,202509,NULL,NULL,cloudflare,US,16509,NULL,lccrawresults,2025-09-17
SG,202509,NULL,NULL,cloudflare,US,212238,NULL,lccrawresults,2025-09-17
SG,202509,NULL,NULL,cloudflare,US,21859,NULL,lccrawresults,2025-09-17
SG,202509,NULL,NULL,cloudflare,US,30058,NULL,lccrawresults,2025-09-17
SG,202509,NULL,NULL,cloudflare,US,3758,NULL,lccrawresults,2025-09-17
SG,202509,NULL,NULL,cloudflare,US,45143,NULL,lccrawresults,2025-09-17
SG,202509,NULL,NULL,cloudflare,US,4657,NULL,lccrawresults,2025-09-17
SG,202509,NULL,NULL,cloudflare,US,4773,NULL,lccrawresults,2025-09-17
SG,202509,NULL,NULL,cloudflare,US,4817,NULL,lccrawresults,2025-09-17
SG,202509,NULL,NULL,cloudflare,US,55430,NULL,lccrawresults,2025-09-17
SG,202509,NULL,NULL,cloudflare,US,56300,NULL,lccrawresults,2025-09-17
SG,202509,NULL,NULL,cloudflare,US,63949,NULL,lccrawresults,2025-09-17
SG,202509,NULL,NULL,cloudflare,US,9506,NULL,lccrawresults,2025-09-17
SG,202509,NULL,NULL,facebook,US,14061,NULL,lccrawresults,2025-09-17
SG,202509,NULL,NULL,facebook,US,16509,NULL,lccrawresults,2025-09-17
SG,202509,NULL,NULL,facebook,US,212238,NULL,lccrawresults,2025-09-17
SG,202509,NULL,NULL,facebook,US,21859,NULL,lccrawresults,2025-09-17
SG,202509,NULL,NULL,facebook,US,30058,NULL,lccrawresults,2025-09-17
SG,202509,NULL,NULL,facebook,US,3758,NULL,lccrawresults,2025-09-17
SG,202509,NULL,NULL,facebook,US,45143,NULL,lccrawresults,2025-09-17
SG,202509,NULL,NULL,facebook,US,4657,NULL,lccrawresults,2025-09-17
SG,202509,NULL,NULL,facebook,US,4773,NULL,lccrawresults,2025-09-17
SG,202509,NULL,NULL,facebook,US,4817,NULL,lccrawresults,2025-09-17
SG,202509,NULL,NULL,facebook,US,55430,NULL,lccrawresults,2025-09-17
SG,202509,NULL,NULL,facebook,US,56300,NULL,lccrawresults,2025-09-17
SG,202509,NULL,NULL,facebook,US,63949,NULL,lccrawresults,2025-09-17
SG,202509,NULL,NULL,facebook,US,9506,NULL,lccrawresults,2025-09-17
SG,202509,NULL,NULL,fastly,US,14061,NULL,lccrawresults,2025-09-17
SG,202509,NULL,NULL,fastly,US,16509,NULL,lccrawresults,2025-09-17
SG,202509,NULL,NULL,fastly,US,212238,NULL,lccrawresults,2025-09-17
SG,202509,NULL,NULL,fastly,US,21859,NULL,lccrawresults,2025-09-17
SG,202509,NULL,NULL,fastly,US,30058,NULL,lccrawresults,2025-09-17
SG,202509,NULL,NULL,fastly,US,3758,NULL,lccrawresults,2025-09-17
SG,202509,NULL,NULL,fastly,US,45143,NULL,lccrawresults,2025-09-17
SG,202509,NULL,NULL,fastly,US,4657,NULL,lccrawresults,2025-09-17
SG,202509,NULL,NULL,fastly,US,4773,NULL,lccrawresults,2025-09-17
SG,202509,NULL,NULL,fastly,US,4817,NULL,lccrawresults,2025-09-17
SG,202509,NULL,NULL,fastly,US,55430,NULL,lccrawresults,2025-09-17
SG,202509,NULL,NULL,fastly,US,56300,NULL,lccrawresults,2025-09-17
SG,202509,NULL,NULL,fastly,US,63949,NULL,lccrawresults,2025-09-17
SG,202509,NULL,NULL,fastly,US,9506,NULL,lccrawresults,2025-09-17
SG,202509,NULL,NULL,microsoft,US,14061,NULL,lccrawresults,2025-09-17
SG,202509,NULL,NULL,microsoft,US,16509,NULL,lccrawresults,2025-09-17
SG,202509,NULL,NULL,microsoft,US,212238,NULL,lccrawresults,2025-09-17
SG,202509,NULL,NULL,microsoft,US,21859,NULL,lccrawresults,2025-09-17
SG,202509,NULL,NULL,microsoft,US,30058,NULL,lccrawresults,2025-09-17
SG,202509,NULL,NULL,microsoft,US,3758,NULL,lccrawresults,2025-09-17
SG,202509,NULL,NULL,microsoft,US,45143,NULL,lccrawresults,2025-09-17
SG,202509,NULL,NULL,microsoft,US,4657,NULL,lccrawresults,2025-09-17
SG,202509,NULL,NULL,microsoft,US,4773,NULL,lccrawresults,2025-09-17
SG,202509,NULL,NULL,microsoft,US,4817,NULL,lccrawresults,2025-09-17
SG,202509,NULL,NULL,microsoft,US,55430,NULL,lccrawresults,2025-09-17
SG,202509,NULL,NULL,microsoft,US,56300,NULL,lccrawresults,2025-09-17
SG,202509,NULL,NULL,microsoft,US,63949,NULL,lccrawresults,2025-09-17
SG,202509,NULL,NULL,microsoft,US,9506,NULL,lccrawresults,2025-09-17
SG,202510,NULL,NULL,akamai,US,14061,NULL,lccrawresults,2025-10-17
SG,202510,NULL,NULL,akamai,US,16509,NULL,lccrawresults,2025-10-17
SG,202510,NULL,NULL,akamai,US,199524,NULL,lccrawresults,2025-10-17
SG,202510,NULL,NULL,akamai,US,212238,NULL,lccrawresults,2025-10-17
SG,202510,NULL,NULL,akamai,US,21859,NULL,lccrawresults,2025-10-17
SG,202510,NULL,NULL,akamai,US,30058,NULL,lccrawresults,2025-10-17
SG,202510,NULL,NULL,akamai,US,3758,NULL,lccrawresults,2025-10-17
SG,202510,NULL,NULL,akamai,US,45143,NULL,lccrawresults,2025-10-17
SG,202510,NULL,NULL,akamai,US,4657,NULL,lccrawresults,2025-10-17
SG,202510,NULL,NULL,akamai,US,4773,NULL,lccrawresults,2025-10-17
SG,202510,NULL,NULL,akamai,US,4817,NULL,lccrawresults,2025-10-17
SG,202510,NULL,NULL,akamai,US,55430,NULL,lccrawresults,2025-10-17
SG,202510,NULL,NULL,akamai,US,56300,NULL,lccrawresults,2025-10-17
SG,202510,NULL,NULL,akamai,US,9506,NULL,lccrawresults,2025-10-17
SG,202510,NULL,NULL,alibaba,China,14061,NULL,lccrawresults,2025-10-17
SG,202510,NULL,NULL,alibaba,China,16509,NULL,lccrawresults,2025-10-17
SG,202510,NULL,NULL,alibaba,China,199524,NULL,lccrawresults,2025-10-17
SG,202510,NULL,NULL,alibaba,China,212238,NULL,lccrawresults,2025-10-17
SG,202510,NULL,NULL,alibaba,China,21859,NULL,lccrawresults,2025-10-17
SG,202510,NULL,NULL,alibaba,China,30058,NULL,lccrawresults,2025-10-17
SG,202510,NULL,NULL,alibaba,China,3758,NULL,lccrawresults,2025-10-17
SG,202510,NULL,NULL,alibaba,China,45143,NULL,lccrawresults,2025-10-17
SG,202510,NULL,NULL,alibaba,China,4657,NULL,lccrawresults,2025-10-17
SG,202510,NULL,NULL,alibaba,China,4773,NULL,lccrawresults,2025-10-17
SG,202510,NULL,NULL,alibaba,China,4817,NULL,lccrawresults,2025-10-17
SG,202510,NULL,NULL,alibaba,China,55430,NULL,lccrawresults,2025-10-17
SG,202510,NULL,NULL,alibaba,China,56300,NULL,lccrawresults,2025-10-17
SG,202510,NULL,NULL,alibaba,China,9506,NULL,lccrawresults,2025-10-17
SG,202510,NULL,NULL,amazon,US,14061,NULL,lccrawresults,2025-10-17
SG,202510,NULL,NULL,amazon,US,16509,NULL,lccrawresults,2025-10-17
SG,202510,NULL,NULL,amazon,US,199524,NULL,lccrawresults,2025-10-17
SG,202510,NULL,NULL,amazon,US,212238,NULL,lccrawresults,2025-10-17
SG,202510,NULL,NULL,amazon,US,21859,NULL,lccrawresults,2025-10-17
SG,202510,NULL,NULL,amazon,US,30058,NULL,lccrawresults,2025-10-17
SG,202510,NULL,NULL,amazon,US,3758,NULL,lccrawresults,2025-10-17
SG,202510,NULL,NULL,amazon,US,45143,NULL,lccrawresults,2025-10-17
SG,202510,NULL,NULL,amazon,US,4657,NULL,lccrawresults,2025-10-17
SG,202510,NULL,NULL,amazon,US,4773,NULL,lccrawresults,2025-10-17
SG,202510,NULL,NULL,amazon,US,4817,NULL,lccrawresults,2025-10-17
SG,202510,NULL,NULL,amazon,US,55430,NULL,lccrawresults,2025-10-17
SG,202510,NULL,NULL,amazon,US,56300,NULL,lccrawresults,2025-10-17
SG,202510,NULL,NULL,amazon,US,9506,NULL,lccrawresults,2025-10-17
SG,202510,NULL,NULL,cdn77,UK,14061,NULL,lccrawresults,2025-10-17
SG,202510,NULL,NULL,cdn77,UK,16509,NULL,lccrawresults,2025-10-17
SG,202510,NULL,NULL,cdn77,UK,199524,NULL,lccrawresults,2025-10-17
SG,202510,NULL,NULL,cdn77,UK,212238,NULL,lccrawresults,2025-10-17
SG,202510,NULL,NULL,cdn77,UK,21859,NULL,lccrawresults,2025-10-17
SG,202510,NULL,NULL,cdn77,UK,30058,NULL,lccrawresults,2025-10-17
SG,202510,NULL,NULL,cdn77,UK,3758,NULL,lccrawresults,2025-10-17
SG,202510,NULL,NULL,cdn77,UK,45143,NULL,lccrawresults,2025-10-17
SG,202510,NULL,NULL,cdn77,UK,4657,NULL,lccrawresults,2025-10-17
SG,202510,NULL,NULL,cdn77,UK,4773,NULL,lccrawresults,2025-10-17
SG,202510,NULL,NULL,cdn77,UK,4817,NULL,lccrawresults,2025-10-17
SG,202510,NULL,NULL,cdn77,UK,55430,NULL,lccrawresults,2025-10-17
SG,202510,NULL,NULL,cdn77,UK,56300,NULL,lccrawresults,2025-10-17
SG,202510,NULL,NULL,cdn77,UK,9506,NULL,lccrawresults,2025-10-17
SG,202510,NULL,NULL,cloudflare,US,14061,NULL,lccrawresults,2025-10-17
SG,202510,NULL,NULL,cloudflare,US,16509,NULL,lccrawresults,2025-10-17
SG,202510,NULL,NULL,cloudflare,US,199524,NULL,lccrawresults,2025-10-17
SG,202510,NULL,NULL,cloudflare,US,212238,NULL,lccrawresults,2025-10-17
SG,202510,NULL,NULL,cloudflare,US,21859,NULL,lccrawresults,2025-10-17
SG,202510,NULL,NULL,cloudflare,US,30058,NULL,lccrawresults,2025-10-17
SG,202510,NULL,NULL,cloudflare,US,3758,NULL,lccrawresults,2025-10-17
SG,202510,NULL,NULL,cloudflare,US,45143,NULL,lccrawresults,2025-10-17
SG,202510,NULL,NULL,cloudflare,US,4657,NULL,lccrawresults,2025-10-17
SG,202510,NULL,NULL,cloudflare,US,4773,NULL,lccrawresults,2025-10-17
SG,202510,NULL,NULL,cloudflare,US,4817,NULL,lccrawresults,2025-10-17
SG,202510,NULL,NULL,cloudflare,US,55430,NULL,lccrawresults,2025-10-17
SG,202510,NULL,NULL,cloudflare,US,56300,NULL,lccrawresults,2025-10-17
SG,202510,NULL,NULL,cloudflare,US,9506,NULL,lccrawresults,2025-10-17
SG,202510,NULL,NULL,facebook,US,14061,NULL,lccrawresults,2025-10-17
SG,202510,NULL,NULL,facebook,US,16509,NULL,lccrawresults,2025-10-17
SG,202510,NULL,NULL,facebook,US,199524,NULL,lccrawresults,2025-10-17
SG,202510,NULL,NULL,facebook,US,212238,NULL,lccrawresults,2025-10-17
SG,202510,NULL,NULL,facebook,US,21859,NULL,lccrawresults,2025-10-17
SG,202510,NULL,NULL,facebook,US,30058,NULL,lccrawresults,2025-10-17
SG,202510,NULL,NULL,facebook,US,3758,NULL,lccrawresults,2025-10-17
SG,202510,NULL,NULL,facebook,US,45143,NULL,lccrawresults,2025-10-17
SG,202510,NULL,NULL,facebook,US,4657,NULL,lccrawresults,2025-10-17
SG,202510,NULL,NULL,facebook,US,4773,NULL,lccrawresults,2025-10-17
SG,202510,NULL,NULL,facebook,US,4817,NULL,lccrawresults,2025-10-17
SG,202510,NULL,NULL,facebook,US,55430,NULL,lccrawresults,2025-10-17
SG,202510,NULL,NULL,facebook,US,56300,NULL,lccrawresults,2025-10-17
SG,202510,NULL,NULL,facebook,US,9506,NULL,lccrawresults,2025-10-17
SG,202510,NULL,NULL,fastly,US,14061,NULL,lccrawresults,2025-10-17
SG,202510,NULL,NULL,fastly,US,16509,NULL,lccrawresults,2025-10-17
SG,202510,NULL,NULL,fastly,US,199524,NULL,lccrawresults,2025-10-17
SG,202510,NULL,NULL,fastly,US,212238,NULL,lccrawresults,2025-10-17
SG,202510,NULL,NULL,fastly,US,21859,NULL,lccrawresults,2025-10-17
SG,202510,NULL,NULL,fastly,US,30058,NULL,lccrawresults,2025-10-17
SG,202510,NULL,NULL,fastly,US,3758,NULL,lccrawresults,2025-10-17
SG,202510,NULL,NULL,fastly,US,45143,NULL,lccrawresults,2025-10-17
SG,202510,NULL,NULL,fastly,US,4657,NULL,lccrawresults,2025-10-17
SG,202510,NULL,NULL,fastly,US,4773,NULL,lccrawresults,2025-10-17
SG,202510,NULL,NULL,fastly,US,4817,NULL,lccrawresults,2025-10-17
SG,202510,NULL,NULL,fastly,US,55430,NULL,lccrawresults,2025-10-17
SG,202510,NULL,NULL,fastly,US,56300,NULL,lccrawresults,2025-10-17
SG,202510,NULL,NULL,fastly,US,9506,NULL,lccrawresults,2025-10-17
SG,202510,NULL,NULL,microsoft,US,14061,NULL,lccrawresults,2025-10-17
SG,202510,NULL,NULL,microsoft,US,16509,NULL,lccrawresults,2025-10-17
SG,202510,NULL,NULL,microsoft,US,199524,NULL,lccrawresults,2025-10-17
SG,202510,NULL,NULL,microsoft,US,212238,NULL,lccrawresults,2025-10-17
SG,202510,NULL,NULL,microsoft,US,21859,NULL,lccrawresults,2025-10-17
SG,202510,NULL,NULL,microsoft,US,30058,NULL,lccrawresults,2025-10-17
SG,202510,NULL,NULL,microsoft,US,3758,NULL,lccrawresults,2025-10-17
SG,202510,NULL,NULL,microsoft,US,45143,NULL,lccrawresults,2025-10-17
SG,202510,NULL,NULL,microsoft,US,4657,NULL,lccrawresults,2025-10-17
SG,202510,NULL,NULL,microsoft,US,4773,NULL,lccrawresults,2025-10-17
SG,202510,NULL,NULL,microsoft,US,4817,NULL,lccrawresults,2025-10-17
SG,202510,NULL,NULL,microsoft,US,55430,NULL,lccrawresults,2025-10-17
SG,202510,NULL,NULL,microsoft,US,56300,NULL,lccrawresults,2025-10-17
SG,202510,NULL,NULL,microsoft,US,9506,NULL,lccrawresults,2025-10-17
SG,202511,NULL,NULL,akamai,US,136744,NULL,lccrawresults,2025-11-17
SG,202511,NULL,NULL,akamai,US,212238,NULL,lccrawresults,2025-11-17
SG,202511,NULL,NULL,akamai,US,21859,NULL,lccrawresults,2025-11-17
SG,202511,NULL,NULL,akamai,US,3758,NULL,lccrawresults,2025-11-17
SG,202511,NULL,NULL,akamai,US,45143,NULL,lccrawresults,2025-11-17
SG,202511,NULL,NULL,akamai,US,4657,NULL,lccrawresults,2025-11-17
SG,202511,NULL,NULL,akamai,US,4773,NULL,lccrawresults,2025-11-17
SG,202511,NULL,NULL,akamai,US,4817,NULL,lccrawresults,2025-11-17
SG,202511,NULL,NULL,akamai,US,55430,NULL,lccrawresults,2025-11-17
SG,202511,NULL,NULL,akamai,US,56300,NULL,lccrawresults,2025-11-17
SG,202511,NULL,NULL,akamai,US,9506,NULL,lccrawresults,2025-11-17
SG,202511,NULL,NULL,alibaba,China,136744,NULL,lccrawresults,2025-11-17
SG,202511,NULL,NULL,alibaba,China,212238,NULL,lccrawresults,2025-11-17
SG,202511,NULL,NULL,alibaba,China,21859,NULL,lccrawresults,2025-11-17
SG,202511,NULL,NULL,alibaba,China,3758,NULL,lccrawresults,2025-11-17
SG,202511,NULL,NULL,alibaba,China,45143,NULL,lccrawresults,2025-11-17
SG,202511,NULL,NULL,alibaba,China,4657,NULL,lccrawresults,2025-11-17
SG,202511,NULL,NULL,alibaba,China,4773,NULL,lccrawresults,2025-11-17
SG,202511,NULL,NULL,alibaba,China,4817,NULL,lccrawresults,2025-11-17
SG,202511,NULL,NULL,alibaba,China,55430,NULL,lccrawresults,2025-11-17
SG,202511,NULL,NULL,alibaba,China,56300,NULL,lccrawresults,2025-11-17
SG,202511,NULL,NULL,alibaba,China,9506,NULL,lccrawresults,2025-11-17
SG,202511,NULL,NULL,amazon,US,136744,NULL,lccrawresults,2025-11-17
SG,202511,NULL,NULL,amazon,US,212238,NULL,lccrawresults,2025-11-17
SG,202511,NULL,NULL,amazon,US,21859,NULL,lccrawresults,2025-11-17
SG,202511,NULL,NULL,amazon,US,3758,NULL,lccrawresults,2025-11-17
SG,202511,NULL,NULL,amazon,US,45143,NULL,lccrawresults,2025-11-17
SG,202511,NULL,NULL,amazon,US,4657,NULL,lccrawresults,2025-11-17
SG,202511,NULL,NULL,amazon,US,4773,NULL,lccrawresults,2025-11-17
SG,202511,NULL,NULL,amazon,US,4817,NULL,lccrawresults,2025-11-17
SG,202511,NULL,NULL,amazon,US,55430,NULL,lccrawresults,2025-11-17
SG,202511,NULL,NULL,amazon,US,56300,NULL,lccrawresults,2025-11-17
SG,202511,NULL,NULL,amazon,US,9506,NULL,lccrawresults,2025-11-17
SG,202511,NULL,NULL,cdn77,UK,136744,NULL,lccrawresults,2025-11-17
SG,202511,NULL,NULL,cdn77,UK,212238,NULL,lccrawresults,2025-11-17
SG,202511,NULL,NULL,cdn77,UK,21859,NULL,lccrawresults,2025-11-17
SG,202511,NULL,NULL,cdn77,UK,3758,NULL,lccrawresults,2025-11-17
SG,202511,NULL,NULL,cdn77,UK,45143,NULL,lccrawresults,2025-11-17
SG,202511,NULL,NULL,cdn77,UK,4657,NULL,lccrawresults,2025-11-17
SG,202511,NULL,NULL,cdn77,UK,4773,NULL,lccrawresults,2025-11-17
SG,202511,NULL,NULL,cdn77,UK,4817,NULL,lccrawresults,2025-11-17
SG,202511,NULL,NULL,cdn77,UK,55430,NULL,lccrawresults,2025-11-17
SG,202511,NULL,NULL,cdn77,UK,56300,NULL,lccrawresults,2025-11-17
SG,202511,NULL,NULL,cdn77,UK,9506,NULL,lccrawresults,2025-11-17
SG,202511,NULL,NULL,cloudflare,US,136744,NULL,lccrawresults,2025-11-17
SG,202511,NULL,NULL,cloudflare,US,212238,NULL,lccrawresults,2025-11-17
SG,202511,NULL,NULL,cloudflare,US,21859,NULL,lccrawresults,2025-11-17
SG,202511,NULL,NULL,cloudflare,US,3758,NULL,lccrawresults,2025-11-17
SG,202511,NULL,NULL,cloudflare,US,45143,NULL,lccrawresults,2025-11-17
SG,202511,NULL,NULL,cloudflare,US,4657,NULL,lccrawresults,2025-11-17
SG,202511,NULL,NULL,cloudflare,US,4773,NULL,lccrawresults,2025-11-17
SG,202511,NULL,NULL,cloudflare,US,4817,NULL,lccrawresults,2025-11-17
SG,202511,NULL,NULL,cloudflare,US,55430,NULL,lccrawresults,2025-11-17
SG,202511,NULL,NULL,cloudflare,US,56300,NULL,lccrawresults,2025-11-17
SG,202511,NULL,NULL,cloudflare,US,9506,NULL,lccrawresults,2025-11-17
SG,202511,NULL,NULL,facebook,US,136744,NULL,lccrawresults,2025-11-17
SG,202511,NULL,NULL,facebook,US,212238,NULL,lccrawresults,2025-11-17
SG,202511,NULL,NULL,facebook,US,21859,NULL,lccrawresults,2025-11-17
SG,202511,NULL,NULL,facebook,US,3758,NULL,lccrawresults,2025-11-17
SG,202511,NULL,NULL,facebook,US,45143,NULL,lccrawresults,2025-11-17
SG,202511,NULL,NULL,facebook,US,4657,NULL,lccrawresults,2025-11-17
SG,202511,NULL,NULL,facebook,US,4773,NULL,lccrawresults,2025-11-17
SG,202511,NULL,NULL,facebook,US,4817,NULL,lccrawresults,2025-11-17
SG,202511,NULL,NULL,facebook,US,55430,NULL,lccrawresults,2025-11-17
SG,202511,NULL,NULL,facebook,US,56300,NULL,lccrawresults,2025-11-17
SG,202511,NULL,NULL,facebook,US,9506,NULL,lccrawresults,2025-11-17
SG,202511,NULL,NULL,fastly,US,136744,NULL,lccrawresults,2025-11-17
SG,202511,NULL,NULL,fastly,US,212238,NULL,lccrawresults,2025-11-17
SG,202511,NULL,NULL,fastly,US,21859,NULL,lccrawresults,2025-11-17
SG,202511,NULL,NULL,fastly,US,3758,NULL,lccrawresults,2025-11-17
SG,202511,NULL,NULL,fastly,US,45143,NULL,lccrawresults,2025-11-17
SG,202511,NULL,NULL,fastly,US,4657,NULL,lccrawresults,2025-11-17
SG,202511,NULL,NULL,fastly,US,4773,NULL,lccrawresults,2025-11-17
SG,202511,NULL,NULL,fastly,US,4817,NULL,lccrawresults,2025-11-17
SG,202511,NULL,NULL,fastly,US,55430,NULL,lccrawresults,2025-11-17
SG,202511,NULL,NULL,fastly,US,56300,NULL,lccrawresults,2025-11-17
SG,202511,NULL,NULL,fastly,US,9506,NULL,lccrawresults,2025-11-17
SG,202511,NULL,NULL,microsoft,US,136744,NULL,lccrawresults,2025-11-17
SG,202511,NULL,NULL,microsoft,US,212238,NULL,lccrawresults,2025-11-17
SG,202511,NULL,NULL,microsoft,US,21859,NULL,lccrawresults,2025-11-17
SG,202511,NULL,NULL,microsoft,US,3758,NULL,lccrawresults,2025-11-17
SG,202511,NULL,NULL,microsoft,US,45143,NULL,lccrawresults,2025-11-17
SG,202511,NULL,NULL,microsoft,US,4657,NULL,lccrawresults,2025-11-17
SG,202511,NULL,NULL,microsoft,US,4773,NULL,lccrawresults,2025-11-17
SG,202511,NULL,NULL,microsoft,US,4817,NULL,lccrawresults,2025-11-17
SG,202511,NULL,NULL,microsoft,US,55430,NULL,lccrawresults,2025-11-17
SG,202511,NULL,NULL,microsoft,US,56300,NULL,lccrawresults,2025-11-17
SG,202511,NULL,NULL,microsoft,US,9506,NULL,lccrawresults,2025-11-17
SG,202511,NULL,NULL,netflix,US,136744,NULL,lccrawresults,2025-11-17
SG,202511,NULL,NULL,netflix,US,212238,NULL,lccrawresults,2025-11-17
SG,202511,NULL,NULL,netflix,US,21859,NULL,lccrawresults,2025-11-17
SG,202511,NULL,NULL,netflix,US,3758,NULL,lccrawresults,2025-11-17
SG,202511,NULL,NULL,netflix,US,45143,NULL,lccrawresults,2025-11-17
SG,202511,NULL,NULL,netflix,US,4657,NULL,lccrawresults,2025-11-17
SG,202511,NULL,NULL,netflix,US,4773,NULL,lccrawresults,2025-11-17
SG,202511,NULL,NULL,netflix,US,4817,NULL,lccrawresults,2025-11-17
SG,202511,NULL,NULL,netflix,US,55430,NULL,lccrawresults,2025-11-17
SG,202511,NULL,NULL,netflix,US,56300,NULL,lccrawresults,2025-11-17
SG,202511,NULL,NULL,netflix,US,9506,NULL,lccrawresults,2025-11-17
SG,202512,NULL,NULL,akamai,US,136744,NULL,lccrawresults,2025-12-17
SG,202512,NULL,NULL,akamai,US,16509,NULL,lccrawresults,2025-12-17
SG,202512,NULL,NULL,akamai,US,21859,NULL,lccrawresults,2025-12-17
SG,202512,NULL,NULL,akamai,US,30058,NULL,lccrawresults,2025-12-17
SG,202512,NULL,NULL,akamai,US,3758,NULL,lccrawresults,2025-12-17
SG,202512,NULL,NULL,akamai,US,45143,NULL,lccrawresults,2025-12-17
SG,202512,NULL,NULL,akamai,US,4657,NULL,lccrawresults,2025-12-17
SG,202512,NULL,NULL,akamai,US,4773,NULL,lccrawresults,2025-12-17
SG,202512,NULL,NULL,akamai,US,4817,NULL,lccrawresults,2025-12-17
SG,202512,NULL,NULL,akamai,US,55430,NULL,lccrawresults,2025-12-17
SG,202512,NULL,NULL,akamai,US,56300,NULL,lccrawresults,2025-12-17
SG,202512,NULL,NULL,akamai,US,9506,NULL,lccrawresults,2025-12-17
SG,202512,NULL,NULL,alibaba,China,136744,NULL,lccrawresults,2025-12-17
SG,202512,NULL,NULL,alibaba,China,16509,NULL,lccrawresults,2025-12-17
SG,202512,NULL,NULL,alibaba,China,21859,NULL,lccrawresults,2025-12-17
SG,202512,NULL,NULL,alibaba,China,30058,NULL,lccrawresults,2025-12-17
SG,202512,NULL,NULL,alibaba,China,3758,NULL,lccrawresults,2025-12-17
SG,202512,NULL,NULL,alibaba,China,45143,NULL,lccrawresults,2025-12-17
SG,202512,NULL,NULL,alibaba,China,4657,NULL,lccrawresults,2025-12-17
SG,202512,NULL,NULL,alibaba,China,4773,NULL,lccrawresults,2025-12-17
SG,202512,NULL,NULL,alibaba,China,4817,NULL,lccrawresults,2025-12-17
SG,202512,NULL,NULL,alibaba,China,55430,NULL,lccrawresults,2025-12-17
SG,202512,NULL,NULL,alibaba,China,56300,NULL,lccrawresults,2025-12-17
SG,202512,NULL,NULL,alibaba,China,9506,NULL,lccrawresults,2025-12-17
SG,202512,NULL,NULL,amazon,US,136744,NULL,lccrawresults,2025-12-17
SG,202512,NULL,NULL,amazon,US,16509,NULL,lccrawresults,2025-12-17
SG,202512,NULL,NULL,amazon,US,21859,NULL,lccrawresults,2025-12-17
SG,202512,NULL,NULL,amazon,US,30058,NULL,lccrawresults,2025-12-17
SG,202512,NULL,NULL,amazon,US,3758,NULL,lccrawresults,2025-12-17
SG,202512,NULL,NULL,amazon,US,45143,NULL,lccrawresults,2025-12-17
SG,202512,NULL,NULL,amazon,US,4657,NULL,lccrawresults,2025-12-17
SG,202512,NULL,NULL,amazon,US,4773,NULL,lccrawresults,2025-12-17
SG,202512,NULL,NULL,amazon,US,4817,NULL,lccrawresults,2025-12-17
SG,202512,NULL,NULL,amazon,US,55430,NULL,lccrawresults,2025-12-17
SG,202512,NULL,NULL,amazon,US,56300,NULL,lccrawresults,2025-12-17
SG,202512,NULL,NULL,amazon,US,9506,NULL,lccrawresults,2025-12-17
SG,202512,NULL,NULL,cdn77,UK,136744,NULL,lccrawresults,2025-12-17
SG,202512,NULL,NULL,cdn77,UK,16509,NULL,lccrawresults,2025-12-17
SG,202512,NULL,NULL,cdn77,UK,21859,NULL,lccrawresults,2025-12-17
SG,202512,NULL,NULL,cdn77,UK,30058,NULL,lccrawresults,2025-12-17
SG,202512,NULL,NULL,cdn77,UK,3758,NULL,lccrawresults,2025-12-17
SG,202512,NULL,NULL,cdn77,UK,45143,NULL,lccrawresults,2025-12-17
SG,202512,NULL,NULL,cdn77,UK,4657,NULL,lccrawresults,2025-12-17
SG,202512,NULL,NULL,cdn77,UK,4773,NULL,lccrawresults,2025-12-17
SG,202512,NULL,NULL,cdn77,UK,4817,NULL,lccrawresults,2025-12-17
SG,202512,NULL,NULL,cdn77,UK,55430,NULL,lccrawresults,2025-12-17
SG,202512,NULL,NULL,cdn77,UK,56300,NULL,lccrawresults,2025-12-17
SG,202512,NULL,NULL,cdn77,UK,9506,NULL,lccrawresults,2025-12-17
SG,202512,NULL,NULL,cloudflare,US,136744,NULL,lccrawresults,2025-12-17
SG,202512,NULL,NULL,cloudflare,US,16509,NULL,lccrawresults,2025-12-17
SG,202512,NULL,NULL,cloudflare,US,21859,NULL,lccrawresults,2025-12-17
SG,202512,NULL,NULL,cloudflare,US,30058,NULL,lccrawresults,2025-12-17
SG,202512,NULL,NULL,cloudflare,US,3758,NULL,lccrawresults,2025-12-17
SG,202512,NULL,NULL,cloudflare,US,45143,NULL,lccrawresults,2025-12-17
SG,202512,NULL,NULL,cloudflare,US,4657,NULL,lccrawresults,2025-12-17
SG,202512,NULL,NULL,cloudflare,US,4773,NULL,lccrawresults,2025-12-17
SG,202512,NULL,NULL,cloudflare,US,4817,NULL,lccrawresults,2025-12-17
SG,202512,NULL,NULL,cloudflare,US,55430,NULL,lccrawresults,2025-12-17
SG,202512,NULL,NULL,cloudflare,US,56300,NULL,lccrawresults,2025-12-17
SG,202512,NULL,NULL,cloudflare,US,9506,NULL,lccrawresults,2025-12-17
SG,202512,NULL,NULL,facebook,US,136744,NULL,lccrawresults,2025-12-17
SG,202512,NULL,NULL,facebook,US,16509,NULL,lccrawresults,2025-12-17
SG,202512,NULL,NULL,facebook,US,21859,NULL,lccrawresults,2025-12-17
SG,202512,NULL,NULL,facebook,US,30058,NULL,lccrawresults,2025-12-17
SG,202512,NULL,NULL,facebook,US,3758,NULL,lccrawresults,2025-12-17
SG,202512,NULL,NULL,facebook,US,45143,NULL,lccrawresults,2025-12-17
SG,202512,NULL,NULL,facebook,US,4657,NULL,lccrawresults,2025-12-17
SG,202512,NULL,NULL,facebook,US,4773,NULL,lccrawresults,2025-12-17
SG,202512,NULL,NULL,facebook,US,4817,NULL,lccrawresults,2025-12-17
SG,202512,NULL,NULL,facebook,US,55430,NULL,lccrawresults,2025-12-17
SG,202512,NULL,NULL,facebook,US,56300,NULL,lccrawresults,2025-12-17
SG,202512,NULL,NULL,facebook,US,9506,NULL,lccrawresults,2025-12-17
SG,202512,NULL,NULL,fastly,US,136744,NULL,lccrawresults,2025-12-17
SG,202512,NULL,NULL,fastly,US,21859,NULL,lccrawresults,2025-12-17
SG,202512,NULL,NULL,fastly,US,30058,NULL,lccrawresults,2025-12-17
SG,202512,NULL,NULL,fastly,US,3758,NULL,lccrawresults,2025-12-17
SG,202512,NULL,NULL,fastly,US,45143,NULL,lccrawresults,2025-12-17
SG,202512,NULL,NULL,fastly,US,4657,NULL,lccrawresults,2025-12-17
SG,202512,NULL,NULL,fastly,US,4773,NULL,lccrawresults,2025-12-17
SG,202512,NULL,NULL,fastly,US,4817,NULL,lccrawresults,2025-12-17
SG,202512,NULL,NULL,fastly,US,55430,NULL,lccrawresults,2025-12-17
SG,202512,NULL,NULL,fastly,US,56300,NULL,lccrawresults,2025-12-17
SG,202512,NULL,NULL,fastly,US,9506,NULL,lccrawresults,2025-12-17
SG,202512,NULL,NULL,microsoft,US,136744,NULL,lccrawresults,2025-12-17
SG,202512,NULL,NULL,microsoft,US,16509,NULL,lccrawresults,2025-12-17
SG,202512,NULL,NULL,microsoft,US,21859,NULL,lccrawresults,2025-12-17
SG,202512,NULL,NULL,microsoft,US,30058,NULL,lccrawresults,2025-12-17
SG,202512,NULL,NULL,microsoft,US,3758,NULL,lccrawresults,2025-12-17
SG,202512,NULL,NULL,microsoft,US,45143,NULL,lccrawresults,2025-12-17
SG,202512,NULL,NULL,microsoft,US,4657,NULL,lccrawresults,2025-12-17
SG,202512,NULL,NULL,microsoft,US,4773,NULL,lccrawresults,2025-12-17
SG,202512,NULL,NULL,microsoft,US,4817,NULL,lccrawresults,2025-12-17
SG,202512,NULL,NULL,microsoft,US,55430,NULL,lccrawresults,2025-12-17
SG,202512,NULL,NULL,microsoft,US,56300,NULL,lccrawresults,2025-12-17
SG,202512,NULL,NULL,microsoft,US,9506,NULL,lccrawresults,2025-12-17
SG,202601,NULL,NULL,akamai,US,18106,NULL,lccrawresults,2026-01-17
SG,202601,NULL,NULL,akamai,US,212238,NULL,lccrawresults,2026-01-17
SG,202601,NULL,NULL,akamai,US,21859,NULL,lccrawresults,2026-01-17
SG,202601,NULL,NULL,akamai,US,3758,NULL,lccrawresults,2026-01-17
SG,202601,NULL,NULL,akamai,US,45143,NULL,lccrawresults,2026-01-17
SG,202601,NULL,NULL,akamai,US,4657,NULL,lccrawresults,2026-01-17
SG,202601,NULL,NULL,akamai,US,4773,NULL,lccrawresults,2026-01-17
SG,202601,NULL,NULL,akamai,US,4817,NULL,lccrawresults,2026-01-17
SG,202601,NULL,NULL,akamai,US,55430,NULL,lccrawresults,2026-01-17
SG,202601,NULL,NULL,akamai,US,56300,NULL,lccrawresults,2026-01-17
SG,202601,NULL,NULL,akamai,US,9506,NULL,lccrawresults,2026-01-17
SG,202601,NULL,NULL,alibaba,China,18106,NULL,lccrawresults,2026-01-17
SG,202601,NULL,NULL,alibaba,China,212238,NULL,lccrawresults,2026-01-17
SG,202601,NULL,NULL,alibaba,China,21859,NULL,lccrawresults,2026-01-17
SG,202601,NULL,NULL,alibaba,China,3758,NULL,lccrawresults,2026-01-17
SG,202601,NULL,NULL,alibaba,China,45143,NULL,lccrawresults,2026-01-17
SG,202601,NULL,NULL,alibaba,China,4657,NULL,lccrawresults,2026-01-17
SG,202601,NULL,NULL,alibaba,China,4773,NULL,lccrawresults,2026-01-17
SG,202601,NULL,NULL,alibaba,China,4817,NULL,lccrawresults,2026-01-17
SG,202601,NULL,NULL,alibaba,China,55430,NULL,lccrawresults,2026-01-17
SG,202601,NULL,NULL,alibaba,China,56300,NULL,lccrawresults,2026-01-17
SG,202601,NULL,NULL,alibaba,China,9506,NULL,lccrawresults,2026-01-17
SG,202601,NULL,NULL,amazon,US,18106,NULL,lccrawresults,2026-01-17
SG,202601,NULL,NULL,amazon,US,212238,NULL,lccrawresults,2026-01-17
SG,202601,NULL,NULL,amazon,US,21859,NULL,lccrawresults,2026-01-17
SG,202601,NULL,NULL,amazon,US,3758,NULL,lccrawresults,2026-01-17
SG,202601,NULL,NULL,amazon,US,45143,NULL,lccrawresults,2026-01-17
SG,202601,NULL,NULL,amazon,US,4657,NULL,lccrawresults,2026-01-17
SG,202601,NULL,NULL,amazon,US,4773,NULL,lccrawresults,2026-01-17
SG,202601,NULL,NULL,amazon,US,4817,NULL,lccrawresults,2026-01-17
SG,202601,NULL,NULL,amazon,US,55430,NULL,lccrawresults,2026-01-17
SG,202601,NULL,NULL,amazon,US,56300,NULL,lccrawresults,2026-01-17
SG,202601,NULL,NULL,amazon,US,9506,NULL,lccrawresults,2026-01-17
SG,202601,NULL,NULL,cdn77,UK,18106,NULL,lccrawresults,2026-01-17
SG,202601,NULL,NULL,cdn77,UK,212238,NULL,lccrawresults,2026-01-17
SG,202601,NULL,NULL,cdn77,UK,21859,NULL,lccrawresults,2026-01-17
SG,202601,NULL,NULL,cdn77,UK,3758,NULL,lccrawresults,2026-01-17
SG,202601,NULL,NULL,cdn77,UK,45143,NULL,lccrawresults,2026-01-17
SG,202601,NULL,NULL,cdn77,UK,4657,NULL,lccrawresults,2026-01-17
SG,202601,NULL,NULL,cdn77,UK,4773,NULL,lccrawresults,2026-01-17
SG,202601,NULL,NULL,cdn77,UK,4817,NULL,lccrawresults,2026-01-17
SG,202601,NULL,NULL,cdn77,UK,55430,NULL,lccrawresults,2026-01-17
SG,202601,NULL,NULL,cdn77,UK,56300,NULL,lccrawresults,2026-01-17
SG,202601,NULL,NULL,cdn77,UK,9506,NULL,lccrawresults,2026-01-17
SG,202601,NULL,NULL,cloudflare,US,18106,NULL,lccrawresults,2026-01-17
SG,202601,NULL,NULL,cloudflare,US,212238,NULL,lccrawresults,2026-01-17
SG,202601,NULL,NULL,cloudflare,US,21859,NULL,lccrawresults,2026-01-17
SG,202601,NULL,NULL,cloudflare,US,3758,NULL,lccrawresults,2026-01-17
SG,202601,NULL,NULL,cloudflare,US,45143,NULL,lccrawresults,2026-01-17
SG,202601,NULL,NULL,cloudflare,US,4657,NULL,lccrawresults,2026-01-17
SG,202601,NULL,NULL,cloudflare,US,4773,NULL,lccrawresults,2026-01-17
SG,202601,NULL,NULL,cloudflare,US,4817,NULL,lccrawresults,2026-01-17
SG,202601,NULL,NULL,cloudflare,US,55430,NULL,lccrawresults,2026-01-17
SG,202601,NULL,NULL,cloudflare,US,56300,NULL,lccrawresults,2026-01-17
SG,202601,NULL,NULL,cloudflare,US,9506,NULL,lccrawresults,2026-01-17
SG,202601,NULL,NULL,facebook,US,18106,NULL,lccrawresults,2026-01-17
SG,202601,NULL,NULL,facebook,US,212238,NULL,lccrawresults,2026-01-17
SG,202601,NULL,NULL,facebook,US,21859,NULL,lccrawresults,2026-01-17
SG,202601,NULL,NULL,facebook,US,3758,NULL,lccrawresults,2026-01-17
SG,202601,NULL,NULL,facebook,US,45143,NULL,lccrawresults,2026-01-17
SG,202601,NULL,NULL,facebook,US,4657,NULL,lccrawresults,2026-01-17
SG,202601,NULL,NULL,facebook,US,4773,NULL,lccrawresults,2026-01-17
SG,202601,NULL,NULL,facebook,US,4817,NULL,lccrawresults,2026-01-17
SG,202601,NULL,NULL,facebook,US,55430,NULL,lccrawresults,2026-01-17
SG,202601,NULL,NULL,facebook,US,56300,NULL,lccrawresults,2026-01-17
SG,202601,NULL,NULL,facebook,US,9506,NULL,lccrawresults,2026-01-17
SG,202601,NULL,NULL,fastly,US,18106,NULL,lccrawresults,2026-01-17
SG,202601,NULL,NULL,fastly,US,212238,NULL,lccrawresults,2026-01-17
SG,202601,NULL,NULL,fastly,US,21859,NULL,lccrawresults,2026-01-17
SG,202601,NULL,NULL,fastly,US,3758,NULL,lccrawresults,2026-01-17
SG,202601,NULL,NULL,fastly,US,45143,NULL,lccrawresults,2026-01-17
SG,202601,NULL,NULL,fastly,US,4657,NULL,lccrawresults,2026-01-17
SG,202601,NULL,NULL,fastly,US,4773,NULL,lccrawresults,2026-01-17
SG,202601,NULL,NULL,fastly,US,4817,NULL,lccrawresults,2026-01-17
SG,202601,NULL,NULL,fastly,US,55430,NULL,lccrawresults,2026-01-17
SG,202601,NULL,NULL,fastly,US,56300,NULL,lccrawresults,2026-01-17
SG,202601,NULL,NULL,fastly,US,9506,NULL,lccrawresults,2026-01-17
SG,202601,NULL,NULL,microsoft,US,18106,NULL,lccrawresults,2026-01-17
SG,202601,NULL,NULL,microsoft,US,212238,NULL,lccrawresults,2026-01-17
SG,202601,NULL,NULL,microsoft,US,21859,NULL,lccrawresults,2026-01-17
SG,202601,NULL,NULL,microsoft,US,3758,NULL,lccrawresults,2026-01-17
SG,202601,NULL,NULL,microsoft,US,45143,NULL,lccrawresults,2026-01-17
SG,202601,NULL,NULL,microsoft,US,4657,NULL,lccrawresults,2026-01-17
SG,202601,NULL,NULL,microsoft,US,4773,NULL,lccrawresults,2026-01-17
SG,202601,NULL,NULL,microsoft,US,4817,NULL,lccrawresults,2026-01-17
SG,202601,NULL,NULL,microsoft,US,55430,NULL,lccrawresults,2026-01-17
SG,202601,NULL,NULL,microsoft,US,56300,NULL,lccrawresults,2026-01-17
SG,202601,NULL,NULL,microsoft,US,9506,NULL,lccrawresults,2026-01-17
TH,202406,NULL,NULL,akamai,US,131445,NULL,lccrawresults,2024-06-02
TH,202406,NULL,NULL,akamai,US,131445,NULL,lccrawresults,2024-06-18
TH,202406,NULL,NULL,akamai,US,132061,NULL,lccrawresults,2024-06-02
TH,202406,NULL,NULL,akamai,US,132061,NULL,lccrawresults,2024-06-18
TH,202406,NULL,NULL,akamai,US,132618,NULL,lccrawresults,2024-06-02
TH,202406,NULL,NULL,akamai,US,132618,NULL,lccrawresults,2024-06-18
TH,202406,NULL,NULL,akamai,US,133481,NULL,lccrawresults,2024-06-02
TH,202406,NULL,NULL,akamai,US,133481,NULL,lccrawresults,2024-06-18
TH,202406,NULL,NULL,akamai,US,17552,NULL,lccrawresults,2024-06-02
TH,202406,NULL,NULL,akamai,US,17552,NULL,lccrawresults,2024-06-18
TH,202406,NULL,NULL,akamai,US,23969,NULL,lccrawresults,2024-06-02
TH,202406,NULL,NULL,akamai,US,23969,NULL,lccrawresults,2024-06-18
TH,202406,NULL,NULL,akamai,US,24378,NULL,lccrawresults,2024-06-02
TH,202406,NULL,NULL,akamai,US,24378,NULL,lccrawresults,2024-06-18
TH,202406,NULL,NULL,akamai,US,45629,NULL,lccrawresults,2024-06-02
TH,202406,NULL,NULL,akamai,US,45629,NULL,lccrawresults,2024-06-18
TH,202406,NULL,NULL,alibaba,China,132061,NULL,lccrawresults,2024-06-18
TH,202406,NULL,NULL,alibaba,China,132618,NULL,lccrawresults,2024-06-18
TH,202406,NULL,NULL,alibaba,China,133481,NULL,lccrawresults,2024-06-18
TH,202406,NULL,NULL,alibaba,China,23969,NULL,lccrawresults,2024-06-18
TH,202406,NULL,NULL,alibaba,China,24378,NULL,lccrawresults,2024-06-18
TH,202406,NULL,NULL,alibaba,China,45629,NULL,lccrawresults,2024-06-18
TH,202406,NULL,NULL,amazon,US,132061,NULL,lccrawresults,2024-06-18
TH,202406,NULL,NULL,amazon,US,132618,NULL,lccrawresults,2024-06-18
TH,202406,NULL,NULL,amazon,US,133481,NULL,lccrawresults,2024-06-18
TH,202406,NULL,NULL,amazon,US,17552,NULL,lccrawresults,2024-06-18
TH,202406,NULL,NULL,amazon,US,23969,NULL,lccrawresults,2024-06-18
TH,202406,NULL,NULL,amazon,US,24378,NULL,lccrawresults,2024-06-18
TH,202406,NULL,NULL,amazon,US,45629,NULL,lccrawresults,2024-06-18
TH,202406,NULL,NULL,bunnycdn,Slovenia,131445,NULL,lccrawresults,2024-06-02
TH,202406,NULL,NULL,bunnycdn,Slovenia,131445,NULL,lccrawresults,2024-06-18
TH,202406,NULL,NULL,bunnycdn,Slovenia,132061,NULL,lccrawresults,2024-06-02
TH,202406,NULL,NULL,bunnycdn,Slovenia,132618,NULL,lccrawresults,2024-06-02
TH,202406,NULL,NULL,bunnycdn,Slovenia,132618,NULL,lccrawresults,2024-06-18
TH,202406,NULL,NULL,bunnycdn,Slovenia,133481,NULL,lccrawresults,2024-06-02
TH,202406,NULL,NULL,bunnycdn,Slovenia,133481,NULL,lccrawresults,2024-06-18
TH,202406,NULL,NULL,bunnycdn,Slovenia,17552,NULL,lccrawresults,2024-06-02
TH,202406,NULL,NULL,bunnycdn,Slovenia,17552,NULL,lccrawresults,2024-06-18
TH,202406,NULL,NULL,bunnycdn,Slovenia,23969,NULL,lccrawresults,2024-06-02
TH,202406,NULL,NULL,bunnycdn,Slovenia,23969,NULL,lccrawresults,2024-06-18
TH,202406,NULL,NULL,bunnycdn,Slovenia,24378,NULL,lccrawresults,2024-06-02
TH,202406,NULL,NULL,bunnycdn,Slovenia,24378,NULL,lccrawresults,2024-06-18
TH,202406,NULL,NULL,bunnycdn,Slovenia,45629,NULL,lccrawresults,2024-06-18
TH,202406,NULL,NULL,cdn77,UK,131445,NULL,lccrawresults,2024-06-18
TH,202406,NULL,NULL,cdn77,UK,132061,NULL,lccrawresults,2024-06-18
TH,202406,NULL,NULL,cdn77,UK,132618,NULL,lccrawresults,2024-06-18
TH,202406,NULL,NULL,cdn77,UK,133481,NULL,lccrawresults,2024-06-18
TH,202406,NULL,NULL,cdn77,UK,17552,NULL,lccrawresults,2024-06-18
TH,202406,NULL,NULL,cdn77,UK,23969,NULL,lccrawresults,2024-06-18
TH,202406,NULL,NULL,cdn77,UK,24378,NULL,lccrawresults,2024-06-18
TH,202406,NULL,NULL,cloudflare,US,131445,NULL,lccrawresults,2024-06-02
TH,202406,NULL,NULL,cloudflare,US,131445,NULL,lccrawresults,2024-06-18
TH,202406,NULL,NULL,cloudflare,US,132061,NULL,lccrawresults,2024-06-02
TH,202406,NULL,NULL,cloudflare,US,132061,NULL,lccrawresults,2024-06-18
TH,202406,NULL,NULL,cloudflare,US,132618,NULL,lccrawresults,2024-06-02
TH,202406,NULL,NULL,cloudflare,US,132618,NULL,lccrawresults,2024-06-18
TH,202406,NULL,NULL,cloudflare,US,133481,NULL,lccrawresults,2024-06-02
TH,202406,NULL,NULL,cloudflare,US,133481,NULL,lccrawresults,2024-06-18
TH,202406,NULL,NULL,cloudflare,US,17552,NULL,lccrawresults,2024-06-02
TH,202406,NULL,NULL,cloudflare,US,17552,NULL,lccrawresults,2024-06-18
TH,202406,NULL,NULL,cloudflare,US,23969,NULL,lccrawresults,2024-06-02
TH,202406,NULL,NULL,cloudflare,US,23969,NULL,lccrawresults,2024-06-18
TH,202406,NULL,NULL,cloudflare,US,24378,NULL,lccrawresults,2024-06-02
TH,202406,NULL,NULL,cloudflare,US,45629,NULL,lccrawresults,2024-06-18
TH,202406,NULL,NULL,cloudfront,US,131445,NULL,lccrawresults,2024-06-02
TH,202406,NULL,NULL,cloudfront,US,132061,NULL,lccrawresults,2024-06-02
TH,202406,NULL,NULL,cloudfront,US,132618,NULL,lccrawresults,2024-06-02
TH,202406,NULL,NULL,cloudfront,US,133481,NULL,lccrawresults,2024-06-02
TH,202406,NULL,NULL,cloudfront,US,17552,NULL,lccrawresults,2024-06-02
TH,202406,NULL,NULL,cloudfront,US,23969,NULL,lccrawresults,2024-06-02
TH,202406,NULL,NULL,cloudfront,US,24378,NULL,lccrawresults,2024-06-02
TH,202406,NULL,NULL,facebook,US,131445,NULL,lccrawresults,2024-06-02
TH,202406,NULL,NULL,facebook,US,131445,NULL,lccrawresults,2024-06-18
TH,202406,NULL,NULL,facebook,US,132061,NULL,lccrawresults,2024-06-02
TH,202406,NULL,NULL,facebook,US,132061,NULL,lccrawresults,2024-06-18
TH,202406,NULL,NULL,facebook,US,132618,NULL,lccrawresults,2024-06-02
TH,202406,NULL,NULL,facebook,US,132618,NULL,lccrawresults,2024-06-18
TH,202406,NULL,NULL,facebook,US,133481,NULL,lccrawresults,2024-06-02
TH,202406,NULL,NULL,facebook,US,133481,NULL,lccrawresults,2024-06-18
TH,202406,NULL,NULL,facebook,US,17552,NULL,lccrawresults,2024-06-02
TH,202406,NULL,NULL,facebook,US,17552,NULL,lccrawresults,2024-06-18
TH,202406,NULL,NULL,facebook,US,23969,NULL,lccrawresults,2024-06-02
TH,202406,NULL,NULL,facebook,US,23969,NULL,lccrawresults,2024-06-18
TH,202406,NULL,NULL,facebook,US,24378,NULL,lccrawresults,2024-06-02
TH,202406,NULL,NULL,facebook,US,24378,NULL,lccrawresults,2024-06-18
TH,202406,NULL,NULL,facebook,US,45629,NULL,lccrawresults,2024-06-18
TH,202406,NULL,NULL,fastly,US,131445,NULL,lccrawresults,2024-06-02
TH,202406,NULL,NULL,fastly,US,132061,NULL,lccrawresults,2024-06-02
TH,202406,NULL,NULL,fastly,US,132061,NULL,lccrawresults,2024-06-18
TH,202406,NULL,NULL,fastly,US,132618,NULL,lccrawresults,2024-06-02
TH,202406,NULL,NULL,fastly,US,132618,NULL,lccrawresults,2024-06-18
TH,202406,NULL,NULL,fastly,US,133481,NULL,lccrawresults,2024-06-02
TH,202406,NULL,NULL,fastly,US,133481,NULL,lccrawresults,2024-06-18
TH,202406,NULL,NULL,fastly,US,17552,NULL,lccrawresults,2024-06-02
TH,202406,NULL,NULL,fastly,US,17552,NULL,lccrawresults,2024-06-18
TH,202406,NULL,NULL,fastly,US,23969,NULL,lccrawresults,2024-06-02
TH,202406,NULL,NULL,fastly,US,23969,NULL,lccrawresults,2024-06-18
TH,202406,NULL,NULL,fastly,US,24378,NULL,lccrawresults,2024-06-02
TH,202406,NULL,NULL,fastly,US,24378,NULL,lccrawresults,2024-06-18
TH,202406,NULL,NULL,fastly,US,45629,NULL,lccrawresults,2024-06-18
TH,202406,NULL,NULL,microsoft,US,131445,NULL,lccrawresults,2024-06-18
TH,202406,NULL,NULL,microsoft,US,132061,NULL,lccrawresults,2024-06-18
TH,202406,NULL,NULL,microsoft,US,132618,NULL,lccrawresults,2024-06-18
TH,202406,NULL,NULL,microsoft,US,133481,NULL,lccrawresults,2024-06-18
TH,202406,NULL,NULL,microsoft,US,17552,NULL,lccrawresults,2024-06-18
TH,202406,NULL,NULL,microsoft,US,23969,NULL,lccrawresults,2024-06-18
TH,202406,NULL,NULL,microsoft,US,24378,NULL,lccrawresults,2024-06-18
TH,202406,NULL,NULL,microsoft,US,45629,NULL,lccrawresults,2024-06-18
TH,202408,NULL,NULL,akamai,US,132618,NULL,lccrawresults,2024-08-08
TH,202408,NULL,NULL,akamai,US,132618,NULL,lccrawresults,2024-08-20
TH,202408,NULL,NULL,alibaba,China,132618,NULL,lccrawresults,2024-08-08
TH,202408,NULL,NULL,alibaba,China,132618,NULL,lccrawresults,2024-08-20
TH,202408,NULL,NULL,amazon,US,132618,NULL,lccrawresults,2024-08-08
TH,202408,NULL,NULL,amazon,US,132618,NULL,lccrawresults,2024-08-20
TH,202408,NULL,NULL,bunnycdn,Slovenia,132618,NULL,lccrawresults,2024-08-08
TH,202408,NULL,NULL,bunnycdn,Slovenia,132618,NULL,lccrawresults,2024-08-20
TH,202408,NULL,NULL,cdn77,UK,132618,NULL,lccrawresults,2024-08-08
TH,202408,NULL,NULL,cdn77,UK,132618,NULL,lccrawresults,2024-08-20
TH,202408,NULL,NULL,cloudflare,US,132618,NULL,lccrawresults,2024-08-08
TH,202408,NULL,NULL,cloudflare,US,132618,NULL,lccrawresults,2024-08-20
TH,202408,NULL,NULL,facebook,US,132618,NULL,lccrawresults,2024-08-08
TH,202408,NULL,NULL,facebook,US,132618,NULL,lccrawresults,2024-08-20
TH,202408,NULL,NULL,fastly,US,132618,NULL,lccrawresults,2024-08-08
TH,202408,NULL,NULL,fastly,US,132618,NULL,lccrawresults,2024-08-20
TH,202408,NULL,NULL,microsoft,US,132618,NULL,lccrawresults,2024-08-08
TH,202408,NULL,NULL,microsoft,US,132618,NULL,lccrawresults,2024-08-20
TH,202409,NULL,NULL,akamai,US,132618,NULL,lccrawresults,2024-09-18
TH,202409,NULL,NULL,akamai,US,132618,NULL,lccrawresults,2024-09-16
TH,202409,NULL,NULL,alibaba,China,132618,NULL,lccrawresults,2024-09-18
TH,202409,NULL,NULL,alibaba,China,132618,NULL,lccrawresults,2024-09-16
TH,202409,NULL,NULL,amazon,US,132618,NULL,lccrawresults,2024-09-18
TH,202409,NULL,NULL,amazon,US,132618,NULL,lccrawresults,2024-09-16
TH,202409,NULL,NULL,bunnycdn,Slovenia,132618,NULL,lccrawresults,2024-09-18
TH,202409,NULL,NULL,bunnycdn,Slovenia,132618,NULL,lccrawresults,2024-09-16
TH,202409,NULL,NULL,cdn77,UK,132618,NULL,lccrawresults,2024-09-18
TH,202409,NULL,NULL,cdn77,UK,132618,NULL,lccrawresults,2024-09-16
TH,202409,NULL,NULL,cloudflare,US,132618,NULL,lccrawresults,2024-09-18
TH,202409,NULL,NULL,cloudflare,US,132618,NULL,lccrawresults,2024-09-16
TH,202409,NULL,NULL,facebook,US,132618,NULL,lccrawresults,2024-09-18
TH,202409,NULL,NULL,facebook,US,132618,NULL,lccrawresults,2024-09-16
TH,202409,NULL,NULL,fastly,US,132618,NULL,lccrawresults,2024-09-18
TH,202409,NULL,NULL,fastly,US,132618,NULL,lccrawresults,2024-09-16
TH,202409,NULL,NULL,microsoft,US,132618,NULL,lccrawresults,2024-09-18
TH,202409,NULL,NULL,microsoft,US,132618,NULL,lccrawresults,2024-09-16
TH,202410,NULL,NULL,akamai,US,132618,NULL,lccrawresults,2024-10-17
TH,202410,NULL,NULL,alibaba,China,132618,NULL,lccrawresults,2024-10-17
TH,202410,NULL,NULL,amazon,US,132618,NULL,lccrawresults,2024-10-17
TH,202410,NULL,NULL,bunnycdn,Slovenia,132618,NULL,lccrawresults,2024-10-17
TH,202410,NULL,NULL,cdn77,UK,132618,NULL,lccrawresults,2024-10-17
TH,202410,NULL,NULL,cloudflare,US,132618,NULL,lccrawresults,2024-10-17
TH,202410,NULL,NULL,facebook,US,132618,NULL,lccrawresults,2024-10-17
TH,202410,NULL,NULL,fastly,US,132618,NULL,lccrawresults,2024-10-17
TH,202410,NULL,NULL,microsoft,US,132618,NULL,lccrawresults,2024-10-17
TH,202411,NULL,NULL,akamai,US,132618,NULL,lccrawresults,2024-11-17
TH,202411,NULL,NULL,alibaba,China,132618,NULL,lccrawresults,2024-11-17
TH,202411,NULL,NULL,amazon,US,132618,NULL,lccrawresults,2024-11-17
TH,202411,NULL,NULL,bunnycdn,Slovenia,132618,NULL,lccrawresults,2024-11-17
TH,202411,NULL,NULL,cdn77,UK,132618,NULL,lccrawresults,2024-11-17
TH,202411,NULL,NULL,cloudflare,US,132618,NULL,lccrawresults,2024-11-17
TH,202411,NULL,NULL,facebook,US,132618,NULL,lccrawresults,2024-11-17
TH,202411,NULL,NULL,fastly,US,132618,NULL,lccrawresults,2024-11-17
TH,202411,NULL,NULL,microsoft,US,132618,NULL,lccrawresults,2024-11-17
TH,202412,NULL,NULL,akamai,US,132618,NULL,lccrawresults,2024-12-18
TH,202412,NULL,NULL,alibaba,China,132618,NULL,lccrawresults,2024-12-18
TH,202412,NULL,NULL,amazon,US,132618,NULL,lccrawresults,2024-12-18
TH,202412,NULL,NULL,bunnycdn,Slovenia,132618,NULL,lccrawresults,2024-12-18
TH,202412,NULL,NULL,cdn77,UK,132618,NULL,lccrawresults,2024-12-18
TH,202412,NULL,NULL,cloudflare,US,132618,NULL,lccrawresults,2024-12-18
TH,202412,NULL,NULL,facebook,US,132618,NULL,lccrawresults,2024-12-18
TH,202412,NULL,NULL,fastly,US,132618,NULL,lccrawresults,2024-12-18
TH,202412,NULL,NULL,microsoft,US,132618,NULL,lccrawresults,2024-12-18
TH,202501,NULL,NULL,akamai,US,132618,NULL,lccrawresults,2025-01-17
TH,202501,NULL,NULL,alibaba,China,132618,NULL,lccrawresults,2025-01-17
TH,202501,NULL,NULL,amazon,US,132618,NULL,lccrawresults,2025-01-17
TH,202501,NULL,NULL,bunnycdn,Slovenia,132618,NULL,lccrawresults,2025-01-17
TH,202501,NULL,NULL,cdn77,UK,132618,NULL,lccrawresults,2025-01-17
TH,202501,NULL,NULL,cloudflare,US,132618,NULL,lccrawresults,2025-01-17
TH,202501,NULL,NULL,facebook,US,132618,NULL,lccrawresults,2025-01-17
TH,202501,NULL,NULL,fastly,US,132618,NULL,lccrawresults,2025-01-17
TH,202501,NULL,NULL,microsoft,US,132618,NULL,lccrawresults,2025-01-17
TH,202502,NULL,NULL,akamai,US,131090,NULL,lccrawresults,2025-02-17
TH,202502,NULL,NULL,akamai,US,131445,NULL,lccrawresults,2025-02-17
TH,202502,NULL,NULL,akamai,US,132061,NULL,lccrawresults,2025-02-17
TH,202502,NULL,NULL,akamai,US,132618,NULL,lccrawresults,2025-02-17
TH,202502,NULL,NULL,akamai,US,133481,NULL,lccrawresults,2025-02-17
TH,202502,NULL,NULL,akamai,US,17552,NULL,lccrawresults,2025-02-17
TH,202502,NULL,NULL,akamai,US,23969,NULL,lccrawresults,2025-02-17
TH,202502,NULL,NULL,akamai,US,24378,NULL,lccrawresults,2025-02-17
TH,202502,NULL,NULL,akamai,US,45758,NULL,lccrawresults,2025-02-17
TH,202502,NULL,NULL,akamai,US,9931,NULL,lccrawresults,2025-02-17
TH,202502,NULL,NULL,alibaba,China,131090,NULL,lccrawresults,2025-02-17
TH,202502,NULL,NULL,alibaba,China,131445,NULL,lccrawresults,2025-02-17
TH,202502,NULL,NULL,alibaba,China,132061,NULL,lccrawresults,2025-02-17
TH,202502,NULL,NULL,alibaba,China,132618,NULL,lccrawresults,2025-02-17
TH,202502,NULL,NULL,alibaba,China,133481,NULL,lccrawresults,2025-02-17
TH,202502,NULL,NULL,alibaba,China,17552,NULL,lccrawresults,2025-02-17
TH,202502,NULL,NULL,alibaba,China,23969,NULL,lccrawresults,2025-02-17
TH,202502,NULL,NULL,alibaba,China,24378,NULL,lccrawresults,2025-02-17
TH,202502,NULL,NULL,alibaba,China,45758,NULL,lccrawresults,2025-02-17
TH,202502,NULL,NULL,alibaba,China,9931,NULL,lccrawresults,2025-02-17
TH,202502,NULL,NULL,amazon,US,131090,NULL,lccrawresults,2025-02-17
TH,202502,NULL,NULL,amazon,US,131445,NULL,lccrawresults,2025-02-17
TH,202502,NULL,NULL,amazon,US,132061,NULL,lccrawresults,2025-02-17
TH,202502,NULL,NULL,amazon,US,132618,NULL,lccrawresults,2025-02-17
TH,202502,NULL,NULL,amazon,US,133481,NULL,lccrawresults,2025-02-17
TH,202502,NULL,NULL,amazon,US,17552,NULL,lccrawresults,2025-02-17
TH,202502,NULL,NULL,amazon,US,23969,NULL,lccrawresults,2025-02-17
TH,202502,NULL,NULL,amazon,US,24378,NULL,lccrawresults,2025-02-17
TH,202502,NULL,NULL,amazon,US,45758,NULL,lccrawresults,2025-02-17
TH,202502,NULL,NULL,amazon,US,9931,NULL,lccrawresults,2025-02-17
TH,202502,NULL,NULL,bunnycdn,Slovenia,131090,NULL,lccrawresults,2025-02-17
TH,202502,NULL,NULL,bunnycdn,Slovenia,131445,NULL,lccrawresults,2025-02-17
TH,202502,NULL,NULL,bunnycdn,Slovenia,132061,NULL,lccrawresults,2025-02-17
TH,202502,NULL,NULL,bunnycdn,Slovenia,132618,NULL,lccrawresults,2025-02-17
TH,202502,NULL,NULL,bunnycdn,Slovenia,133481,NULL,lccrawresults,2025-02-17
TH,202502,NULL,NULL,bunnycdn,Slovenia,17552,NULL,lccrawresults,2025-02-17
TH,202502,NULL,NULL,bunnycdn,Slovenia,23969,NULL,lccrawresults,2025-02-17
TH,202502,NULL,NULL,bunnycdn,Slovenia,24378,NULL,lccrawresults,2025-02-17
TH,202502,NULL,NULL,bunnycdn,Slovenia,45758,NULL,lccrawresults,2025-02-17
TH,202502,NULL,NULL,bunnycdn,Slovenia,9931,NULL,lccrawresults,2025-02-17
TH,202502,NULL,NULL,cdn77,UK,131090,NULL,lccrawresults,2025-02-17
TH,202502,NULL,NULL,cdn77,UK,131445,NULL,lccrawresults,2025-02-17
TH,202502,NULL,NULL,cdn77,UK,132061,NULL,lccrawresults,2025-02-17
TH,202502,NULL,NULL,cdn77,UK,132618,NULL,lccrawresults,2025-02-17
TH,202502,NULL,NULL,cdn77,UK,133481,NULL,lccrawresults,2025-02-17
TH,202502,NULL,NULL,cdn77,UK,17552,NULL,lccrawresults,2025-02-17
TH,202502,NULL,NULL,cdn77,UK,23969,NULL,lccrawresults,2025-02-17
TH,202502,NULL,NULL,cdn77,UK,24378,NULL,lccrawresults,2025-02-17
TH,202502,NULL,NULL,cdn77,UK,45758,NULL,lccrawresults,2025-02-17
TH,202502,NULL,NULL,cdn77,UK,9931,NULL,lccrawresults,2025-02-17
TH,202502,NULL,NULL,cloudflare,US,131090,NULL,lccrawresults,2025-02-17
TH,202502,NULL,NULL,cloudflare,US,131445,NULL,lccrawresults,2025-02-17
TH,202502,NULL,NULL,cloudflare,US,132061,NULL,lccrawresults,2025-02-17
TH,202502,NULL,NULL,cloudflare,US,132618,NULL,lccrawresults,2025-02-17
TH,202502,NULL,NULL,cloudflare,US,133481,NULL,lccrawresults,2025-02-17
TH,202502,NULL,NULL,cloudflare,US,17552,NULL,lccrawresults,2025-02-17
TH,202502,NULL,NULL,cloudflare,US,23969,NULL,lccrawresults,2025-02-17
TH,202502,NULL,NULL,cloudflare,US,24378,NULL,lccrawresults,2025-02-17
TH,202502,NULL,NULL,cloudflare,US,45758,NULL,lccrawresults,2025-02-17
TH,202502,NULL,NULL,cloudflare,US,9931,NULL,lccrawresults,2025-02-17
TH,202502,NULL,NULL,facebook,US,131090,NULL,lccrawresults,2025-02-17
TH,202502,NULL,NULL,facebook,US,131445,NULL,lccrawresults,2025-02-17
TH,202502,NULL,NULL,facebook,US,132061,NULL,lccrawresults,2025-02-17
TH,202502,NULL,NULL,facebook,US,132618,NULL,lccrawresults,2025-02-17
TH,202502,NULL,NULL,facebook,US,133481,NULL,lccrawresults,2025-02-17
TH,202502,NULL,NULL,facebook,US,17552,NULL,lccrawresults,2025-02-17
TH,202502,NULL,NULL,facebook,US,23969,NULL,lccrawresults,2025-02-17
TH,202502,NULL,NULL,facebook,US,24378,NULL,lccrawresults,2025-02-17
TH,202502,NULL,NULL,facebook,US,45758,NULL,lccrawresults,2025-02-17
TH,202502,NULL,NULL,facebook,US,9931,NULL,lccrawresults,2025-02-17
TH,202502,NULL,NULL,fastly,US,131090,NULL,lccrawresults,2025-02-17
TH,202502,NULL,NULL,fastly,US,131445,NULL,lccrawresults,2025-02-17
TH,202502,NULL,NULL,fastly,US,132061,NULL,lccrawresults,2025-02-17
TH,202502,NULL,NULL,fastly,US,132618,NULL,lccrawresults,2025-02-17
TH,202502,NULL,NULL,fastly,US,133481,NULL,lccrawresults,2025-02-17
TH,202502,NULL,NULL,fastly,US,17552,NULL,lccrawresults,2025-02-17
TH,202502,NULL,NULL,fastly,US,23969,NULL,lccrawresults,2025-02-17
TH,202502,NULL,NULL,fastly,US,24378,NULL,lccrawresults,2025-02-17
TH,202502,NULL,NULL,fastly,US,45758,NULL,lccrawresults,2025-02-17
TH,202502,NULL,NULL,fastly,US,9931,NULL,lccrawresults,2025-02-17
TH,202502,NULL,NULL,microsoft,US,131090,NULL,lccrawresults,2025-02-17
TH,202502,NULL,NULL,microsoft,US,131445,NULL,lccrawresults,2025-02-17
TH,202502,NULL,NULL,microsoft,US,132061,NULL,lccrawresults,2025-02-17
TH,202502,NULL,NULL,microsoft,US,132618,NULL,lccrawresults,2025-02-17
TH,202502,NULL,NULL,microsoft,US,133481,NULL,lccrawresults,2025-02-17
TH,202502,NULL,NULL,microsoft,US,17552,NULL,lccrawresults,2025-02-17
TH,202502,NULL,NULL,microsoft,US,23969,NULL,lccrawresults,2025-02-17
TH,202502,NULL,NULL,microsoft,US,24378,NULL,lccrawresults,2025-02-17
TH,202502,NULL,NULL,microsoft,US,45758,NULL,lccrawresults,2025-02-17
TH,202502,NULL,NULL,microsoft,US,9931,NULL,lccrawresults,2025-02-17
TH,202503,NULL,NULL,akamai,US,131445,NULL,lccrawresults,2025-03-17
TH,202503,NULL,NULL,akamai,US,132061,NULL,lccrawresults,2025-03-17
TH,202503,NULL,NULL,akamai,US,132618,NULL,lccrawresults,2025-03-17
TH,202503,NULL,NULL,akamai,US,133481,NULL,lccrawresults,2025-03-17
TH,202503,NULL,NULL,akamai,US,17552,NULL,lccrawresults,2025-03-17
TH,202503,NULL,NULL,akamai,US,23969,NULL,lccrawresults,2025-03-17
TH,202503,NULL,NULL,akamai,US,24378,NULL,lccrawresults,2025-03-17
TH,202503,NULL,NULL,akamai,US,45758,NULL,lccrawresults,2025-03-17
TH,202503,NULL,NULL,alibaba,China,131445,NULL,lccrawresults,2025-03-17
TH,202503,NULL,NULL,alibaba,China,132061,NULL,lccrawresults,2025-03-17
TH,202503,NULL,NULL,alibaba,China,132618,NULL,lccrawresults,2025-03-17
TH,202503,NULL,NULL,alibaba,China,133481,NULL,lccrawresults,2025-03-17
TH,202503,NULL,NULL,alibaba,China,17552,NULL,lccrawresults,2025-03-17
TH,202503,NULL,NULL,alibaba,China,23969,NULL,lccrawresults,2025-03-17
TH,202503,NULL,NULL,alibaba,China,24378,NULL,lccrawresults,2025-03-17
TH,202503,NULL,NULL,alibaba,China,45758,NULL,lccrawresults,2025-03-17
TH,202503,NULL,NULL,amazon,US,131445,NULL,lccrawresults,2025-03-17
TH,202503,NULL,NULL,amazon,US,132061,NULL,lccrawresults,2025-03-17
TH,202503,NULL,NULL,amazon,US,132618,NULL,lccrawresults,2025-03-17
TH,202503,NULL,NULL,amazon,US,133481,NULL,lccrawresults,2025-03-17
TH,202503,NULL,NULL,amazon,US,17552,NULL,lccrawresults,2025-03-17
TH,202503,NULL,NULL,amazon,US,23969,NULL,lccrawresults,2025-03-17
TH,202503,NULL,NULL,amazon,US,24378,NULL,lccrawresults,2025-03-17
TH,202503,NULL,NULL,amazon,US,45758,NULL,lccrawresults,2025-03-17
TH,202503,NULL,NULL,bunnycdn,Slovenia,131445,NULL,lccrawresults,2025-03-17
TH,202503,NULL,NULL,bunnycdn,Slovenia,132061,NULL,lccrawresults,2025-03-17
TH,202503,NULL,NULL,bunnycdn,Slovenia,132618,NULL,lccrawresults,2025-03-17
TH,202503,NULL,NULL,bunnycdn,Slovenia,133481,NULL,lccrawresults,2025-03-17
TH,202503,NULL,NULL,bunnycdn,Slovenia,17552,NULL,lccrawresults,2025-03-17
TH,202503,NULL,NULL,bunnycdn,Slovenia,23969,NULL,lccrawresults,2025-03-17
TH,202503,NULL,NULL,bunnycdn,Slovenia,24378,NULL,lccrawresults,2025-03-17
TH,202503,NULL,NULL,bunnycdn,Slovenia,45758,NULL,lccrawresults,2025-03-17
TH,202503,NULL,NULL,cdn77,UK,131445,NULL,lccrawresults,2025-03-17
TH,202503,NULL,NULL,cdn77,UK,132061,NULL,lccrawresults,2025-03-17
TH,202503,NULL,NULL,cdn77,UK,132618,NULL,lccrawresults,2025-03-17
TH,202503,NULL,NULL,cdn77,UK,133481,NULL,lccrawresults,2025-03-17
TH,202503,NULL,NULL,cdn77,UK,17552,NULL,lccrawresults,2025-03-17
TH,202503,NULL,NULL,cdn77,UK,23969,NULL,lccrawresults,2025-03-17
TH,202503,NULL,NULL,cdn77,UK,24378,NULL,lccrawresults,2025-03-17
TH,202503,NULL,NULL,cdn77,UK,45758,NULL,lccrawresults,2025-03-17
TH,202503,NULL,NULL,cloudflare,US,131445,NULL,lccrawresults,2025-03-17
TH,202503,NULL,NULL,cloudflare,US,132061,NULL,lccrawresults,2025-03-17
TH,202503,NULL,NULL,cloudflare,US,132618,NULL,lccrawresults,2025-03-17
TH,202503,NULL,NULL,cloudflare,US,133481,NULL,lccrawresults,2025-03-17
TH,202503,NULL,NULL,cloudflare,US,17552,NULL,lccrawresults,2025-03-17
TH,202503,NULL,NULL,cloudflare,US,23969,NULL,lccrawresults,2025-03-17
TH,202503,NULL,NULL,cloudflare,US,24378,NULL,lccrawresults,2025-03-17
TH,202503,NULL,NULL,cloudflare,US,45758,NULL,lccrawresults,2025-03-17
TH,202503,NULL,NULL,facebook,US,131445,NULL,lccrawresults,2025-03-17
TH,202503,NULL,NULL,facebook,US,132061,NULL,lccrawresults,2025-03-17
TH,202503,NULL,NULL,facebook,US,132618,NULL,lccrawresults,2025-03-17
TH,202503,NULL,NULL,facebook,US,133481,NULL,lccrawresults,2025-03-17
TH,202503,NULL,NULL,facebook,US,17552,NULL,lccrawresults,2025-03-17
TH,202503,NULL,NULL,facebook,US,23969,NULL,lccrawresults,2025-03-17
TH,202503,NULL,NULL,facebook,US,24378,NULL,lccrawresults,2025-03-17
TH,202503,NULL,NULL,facebook,US,45758,NULL,lccrawresults,2025-03-17
TH,202503,NULL,NULL,fastly,US,131445,NULL,lccrawresults,2025-03-17
TH,202503,NULL,NULL,fastly,US,132061,NULL,lccrawresults,2025-03-17
TH,202503,NULL,NULL,fastly,US,132618,NULL,lccrawresults,2025-03-17
TH,202503,NULL,NULL,fastly,US,133481,NULL,lccrawresults,2025-03-17
TH,202503,NULL,NULL,fastly,US,17552,NULL,lccrawresults,2025-03-17
TH,202503,NULL,NULL,fastly,US,23969,NULL,lccrawresults,2025-03-17
TH,202503,NULL,NULL,fastly,US,24378,NULL,lccrawresults,2025-03-17
TH,202503,NULL,NULL,fastly,US,45758,NULL,lccrawresults,2025-03-17
TH,202503,NULL,NULL,microsoft,US,131445,NULL,lccrawresults,2025-03-17
TH,202503,NULL,NULL,microsoft,US,132061,NULL,lccrawresults,2025-03-17
TH,202503,NULL,NULL,microsoft,US,132618,NULL,lccrawresults,2025-03-17
TH,202503,NULL,NULL,microsoft,US,133481,NULL,lccrawresults,2025-03-17
TH,202503,NULL,NULL,microsoft,US,17552,NULL,lccrawresults,2025-03-17
TH,202503,NULL,NULL,microsoft,US,23969,NULL,lccrawresults,2025-03-17
TH,202503,NULL,NULL,microsoft,US,24378,NULL,lccrawresults,2025-03-17
TH,202503,NULL,NULL,microsoft,US,45758,NULL,lccrawresults,2025-03-17
TH,202504,NULL,NULL,akamai,US,131445,NULL,lccrawresults,2025-04-17
TH,202504,NULL,NULL,akamai,US,132061,NULL,lccrawresults,2025-04-17
TH,202504,NULL,NULL,akamai,US,132618,NULL,lccrawresults,2025-04-17
TH,202504,NULL,NULL,akamai,US,133481,NULL,lccrawresults,2025-04-17
TH,202504,NULL,NULL,akamai,US,17552,NULL,lccrawresults,2025-04-17
TH,202504,NULL,NULL,akamai,US,23969,NULL,lccrawresults,2025-04-17
TH,202504,NULL,NULL,akamai,US,24378,NULL,lccrawresults,2025-04-17
TH,202504,NULL,NULL,akamai,US,45758,NULL,lccrawresults,2025-04-17
TH,202504,NULL,NULL,alibaba,China,131445,NULL,lccrawresults,2025-04-17
TH,202504,NULL,NULL,alibaba,China,132061,NULL,lccrawresults,2025-04-17
TH,202504,NULL,NULL,alibaba,China,132618,NULL,lccrawresults,2025-04-17
TH,202504,NULL,NULL,alibaba,China,133481,NULL,lccrawresults,2025-04-17
TH,202504,NULL,NULL,alibaba,China,17552,NULL,lccrawresults,2025-04-17
TH,202504,NULL,NULL,alibaba,China,23969,NULL,lccrawresults,2025-04-17
TH,202504,NULL,NULL,alibaba,China,24378,NULL,lccrawresults,2025-04-17
TH,202504,NULL,NULL,alibaba,China,45758,NULL,lccrawresults,2025-04-17
TH,202504,NULL,NULL,amazon,US,131445,NULL,lccrawresults,2025-04-17
TH,202504,NULL,NULL,amazon,US,132061,NULL,lccrawresults,2025-04-17
TH,202504,NULL,NULL,amazon,US,132618,NULL,lccrawresults,2025-04-17
TH,202504,NULL,NULL,amazon,US,133481,NULL,lccrawresults,2025-04-17
TH,202504,NULL,NULL,amazon,US,17552,NULL,lccrawresults,2025-04-17
TH,202504,NULL,NULL,amazon,US,23969,NULL,lccrawresults,2025-04-17
TH,202504,NULL,NULL,amazon,US,24378,NULL,lccrawresults,2025-04-17
TH,202504,NULL,NULL,amazon,US,45758,NULL,lccrawresults,2025-04-17
TH,202504,NULL,NULL,bunnycdn,Slovenia,131445,NULL,lccrawresults,2025-04-17
TH,202504,NULL,NULL,bunnycdn,Slovenia,132061,NULL,lccrawresults,2025-04-17
TH,202504,NULL,NULL,bunnycdn,Slovenia,132618,NULL,lccrawresults,2025-04-17
TH,202504,NULL,NULL,bunnycdn,Slovenia,133481,NULL,lccrawresults,2025-04-17
TH,202504,NULL,NULL,bunnycdn,Slovenia,17552,NULL,lccrawresults,2025-04-17
TH,202504,NULL,NULL,bunnycdn,Slovenia,23969,NULL,lccrawresults,2025-04-17
TH,202504,NULL,NULL,bunnycdn,Slovenia,24378,NULL,lccrawresults,2025-04-17
TH,202504,NULL,NULL,bunnycdn,Slovenia,45758,NULL,lccrawresults,2025-04-17
TH,202504,NULL,NULL,cdn77,UK,131445,NULL,lccrawresults,2025-04-17
TH,202504,NULL,NULL,cdn77,UK,132061,NULL,lccrawresults,2025-04-17
TH,202504,NULL,NULL,cdn77,UK,132618,NULL,lccrawresults,2025-04-17
TH,202504,NULL,NULL,cdn77,UK,133481,NULL,lccrawresults,2025-04-17
TH,202504,NULL,NULL,cdn77,UK,17552,NULL,lccrawresults,2025-04-17
TH,202504,NULL,NULL,cdn77,UK,23969,NULL,lccrawresults,2025-04-17
TH,202504,NULL,NULL,cdn77,UK,24378,NULL,lccrawresults,2025-04-17
TH,202504,NULL,NULL,cdn77,UK,45758,NULL,lccrawresults,2025-04-17
TH,202504,NULL,NULL,cloudflare,US,131445,NULL,lccrawresults,2025-04-17
TH,202504,NULL,NULL,cloudflare,US,132061,NULL,lccrawresults,2025-04-17
TH,202504,NULL,NULL,cloudflare,US,132618,NULL,lccrawresults,2025-04-17
TH,202504,NULL,NULL,cloudflare,US,133481,NULL,lccrawresults,2025-04-17
TH,202504,NULL,NULL,cloudflare,US,17552,NULL,lccrawresults,2025-04-17
TH,202504,NULL,NULL,cloudflare,US,23969,NULL,lccrawresults,2025-04-17
TH,202504,NULL,NULL,cloudflare,US,24378,NULL,lccrawresults,2025-04-17
TH,202504,NULL,NULL,cloudflare,US,45758,NULL,lccrawresults,2025-04-17
TH,202504,NULL,NULL,facebook,US,131445,NULL,lccrawresults,2025-04-17
TH,202504,NULL,NULL,facebook,US,132061,NULL,lccrawresults,2025-04-17
TH,202504,NULL,NULL,facebook,US,132618,NULL,lccrawresults,2025-04-17
TH,202504,NULL,NULL,facebook,US,133481,NULL,lccrawresults,2025-04-17
TH,202504,NULL,NULL,facebook,US,17552,NULL,lccrawresults,2025-04-17
TH,202504,NULL,NULL,facebook,US,23969,NULL,lccrawresults,2025-04-17
TH,202504,NULL,NULL,facebook,US,24378,NULL,lccrawresults,2025-04-17
TH,202504,NULL,NULL,facebook,US,45758,NULL,lccrawresults,2025-04-17
TH,202504,NULL,NULL,fastly,US,131445,NULL,lccrawresults,2025-04-17
TH,202504,NULL,NULL,fastly,US,132618,NULL,lccrawresults,2025-04-17
TH,202504,NULL,NULL,fastly,US,133481,NULL,lccrawresults,2025-04-17
TH,202504,NULL,NULL,fastly,US,17552,NULL,lccrawresults,2025-04-17
TH,202504,NULL,NULL,fastly,US,23969,NULL,lccrawresults,2025-04-17
TH,202504,NULL,NULL,fastly,US,24378,NULL,lccrawresults,2025-04-17
TH,202504,NULL,NULL,fastly,US,45758,NULL,lccrawresults,2025-04-17
TH,202504,NULL,NULL,gcore,Luxembourg,131445,NULL,lccrawresults,2025-04-17
TH,202504,NULL,NULL,gcore,Luxembourg,132061,NULL,lccrawresults,2025-04-17
TH,202504,NULL,NULL,gcore,Luxembourg,132618,NULL,lccrawresults,2025-04-17
TH,202504,NULL,NULL,gcore,Luxembourg,133481,NULL,lccrawresults,2025-04-17
TH,202504,NULL,NULL,gcore,Luxembourg,17552,NULL,lccrawresults,2025-04-17
TH,202504,NULL,NULL,gcore,Luxembourg,23969,NULL,lccrawresults,2025-04-17
TH,202504,NULL,NULL,gcore,Luxembourg,24378,NULL,lccrawresults,2025-04-17
TH,202504,NULL,NULL,gcore,Luxembourg,45758,NULL,lccrawresults,2025-04-17
TH,202504,NULL,NULL,microsoft,US,131445,NULL,lccrawresults,2025-04-17
TH,202504,NULL,NULL,microsoft,US,132061,NULL,lccrawresults,2025-04-17
TH,202504,NULL,NULL,microsoft,US,132618,NULL,lccrawresults,2025-04-17
TH,202504,NULL,NULL,microsoft,US,133481,NULL,lccrawresults,2025-04-17
TH,202504,NULL,NULL,microsoft,US,17552,NULL,lccrawresults,2025-04-17
TH,202504,NULL,NULL,microsoft,US,23969,NULL,lccrawresults,2025-04-17
TH,202504,NULL,NULL,microsoft,US,24378,NULL,lccrawresults,2025-04-17
TH,202504,NULL,NULL,microsoft,US,45758,NULL,lccrawresults,2025-04-17
TH,202505,NULL,NULL,akamai,US,131445,NULL,lccrawresults,2025-05-17
TH,202505,NULL,NULL,akamai,US,132061,NULL,lccrawresults,2025-05-17
TH,202505,NULL,NULL,akamai,US,132618,NULL,lccrawresults,2025-05-17
TH,202505,NULL,NULL,akamai,US,133481,NULL,lccrawresults,2025-05-17
TH,202505,NULL,NULL,akamai,US,17552,NULL,lccrawresults,2025-05-17
TH,202505,NULL,NULL,akamai,US,23969,NULL,lccrawresults,2025-05-17
TH,202505,NULL,NULL,akamai,US,24378,NULL,lccrawresults,2025-05-17
TH,202505,NULL,NULL,akamai,US,45758,NULL,lccrawresults,2025-05-17
TH,202505,NULL,NULL,alibaba,China,131445,NULL,lccrawresults,2025-05-17
TH,202505,NULL,NULL,alibaba,China,132061,NULL,lccrawresults,2025-05-17
TH,202505,NULL,NULL,alibaba,China,132618,NULL,lccrawresults,2025-05-17
TH,202505,NULL,NULL,alibaba,China,133481,NULL,lccrawresults,2025-05-17
TH,202505,NULL,NULL,alibaba,China,17552,NULL,lccrawresults,2025-05-17
TH,202505,NULL,NULL,alibaba,China,23969,NULL,lccrawresults,2025-05-17
TH,202505,NULL,NULL,alibaba,China,24378,NULL,lccrawresults,2025-05-17
TH,202505,NULL,NULL,alibaba,China,45758,NULL,lccrawresults,2025-05-17
TH,202505,NULL,NULL,amazon,US,131445,NULL,lccrawresults,2025-05-17
TH,202505,NULL,NULL,amazon,US,132061,NULL,lccrawresults,2025-05-17
TH,202505,NULL,NULL,amazon,US,132618,NULL,lccrawresults,2025-05-17
TH,202505,NULL,NULL,amazon,US,133481,NULL,lccrawresults,2025-05-17
TH,202505,NULL,NULL,amazon,US,17552,NULL,lccrawresults,2025-05-17
TH,202505,NULL,NULL,amazon,US,23969,NULL,lccrawresults,2025-05-17
TH,202505,NULL,NULL,amazon,US,24378,NULL,lccrawresults,2025-05-17
TH,202505,NULL,NULL,amazon,US,45758,NULL,lccrawresults,2025-05-17
TH,202505,NULL,NULL,bunnycdn,Slovenia,131445,NULL,lccrawresults,2025-05-17
TH,202505,NULL,NULL,bunnycdn,Slovenia,132061,NULL,lccrawresults,2025-05-17
TH,202505,NULL,NULL,bunnycdn,Slovenia,132618,NULL,lccrawresults,2025-05-17
TH,202505,NULL,NULL,bunnycdn,Slovenia,133481,NULL,lccrawresults,2025-05-17
TH,202505,NULL,NULL,bunnycdn,Slovenia,17552,NULL,lccrawresults,2025-05-17
TH,202505,NULL,NULL,bunnycdn,Slovenia,23969,NULL,lccrawresults,2025-05-17
TH,202505,NULL,NULL,bunnycdn,Slovenia,24378,NULL,lccrawresults,2025-05-17
TH,202505,NULL,NULL,cdn77,UK,131445,NULL,lccrawresults,2025-05-17
TH,202505,NULL,NULL,cdn77,UK,132061,NULL,lccrawresults,2025-05-17
TH,202505,NULL,NULL,cdn77,UK,132618,NULL,lccrawresults,2025-05-17
TH,202505,NULL,NULL,cdn77,UK,133481,NULL,lccrawresults,2025-05-17
TH,202505,NULL,NULL,cdn77,UK,17552,NULL,lccrawresults,2025-05-17
TH,202505,NULL,NULL,cdn77,UK,23969,NULL,lccrawresults,2025-05-17
TH,202505,NULL,NULL,cdn77,UK,24378,NULL,lccrawresults,2025-05-17
TH,202505,NULL,NULL,cdn77,UK,45758,NULL,lccrawresults,2025-05-17
TH,202505,NULL,NULL,cloudflare,US,131445,NULL,lccrawresults,2025-05-17
TH,202505,NULL,NULL,cloudflare,US,132061,NULL,lccrawresults,2025-05-17
TH,202505,NULL,NULL,cloudflare,US,132618,NULL,lccrawresults,2025-05-17
TH,202505,NULL,NULL,cloudflare,US,133481,NULL,lccrawresults,2025-05-17
TH,202505,NULL,NULL,cloudflare,US,17552,NULL,lccrawresults,2025-05-17
TH,202505,NULL,NULL,cloudflare,US,23969,NULL,lccrawresults,2025-05-17
TH,202505,NULL,NULL,cloudflare,US,24378,NULL,lccrawresults,2025-05-17
TH,202505,NULL,NULL,cloudflare,US,45758,NULL,lccrawresults,2025-05-17
TH,202505,NULL,NULL,facebook,US,131445,NULL,lccrawresults,2025-05-17
TH,202505,NULL,NULL,facebook,US,132061,NULL,lccrawresults,2025-05-17
TH,202505,NULL,NULL,facebook,US,132618,NULL,lccrawresults,2025-05-17
TH,202505,NULL,NULL,facebook,US,133481,NULL,lccrawresults,2025-05-17
TH,202505,NULL,NULL,facebook,US,17552,NULL,lccrawresults,2025-05-17
TH,202505,NULL,NULL,facebook,US,23969,NULL,lccrawresults,2025-05-17
TH,202505,NULL,NULL,facebook,US,24378,NULL,lccrawresults,2025-05-17
TH,202505,NULL,NULL,facebook,US,45758,NULL,lccrawresults,2025-05-17
TH,202505,NULL,NULL,fastly,US,131445,NULL,lccrawresults,2025-05-17
TH,202505,NULL,NULL,fastly,US,132061,NULL,lccrawresults,2025-05-17
TH,202505,NULL,NULL,fastly,US,132618,NULL,lccrawresults,2025-05-17
TH,202505,NULL,NULL,fastly,US,133481,NULL,lccrawresults,2025-05-17
TH,202505,NULL,NULL,fastly,US,17552,NULL,lccrawresults,2025-05-17
TH,202505,NULL,NULL,fastly,US,23969,NULL,lccrawresults,2025-05-17
TH,202505,NULL,NULL,fastly,US,24378,NULL,lccrawresults,2025-05-17
TH,202505,NULL,NULL,fastly,US,45758,NULL,lccrawresults,2025-05-17
TH,202505,NULL,NULL,gcore,Luxembourg,131445,NULL,lccrawresults,2025-05-17
TH,202505,NULL,NULL,gcore,Luxembourg,132061,NULL,lccrawresults,2025-05-17
TH,202505,NULL,NULL,gcore,Luxembourg,132618,NULL,lccrawresults,2025-05-17
TH,202505,NULL,NULL,gcore,Luxembourg,133481,NULL,lccrawresults,2025-05-17
TH,202505,NULL,NULL,gcore,Luxembourg,17552,NULL,lccrawresults,2025-05-17
TH,202505,NULL,NULL,gcore,Luxembourg,23969,NULL,lccrawresults,2025-05-17
TH,202505,NULL,NULL,gcore,Luxembourg,24378,NULL,lccrawresults,2025-05-17
TH,202505,NULL,NULL,gcore,Luxembourg,45758,NULL,lccrawresults,2025-05-17
TH,202505,NULL,NULL,microsoft,US,131445,NULL,lccrawresults,2025-05-17
TH,202505,NULL,NULL,microsoft,US,132061,NULL,lccrawresults,2025-05-17
TH,202505,NULL,NULL,microsoft,US,132618,NULL,lccrawresults,2025-05-17
TH,202505,NULL,NULL,microsoft,US,133481,NULL,lccrawresults,2025-05-17
TH,202505,NULL,NULL,microsoft,US,17552,NULL,lccrawresults,2025-05-17
TH,202505,NULL,NULL,microsoft,US,23969,NULL,lccrawresults,2025-05-17
TH,202505,NULL,NULL,microsoft,US,24378,NULL,lccrawresults,2025-05-17
TH,202505,NULL,NULL,microsoft,US,45758,NULL,lccrawresults,2025-05-17
TH,202506,NULL,NULL,akamai,US,131445,NULL,lccrawresults,2025-06-17
TH,202506,NULL,NULL,akamai,US,132061,NULL,lccrawresults,2025-06-17
TH,202506,NULL,NULL,akamai,US,132618,NULL,lccrawresults,2025-06-17
TH,202506,NULL,NULL,akamai,US,133481,NULL,lccrawresults,2025-06-17
TH,202506,NULL,NULL,akamai,US,17552,NULL,lccrawresults,2025-06-17
TH,202506,NULL,NULL,akamai,US,23969,NULL,lccrawresults,2025-06-17
TH,202506,NULL,NULL,akamai,US,24378,NULL,lccrawresults,2025-06-17
TH,202506,NULL,NULL,akamai,US,45758,NULL,lccrawresults,2025-06-17
TH,202506,NULL,NULL,alibaba,China,131445,NULL,lccrawresults,2025-06-17
TH,202506,NULL,NULL,alibaba,China,132061,NULL,lccrawresults,2025-06-17
TH,202506,NULL,NULL,alibaba,China,132618,NULL,lccrawresults,2025-06-17
TH,202506,NULL,NULL,alibaba,China,133481,NULL,lccrawresults,2025-06-17
TH,202506,NULL,NULL,alibaba,China,17552,NULL,lccrawresults,2025-06-17
TH,202506,NULL,NULL,alibaba,China,23969,NULL,lccrawresults,2025-06-17
TH,202506,NULL,NULL,alibaba,China,24378,NULL,lccrawresults,2025-06-17
TH,202506,NULL,NULL,alibaba,China,45758,NULL,lccrawresults,2025-06-17
TH,202506,NULL,NULL,amazon,US,131445,NULL,lccrawresults,2025-06-17
TH,202506,NULL,NULL,amazon,US,132061,NULL,lccrawresults,2025-06-17
TH,202506,NULL,NULL,amazon,US,132618,NULL,lccrawresults,2025-06-17
TH,202506,NULL,NULL,amazon,US,133481,NULL,lccrawresults,2025-06-17
TH,202506,NULL,NULL,amazon,US,17552,NULL,lccrawresults,2025-06-17
TH,202506,NULL,NULL,amazon,US,23969,NULL,lccrawresults,2025-06-17
TH,202506,NULL,NULL,amazon,US,24378,NULL,lccrawresults,2025-06-17
TH,202506,NULL,NULL,amazon,US,45758,NULL,lccrawresults,2025-06-17
TH,202506,NULL,NULL,bunnycdn,Slovenia,131445,NULL,lccrawresults,2025-06-17
TH,202506,NULL,NULL,bunnycdn,Slovenia,132061,NULL,lccrawresults,2025-06-17
TH,202506,NULL,NULL,bunnycdn,Slovenia,132618,NULL,lccrawresults,2025-06-17
TH,202506,NULL,NULL,bunnycdn,Slovenia,133481,NULL,lccrawresults,2025-06-17
TH,202506,NULL,NULL,bunnycdn,Slovenia,17552,NULL,lccrawresults,2025-06-17
TH,202506,NULL,NULL,bunnycdn,Slovenia,23969,NULL,lccrawresults,2025-06-17
TH,202506,NULL,NULL,bunnycdn,Slovenia,24378,NULL,lccrawresults,2025-06-17
TH,202506,NULL,NULL,bunnycdn,Slovenia,45758,NULL,lccrawresults,2025-06-17
TH,202506,NULL,NULL,cdn77,UK,131445,NULL,lccrawresults,2025-06-17
TH,202506,NULL,NULL,cdn77,UK,132061,NULL,lccrawresults,2025-06-17
TH,202506,NULL,NULL,cdn77,UK,132618,NULL,lccrawresults,2025-06-17
TH,202506,NULL,NULL,cdn77,UK,133481,NULL,lccrawresults,2025-06-17
TH,202506,NULL,NULL,cdn77,UK,17552,NULL,lccrawresults,2025-06-17
TH,202506,NULL,NULL,cdn77,UK,23969,NULL,lccrawresults,2025-06-17
TH,202506,NULL,NULL,cdn77,UK,24378,NULL,lccrawresults,2025-06-17
TH,202506,NULL,NULL,cdn77,UK,45758,NULL,lccrawresults,2025-06-17
TH,202506,NULL,NULL,cloudflare,US,131445,NULL,lccrawresults,2025-06-17
TH,202506,NULL,NULL,cloudflare,US,132061,NULL,lccrawresults,2025-06-17
TH,202506,NULL,NULL,cloudflare,US,132618,NULL,lccrawresults,2025-06-17
TH,202506,NULL,NULL,cloudflare,US,133481,NULL,lccrawresults,2025-06-17
TH,202506,NULL,NULL,cloudflare,US,17552,NULL,lccrawresults,2025-06-17
TH,202506,NULL,NULL,cloudflare,US,23969,NULL,lccrawresults,2025-06-17
TH,202506,NULL,NULL,cloudflare,US,24378,NULL,lccrawresults,2025-06-17
TH,202506,NULL,NULL,cloudflare,US,45758,NULL,lccrawresults,2025-06-17
TH,202506,NULL,NULL,facebook,US,131445,NULL,lccrawresults,2025-06-17
TH,202506,NULL,NULL,facebook,US,132061,NULL,lccrawresults,2025-06-17
TH,202506,NULL,NULL,facebook,US,132618,NULL,lccrawresults,2025-06-17
TH,202506,NULL,NULL,facebook,US,133481,NULL,lccrawresults,2025-06-17
TH,202506,NULL,NULL,facebook,US,17552,NULL,lccrawresults,2025-06-17
TH,202506,NULL,NULL,facebook,US,23969,NULL,lccrawresults,2025-06-17
TH,202506,NULL,NULL,facebook,US,24378,NULL,lccrawresults,2025-06-17
TH,202506,NULL,NULL,facebook,US,45758,NULL,lccrawresults,2025-06-17
TH,202506,NULL,NULL,fastly,US,131445,NULL,lccrawresults,2025-06-17
TH,202506,NULL,NULL,fastly,US,132061,NULL,lccrawresults,2025-06-17
TH,202506,NULL,NULL,fastly,US,132618,NULL,lccrawresults,2025-06-17
TH,202506,NULL,NULL,fastly,US,133481,NULL,lccrawresults,2025-06-17
TH,202506,NULL,NULL,fastly,US,17552,NULL,lccrawresults,2025-06-17
TH,202506,NULL,NULL,fastly,US,23969,NULL,lccrawresults,2025-06-17
TH,202506,NULL,NULL,fastly,US,24378,NULL,lccrawresults,2025-06-17
TH,202506,NULL,NULL,fastly,US,45758,NULL,lccrawresults,2025-06-17
TH,202506,NULL,NULL,gcore,Luxembourg,131445,NULL,lccrawresults,2025-06-17
TH,202506,NULL,NULL,gcore,Luxembourg,132061,NULL,lccrawresults,2025-06-17
TH,202506,NULL,NULL,gcore,Luxembourg,132618,NULL,lccrawresults,2025-06-17
TH,202506,NULL,NULL,gcore,Luxembourg,133481,NULL,lccrawresults,2025-06-17
TH,202506,NULL,NULL,gcore,Luxembourg,17552,NULL,lccrawresults,2025-06-17
TH,202506,NULL,NULL,gcore,Luxembourg,23969,NULL,lccrawresults,2025-06-17
TH,202506,NULL,NULL,gcore,Luxembourg,24378,NULL,lccrawresults,2025-06-17
TH,202506,NULL,NULL,gcore,Luxembourg,45758,NULL,lccrawresults,2025-06-17
TH,202506,NULL,NULL,microsoft,US,131445,NULL,lccrawresults,2025-06-17
TH,202506,NULL,NULL,microsoft,US,132061,NULL,lccrawresults,2025-06-17
TH,202506,NULL,NULL,microsoft,US,132618,NULL,lccrawresults,2025-06-17
TH,202506,NULL,NULL,microsoft,US,133481,NULL,lccrawresults,2025-06-17
TH,202506,NULL,NULL,microsoft,US,17552,NULL,lccrawresults,2025-06-17
TH,202506,NULL,NULL,microsoft,US,23969,NULL,lccrawresults,2025-06-17
TH,202506,NULL,NULL,microsoft,US,24378,NULL,lccrawresults,2025-06-17
TH,202506,NULL,NULL,microsoft,US,45758,NULL,lccrawresults,2025-06-17
TH,202507,NULL,NULL,akamai,US,131445,NULL,lccrawresults,2025-07-17
TH,202507,NULL,NULL,akamai,US,132618,NULL,lccrawresults,2025-07-17
TH,202507,NULL,NULL,akamai,US,133481,NULL,lccrawresults,2025-07-17
TH,202507,NULL,NULL,akamai,US,17552,NULL,lccrawresults,2025-07-17
TH,202507,NULL,NULL,akamai,US,23969,NULL,lccrawresults,2025-07-17
TH,202507,NULL,NULL,akamai,US,24378,NULL,lccrawresults,2025-07-17
TH,202507,NULL,NULL,akamai,US,45758,NULL,lccrawresults,2025-07-17
TH,202507,NULL,NULL,alibaba,China,131445,NULL,lccrawresults,2025-07-17
TH,202507,NULL,NULL,alibaba,China,132618,NULL,lccrawresults,2025-07-17
TH,202507,NULL,NULL,alibaba,China,133481,NULL,lccrawresults,2025-07-17
TH,202507,NULL,NULL,alibaba,China,17552,NULL,lccrawresults,2025-07-17
TH,202507,NULL,NULL,alibaba,China,23969,NULL,lccrawresults,2025-07-17
TH,202507,NULL,NULL,alibaba,China,24378,NULL,lccrawresults,2025-07-17
TH,202507,NULL,NULL,alibaba,China,45758,NULL,lccrawresults,2025-07-17
TH,202507,NULL,NULL,amazon,US,131445,NULL,lccrawresults,2025-07-17
TH,202507,NULL,NULL,amazon,US,132618,NULL,lccrawresults,2025-07-17
TH,202507,NULL,NULL,amazon,US,133481,NULL,lccrawresults,2025-07-17
TH,202507,NULL,NULL,amazon,US,17552,NULL,lccrawresults,2025-07-17
TH,202507,NULL,NULL,amazon,US,23969,NULL,lccrawresults,2025-07-17
TH,202507,NULL,NULL,amazon,US,24378,NULL,lccrawresults,2025-07-17
TH,202507,NULL,NULL,amazon,US,45758,NULL,lccrawresults,2025-07-17
TH,202507,NULL,NULL,bunnycdn,Slovenia,131445,NULL,lccrawresults,2025-07-17
TH,202507,NULL,NULL,bunnycdn,Slovenia,132618,NULL,lccrawresults,2025-07-17
TH,202507,NULL,NULL,bunnycdn,Slovenia,133481,NULL,lccrawresults,2025-07-17
TH,202507,NULL,NULL,bunnycdn,Slovenia,17552,NULL,lccrawresults,2025-07-17
TH,202507,NULL,NULL,bunnycdn,Slovenia,23969,NULL,lccrawresults,2025-07-17
TH,202507,NULL,NULL,bunnycdn,Slovenia,24378,NULL,lccrawresults,2025-07-17
TH,202507,NULL,NULL,bunnycdn,Slovenia,45758,NULL,lccrawresults,2025-07-17
TH,202507,NULL,NULL,cdn77,UK,131445,NULL,lccrawresults,2025-07-17
TH,202507,NULL,NULL,cdn77,UK,132618,NULL,lccrawresults,2025-07-17
TH,202507,NULL,NULL,cdn77,UK,133481,NULL,lccrawresults,2025-07-17
TH,202507,NULL,NULL,cdn77,UK,17552,NULL,lccrawresults,2025-07-17
TH,202507,NULL,NULL,cdn77,UK,23969,NULL,lccrawresults,2025-07-17
TH,202507,NULL,NULL,cdn77,UK,24378,NULL,lccrawresults,2025-07-17
TH,202507,NULL,NULL,cdn77,UK,45758,NULL,lccrawresults,2025-07-17
TH,202507,NULL,NULL,cloudflare,US,131445,NULL,lccrawresults,2025-07-17
TH,202507,NULL,NULL,cloudflare,US,132618,NULL,lccrawresults,2025-07-17
TH,202507,NULL,NULL,cloudflare,US,133481,NULL,lccrawresults,2025-07-17
TH,202507,NULL,NULL,cloudflare,US,17552,NULL,lccrawresults,2025-07-17
TH,202507,NULL,NULL,cloudflare,US,23969,NULL,lccrawresults,2025-07-17
TH,202507,NULL,NULL,cloudflare,US,24378,NULL,lccrawresults,2025-07-17
TH,202507,NULL,NULL,cloudflare,US,45758,NULL,lccrawresults,2025-07-17
TH,202507,NULL,NULL,facebook,US,131445,NULL,lccrawresults,2025-07-17
TH,202507,NULL,NULL,facebook,US,132618,NULL,lccrawresults,2025-07-17
TH,202507,NULL,NULL,facebook,US,133481,NULL,lccrawresults,2025-07-17
TH,202507,NULL,NULL,facebook,US,17552,NULL,lccrawresults,2025-07-17
TH,202507,NULL,NULL,facebook,US,23969,NULL,lccrawresults,2025-07-17
TH,202507,NULL,NULL,facebook,US,24378,NULL,lccrawresults,2025-07-17
TH,202507,NULL,NULL,facebook,US,45758,NULL,lccrawresults,2025-07-17
TH,202507,NULL,NULL,fastly,US,131445,NULL,lccrawresults,2025-07-17
TH,202507,NULL,NULL,fastly,US,132618,NULL,lccrawresults,2025-07-17
TH,202507,NULL,NULL,fastly,US,133481,NULL,lccrawresults,2025-07-17
TH,202507,NULL,NULL,fastly,US,17552,NULL,lccrawresults,2025-07-17
TH,202507,NULL,NULL,fastly,US,23969,NULL,lccrawresults,2025-07-17
TH,202507,NULL,NULL,fastly,US,24378,NULL,lccrawresults,2025-07-17
TH,202507,NULL,NULL,fastly,US,45758,NULL,lccrawresults,2025-07-17
TH,202507,NULL,NULL,gcore,Luxembourg,131445,NULL,lccrawresults,2025-07-17
TH,202507,NULL,NULL,gcore,Luxembourg,132618,NULL,lccrawresults,2025-07-17
TH,202507,NULL,NULL,gcore,Luxembourg,133481,NULL,lccrawresults,2025-07-17
TH,202507,NULL,NULL,gcore,Luxembourg,17552,NULL,lccrawresults,2025-07-17
TH,202507,NULL,NULL,gcore,Luxembourg,23969,NULL,lccrawresults,2025-07-17
TH,202507,NULL,NULL,gcore,Luxembourg,24378,NULL,lccrawresults,2025-07-17
TH,202507,NULL,NULL,gcore,Luxembourg,45758,NULL,lccrawresults,2025-07-17
TH,202507,NULL,NULL,microsoft,US,131445,NULL,lccrawresults,2025-07-17
TH,202507,NULL,NULL,microsoft,US,132618,NULL,lccrawresults,2025-07-17
TH,202507,NULL,NULL,microsoft,US,133481,NULL,lccrawresults,2025-07-17
TH,202507,NULL,NULL,microsoft,US,17552,NULL,lccrawresults,2025-07-17
TH,202507,NULL,NULL,microsoft,US,23969,NULL,lccrawresults,2025-07-17
TH,202507,NULL,NULL,microsoft,US,24378,NULL,lccrawresults,2025-07-17
TH,202507,NULL,NULL,microsoft,US,45758,NULL,lccrawresults,2025-07-17
TH,202508,NULL,NULL,akamai,US,131445,NULL,lccrawresults,2025-08-17
TH,202508,NULL,NULL,akamai,US,132061,NULL,lccrawresults,2025-08-17
TH,202508,NULL,NULL,akamai,US,132618,NULL,lccrawresults,2025-08-17
TH,202508,NULL,NULL,akamai,US,133481,NULL,lccrawresults,2025-08-17
TH,202508,NULL,NULL,akamai,US,17552,NULL,lccrawresults,2025-08-17
TH,202508,NULL,NULL,akamai,US,23969,NULL,lccrawresults,2025-08-17
TH,202508,NULL,NULL,akamai,US,24378,NULL,lccrawresults,2025-08-17
TH,202508,NULL,NULL,akamai,US,45758,NULL,lccrawresults,2025-08-17
TH,202508,NULL,NULL,alibaba,China,131445,NULL,lccrawresults,2025-08-17
TH,202508,NULL,NULL,alibaba,China,132061,NULL,lccrawresults,2025-08-17
TH,202508,NULL,NULL,alibaba,China,132618,NULL,lccrawresults,2025-08-17
TH,202508,NULL,NULL,alibaba,China,133481,NULL,lccrawresults,2025-08-17
TH,202508,NULL,NULL,alibaba,China,17552,NULL,lccrawresults,2025-08-17
TH,202508,NULL,NULL,alibaba,China,23969,NULL,lccrawresults,2025-08-17
TH,202508,NULL,NULL,alibaba,China,24378,NULL,lccrawresults,2025-08-17
TH,202508,NULL,NULL,alibaba,China,45758,NULL,lccrawresults,2025-08-17
TH,202508,NULL,NULL,amazon,US,131445,NULL,lccrawresults,2025-08-17
TH,202508,NULL,NULL,amazon,US,132061,NULL,lccrawresults,2025-08-17
TH,202508,NULL,NULL,amazon,US,132618,NULL,lccrawresults,2025-08-17
TH,202508,NULL,NULL,amazon,US,133481,NULL,lccrawresults,2025-08-17
TH,202508,NULL,NULL,amazon,US,17552,NULL,lccrawresults,2025-08-17
TH,202508,NULL,NULL,amazon,US,23969,NULL,lccrawresults,2025-08-17
TH,202508,NULL,NULL,amazon,US,24378,NULL,lccrawresults,2025-08-17
TH,202508,NULL,NULL,amazon,US,45758,NULL,lccrawresults,2025-08-17
TH,202508,NULL,NULL,bunnycdn,Slovenia,131445,NULL,lccrawresults,2025-08-17
TH,202508,NULL,NULL,bunnycdn,Slovenia,132061,NULL,lccrawresults,2025-08-17
TH,202508,NULL,NULL,bunnycdn,Slovenia,132618,NULL,lccrawresults,2025-08-17
TH,202508,NULL,NULL,bunnycdn,Slovenia,133481,NULL,lccrawresults,2025-08-17
TH,202508,NULL,NULL,bunnycdn,Slovenia,17552,NULL,lccrawresults,2025-08-17
TH,202508,NULL,NULL,bunnycdn,Slovenia,23969,NULL,lccrawresults,2025-08-17
TH,202508,NULL,NULL,bunnycdn,Slovenia,24378,NULL,lccrawresults,2025-08-17
TH,202508,NULL,NULL,bunnycdn,Slovenia,45758,NULL,lccrawresults,2025-08-17
TH,202508,NULL,NULL,cdn77,UK,131445,NULL,lccrawresults,2025-08-17
TH,202508,NULL,NULL,cdn77,UK,132061,NULL,lccrawresults,2025-08-17
TH,202508,NULL,NULL,cdn77,UK,132618,NULL,lccrawresults,2025-08-17
TH,202508,NULL,NULL,cdn77,UK,133481,NULL,lccrawresults,2025-08-17
TH,202508,NULL,NULL,cdn77,UK,17552,NULL,lccrawresults,2025-08-17
TH,202508,NULL,NULL,cdn77,UK,23969,NULL,lccrawresults,2025-08-17
TH,202508,NULL,NULL,cdn77,UK,24378,NULL,lccrawresults,2025-08-17
TH,202508,NULL,NULL,cdn77,UK,45758,NULL,lccrawresults,2025-08-17
TH,202508,NULL,NULL,cloudflare,US,131445,NULL,lccrawresults,2025-08-17
TH,202508,NULL,NULL,cloudflare,US,132061,NULL,lccrawresults,2025-08-17
TH,202508,NULL,NULL,cloudflare,US,132618,NULL,lccrawresults,2025-08-17
TH,202508,NULL,NULL,cloudflare,US,133481,NULL,lccrawresults,2025-08-17
TH,202508,NULL,NULL,cloudflare,US,17552,NULL,lccrawresults,2025-08-17
TH,202508,NULL,NULL,cloudflare,US,23969,NULL,lccrawresults,2025-08-17
TH,202508,NULL,NULL,cloudflare,US,24378,NULL,lccrawresults,2025-08-17
TH,202508,NULL,NULL,cloudflare,US,45758,NULL,lccrawresults,2025-08-17
TH,202508,NULL,NULL,facebook,US,131445,NULL,lccrawresults,2025-08-17
TH,202508,NULL,NULL,facebook,US,132061,NULL,lccrawresults,2025-08-17
TH,202508,NULL,NULL,facebook,US,132618,NULL,lccrawresults,2025-08-17
TH,202508,NULL,NULL,facebook,US,133481,NULL,lccrawresults,2025-08-17
TH,202508,NULL,NULL,facebook,US,17552,NULL,lccrawresults,2025-08-17
TH,202508,NULL,NULL,facebook,US,23969,NULL,lccrawresults,2025-08-17
TH,202508,NULL,NULL,facebook,US,24378,NULL,lccrawresults,2025-08-17
TH,202508,NULL,NULL,facebook,US,45758,NULL,lccrawresults,2025-08-17
TH,202508,NULL,NULL,fastly,US,131445,NULL,lccrawresults,2025-08-17
TH,202508,NULL,NULL,fastly,US,132061,NULL,lccrawresults,2025-08-17
TH,202508,NULL,NULL,fastly,US,132618,NULL,lccrawresults,2025-08-17
TH,202508,NULL,NULL,fastly,US,133481,NULL,lccrawresults,2025-08-17
TH,202508,NULL,NULL,fastly,US,17552,NULL,lccrawresults,2025-08-17
TH,202508,NULL,NULL,fastly,US,23969,NULL,lccrawresults,2025-08-17
TH,202508,NULL,NULL,fastly,US,24378,NULL,lccrawresults,2025-08-17
TH,202508,NULL,NULL,fastly,US,45758,NULL,lccrawresults,2025-08-17
TH,202508,NULL,NULL,gcore,Luxembourg,131445,NULL,lccrawresults,2025-08-17
TH,202508,NULL,NULL,gcore,Luxembourg,132061,NULL,lccrawresults,2025-08-17
TH,202508,NULL,NULL,gcore,Luxembourg,132618,NULL,lccrawresults,2025-08-17
TH,202508,NULL,NULL,gcore,Luxembourg,133481,NULL,lccrawresults,2025-08-17
TH,202508,NULL,NULL,gcore,Luxembourg,17552,NULL,lccrawresults,2025-08-17
TH,202508,NULL,NULL,gcore,Luxembourg,24378,NULL,lccrawresults,2025-08-17
TH,202508,NULL,NULL,gcore,Luxembourg,45758,NULL,lccrawresults,2025-08-17
TH,202508,NULL,NULL,microsoft,US,131445,NULL,lccrawresults,2025-08-17
TH,202508,NULL,NULL,microsoft,US,132061,NULL,lccrawresults,2025-08-17
TH,202508,NULL,NULL,microsoft,US,132618,NULL,lccrawresults,2025-08-17
TH,202508,NULL,NULL,microsoft,US,133481,NULL,lccrawresults,2025-08-17
TH,202508,NULL,NULL,microsoft,US,17552,NULL,lccrawresults,2025-08-17
TH,202508,NULL,NULL,microsoft,US,23969,NULL,lccrawresults,2025-08-17
TH,202508,NULL,NULL,microsoft,US,24378,NULL,lccrawresults,2025-08-17
TH,202508,NULL,NULL,microsoft,US,45758,NULL,lccrawresults,2025-08-17
TH,202509,NULL,NULL,akamai,US,131445,NULL,lccrawresults,2025-09-17
TH,202509,NULL,NULL,akamai,US,132061,NULL,lccrawresults,2025-09-17
TH,202509,NULL,NULL,akamai,US,132618,NULL,lccrawresults,2025-09-17
TH,202509,NULL,NULL,akamai,US,133481,NULL,lccrawresults,2025-09-17
TH,202509,NULL,NULL,akamai,US,17552,NULL,lccrawresults,2025-09-17
TH,202509,NULL,NULL,akamai,US,23969,NULL,lccrawresults,2025-09-17
TH,202509,NULL,NULL,akamai,US,24378,NULL,lccrawresults,2025-09-17
TH,202509,NULL,NULL,akamai,US,45758,NULL,lccrawresults,2025-09-17
TH,202509,NULL,NULL,alibaba,China,131445,NULL,lccrawresults,2025-09-17
TH,202509,NULL,NULL,alibaba,China,132061,NULL,lccrawresults,2025-09-17
TH,202509,NULL,NULL,alibaba,China,132618,NULL,lccrawresults,2025-09-17
TH,202509,NULL,NULL,alibaba,China,133481,NULL,lccrawresults,2025-09-17
TH,202509,NULL,NULL,alibaba,China,17552,NULL,lccrawresults,2025-09-17
TH,202509,NULL,NULL,alibaba,China,23969,NULL,lccrawresults,2025-09-17
TH,202509,NULL,NULL,alibaba,China,24378,NULL,lccrawresults,2025-09-17
TH,202509,NULL,NULL,alibaba,China,45758,NULL,lccrawresults,2025-09-17
TH,202509,NULL,NULL,amazon,US,131445,NULL,lccrawresults,2025-09-17
TH,202509,NULL,NULL,amazon,US,132618,NULL,lccrawresults,2025-09-17
TH,202509,NULL,NULL,amazon,US,133481,NULL,lccrawresults,2025-09-17
TH,202509,NULL,NULL,amazon,US,17552,NULL,lccrawresults,2025-09-17
TH,202509,NULL,NULL,amazon,US,23969,NULL,lccrawresults,2025-09-17
TH,202509,NULL,NULL,amazon,US,24378,NULL,lccrawresults,2025-09-17
TH,202509,NULL,NULL,amazon,US,45758,NULL,lccrawresults,2025-09-17
TH,202509,NULL,NULL,bunnycdn,Slovenia,131445,NULL,lccrawresults,2025-09-17
TH,202509,NULL,NULL,bunnycdn,Slovenia,132061,NULL,lccrawresults,2025-09-17
TH,202509,NULL,NULL,bunnycdn,Slovenia,132618,NULL,lccrawresults,2025-09-17
TH,202509,NULL,NULL,bunnycdn,Slovenia,133481,NULL,lccrawresults,2025-09-17
TH,202509,NULL,NULL,bunnycdn,Slovenia,17552,NULL,lccrawresults,2025-09-17
TH,202509,NULL,NULL,bunnycdn,Slovenia,23969,NULL,lccrawresults,2025-09-17
TH,202509,NULL,NULL,bunnycdn,Slovenia,24378,NULL,lccrawresults,2025-09-17
TH,202509,NULL,NULL,bunnycdn,Slovenia,45758,NULL,lccrawresults,2025-09-17
TH,202509,NULL,NULL,cdn77,UK,131445,NULL,lccrawresults,2025-09-17
TH,202509,NULL,NULL,cdn77,UK,132061,NULL,lccrawresults,2025-09-17
TH,202509,NULL,NULL,cdn77,UK,132618,NULL,lccrawresults,2025-09-17
TH,202509,NULL,NULL,cdn77,UK,133481,NULL,lccrawresults,2025-09-17
TH,202509,NULL,NULL,cdn77,UK,17552,NULL,lccrawresults,2025-09-17
TH,202509,NULL,NULL,cdn77,UK,23969,NULL,lccrawresults,2025-09-17
TH,202509,NULL,NULL,cdn77,UK,45758,NULL,lccrawresults,2025-09-17
TH,202509,NULL,NULL,cloudflare,US,131445,NULL,lccrawresults,2025-09-17
TH,202509,NULL,NULL,cloudflare,US,132061,NULL,lccrawresults,2025-09-17
TH,202509,NULL,NULL,cloudflare,US,132618,NULL,lccrawresults,2025-09-17
TH,202509,NULL,NULL,cloudflare,US,133481,NULL,lccrawresults,2025-09-17
TH,202509,NULL,NULL,cloudflare,US,17552,NULL,lccrawresults,2025-09-17
TH,202509,NULL,NULL,cloudflare,US,23969,NULL,lccrawresults,2025-09-17
TH,202509,NULL,NULL,cloudflare,US,45758,NULL,lccrawresults,2025-09-17
TH,202509,NULL,NULL,facebook,US,131445,NULL,lccrawresults,2025-09-17
TH,202509,NULL,NULL,facebook,US,132061,NULL,lccrawresults,2025-09-17
TH,202509,NULL,NULL,facebook,US,132618,NULL,lccrawresults,2025-09-17
TH,202509,NULL,NULL,facebook,US,133481,NULL,lccrawresults,2025-09-17
TH,202509,NULL,NULL,facebook,US,17552,NULL,lccrawresults,2025-09-17
TH,202509,NULL,NULL,facebook,US,23969,NULL,lccrawresults,2025-09-17
TH,202509,NULL,NULL,facebook,US,24378,NULL,lccrawresults,2025-09-17
TH,202509,NULL,NULL,facebook,US,45758,NULL,lccrawresults,2025-09-17
TH,202509,NULL,NULL,fastly,US,131445,NULL,lccrawresults,2025-09-17
TH,202509,NULL,NULL,fastly,US,132061,NULL,lccrawresults,2025-09-17
TH,202509,NULL,NULL,fastly,US,132618,NULL,lccrawresults,2025-09-17
TH,202509,NULL,NULL,fastly,US,133481,NULL,lccrawresults,2025-09-17
TH,202509,NULL,NULL,fastly,US,17552,NULL,lccrawresults,2025-09-17
TH,202509,NULL,NULL,fastly,US,23969,NULL,lccrawresults,2025-09-17
TH,202509,NULL,NULL,fastly,US,24378,NULL,lccrawresults,2025-09-17
TH,202509,NULL,NULL,fastly,US,45758,NULL,lccrawresults,2025-09-17
TH,202509,NULL,NULL,gcore,Luxembourg,131445,NULL,lccrawresults,2025-09-17
TH,202509,NULL,NULL,gcore,Luxembourg,132618,NULL,lccrawresults,2025-09-17
TH,202509,NULL,NULL,gcore,Luxembourg,133481,NULL,lccrawresults,2025-09-17
TH,202509,NULL,NULL,gcore,Luxembourg,17552,NULL,lccrawresults,2025-09-17
TH,202509,NULL,NULL,gcore,Luxembourg,23969,NULL,lccrawresults,2025-09-17
TH,202509,NULL,NULL,gcore,Luxembourg,24378,NULL,lccrawresults,2025-09-17
TH,202509,NULL,NULL,gcore,Luxembourg,45758,NULL,lccrawresults,2025-09-17
TH,202509,NULL,NULL,microsoft,US,131445,NULL,lccrawresults,2025-09-17
TH,202509,NULL,NULL,microsoft,US,132061,NULL,lccrawresults,2025-09-17
TH,202509,NULL,NULL,microsoft,US,132618,NULL,lccrawresults,2025-09-17
TH,202509,NULL,NULL,microsoft,US,133481,NULL,lccrawresults,2025-09-17
TH,202509,NULL,NULL,microsoft,US,17552,NULL,lccrawresults,2025-09-17
TH,202509,NULL,NULL,microsoft,US,23969,NULL,lccrawresults,2025-09-17
TH,202509,NULL,NULL,microsoft,US,24378,NULL,lccrawresults,2025-09-17
TH,202509,NULL,NULL,microsoft,US,45758,NULL,lccrawresults,2025-09-17
TH,202510,NULL,NULL,akamai,US,131445,NULL,lccrawresults,2025-10-17
TH,202510,NULL,NULL,akamai,US,132061,NULL,lccrawresults,2025-10-17
TH,202510,NULL,NULL,akamai,US,132618,NULL,lccrawresults,2025-10-17
TH,202510,NULL,NULL,akamai,US,133481,NULL,lccrawresults,2025-10-17
TH,202510,NULL,NULL,akamai,US,17552,NULL,lccrawresults,2025-10-17
TH,202510,NULL,NULL,akamai,US,23969,NULL,lccrawresults,2025-10-17
TH,202510,NULL,NULL,akamai,US,24378,NULL,lccrawresults,2025-10-17
TH,202510,NULL,NULL,akamai,US,45758,NULL,lccrawresults,2025-10-17
TH,202510,NULL,NULL,alibaba,China,131445,NULL,lccrawresults,2025-10-17
TH,202510,NULL,NULL,alibaba,China,132061,NULL,lccrawresults,2025-10-17
TH,202510,NULL,NULL,alibaba,China,132618,NULL,lccrawresults,2025-10-17
TH,202510,NULL,NULL,alibaba,China,133481,NULL,lccrawresults,2025-10-17
TH,202510,NULL,NULL,alibaba,China,17552,NULL,lccrawresults,2025-10-17
TH,202510,NULL,NULL,alibaba,China,23969,NULL,lccrawresults,2025-10-17
TH,202510,NULL,NULL,alibaba,China,24378,NULL,lccrawresults,2025-10-17
TH,202510,NULL,NULL,alibaba,China,45758,NULL,lccrawresults,2025-10-17
TH,202510,NULL,NULL,amazon,US,131445,NULL,lccrawresults,2025-10-17
TH,202510,NULL,NULL,amazon,US,132061,NULL,lccrawresults,2025-10-17
TH,202510,NULL,NULL,amazon,US,132618,NULL,lccrawresults,2025-10-17
TH,202510,NULL,NULL,amazon,US,133481,NULL,lccrawresults,2025-10-17
TH,202510,NULL,NULL,amazon,US,17552,NULL,lccrawresults,2025-10-17
TH,202510,NULL,NULL,amazon,US,24378,NULL,lccrawresults,2025-10-17
TH,202510,NULL,NULL,amazon,US,45758,NULL,lccrawresults,2025-10-17
TH,202510,NULL,NULL,bunnycdn,Slovenia,131445,NULL,lccrawresults,2025-10-17
TH,202510,NULL,NULL,bunnycdn,Slovenia,132061,NULL,lccrawresults,2025-10-17
TH,202510,NULL,NULL,bunnycdn,Slovenia,132618,NULL,lccrawresults,2025-10-17
TH,202510,NULL,NULL,bunnycdn,Slovenia,133481,NULL,lccrawresults,2025-10-17
TH,202510,NULL,NULL,bunnycdn,Slovenia,17552,NULL,lccrawresults,2025-10-17
TH,202510,NULL,NULL,bunnycdn,Slovenia,23969,NULL,lccrawresults,2025-10-17
TH,202510,NULL,NULL,bunnycdn,Slovenia,24378,NULL,lccrawresults,2025-10-17
TH,202510,NULL,NULL,bunnycdn,Slovenia,45758,NULL,lccrawresults,2025-10-17
TH,202510,NULL,NULL,cdn77,UK,131445,NULL,lccrawresults,2025-10-17
TH,202510,NULL,NULL,cdn77,UK,132061,NULL,lccrawresults,2025-10-17
TH,202510,NULL,NULL,cdn77,UK,132618,NULL,lccrawresults,2025-10-17
TH,202510,NULL,NULL,cdn77,UK,133481,NULL,lccrawresults,2025-10-17
TH,202510,NULL,NULL,cdn77,UK,17552,NULL,lccrawresults,2025-10-17
TH,202510,NULL,NULL,cdn77,UK,23969,NULL,lccrawresults,2025-10-17
TH,202510,NULL,NULL,cdn77,UK,24378,NULL,lccrawresults,2025-10-17
TH,202510,NULL,NULL,cdn77,UK,45758,NULL,lccrawresults,2025-10-17
TH,202510,NULL,NULL,cloudflare,US,131445,NULL,lccrawresults,2025-10-17
TH,202510,NULL,NULL,cloudflare,US,132061,NULL,lccrawresults,2025-10-17
TH,202510,NULL,NULL,cloudflare,US,132618,NULL,lccrawresults,2025-10-17
TH,202510,NULL,NULL,cloudflare,US,133481,NULL,lccrawresults,2025-10-17
TH,202510,NULL,NULL,cloudflare,US,17552,NULL,lccrawresults,2025-10-17
TH,202510,NULL,NULL,cloudflare,US,23969,NULL,lccrawresults,2025-10-17
TH,202510,NULL,NULL,cloudflare,US,24378,NULL,lccrawresults,2025-10-17
TH,202510,NULL,NULL,cloudflare,US,45758,NULL,lccrawresults,2025-10-17
TH,202510,NULL,NULL,facebook,US,131445,NULL,lccrawresults,2025-10-17
TH,202510,NULL,NULL,facebook,US,132061,NULL,lccrawresults,2025-10-17
TH,202510,NULL,NULL,facebook,US,132618,NULL,lccrawresults,2025-10-17
TH,202510,NULL,NULL,facebook,US,133481,NULL,lccrawresults,2025-10-17
TH,202510,NULL,NULL,facebook,US,17552,NULL,lccrawresults,2025-10-17
TH,202510,NULL,NULL,facebook,US,23969,NULL,lccrawresults,2025-10-17
TH,202510,NULL,NULL,facebook,US,45758,NULL,lccrawresults,2025-10-17
TH,202510,NULL,NULL,fastly,US,131445,NULL,lccrawresults,2025-10-17
TH,202510,NULL,NULL,fastly,US,132061,NULL,lccrawresults,2025-10-17
TH,202510,NULL,NULL,fastly,US,132618,NULL,lccrawresults,2025-10-17
TH,202510,NULL,NULL,fastly,US,133481,NULL,lccrawresults,2025-10-17
TH,202510,NULL,NULL,fastly,US,17552,NULL,lccrawresults,2025-10-17
TH,202510,NULL,NULL,fastly,US,24378,NULL,lccrawresults,2025-10-17
TH,202510,NULL,NULL,fastly,US,45758,NULL,lccrawresults,2025-10-17
TH,202510,NULL,NULL,gcore,Luxembourg,131445,NULL,lccrawresults,2025-10-17
TH,202510,NULL,NULL,gcore,Luxembourg,132061,NULL,lccrawresults,2025-10-17
TH,202510,NULL,NULL,gcore,Luxembourg,132618,NULL,lccrawresults,2025-10-17
TH,202510,NULL,NULL,gcore,Luxembourg,133481,NULL,lccrawresults,2025-10-17
TH,202510,NULL,NULL,gcore,Luxembourg,17552,NULL,lccrawresults,2025-10-17
TH,202510,NULL,NULL,gcore,Luxembourg,23969,NULL,lccrawresults,2025-10-17
TH,202510,NULL,NULL,gcore,Luxembourg,24378,NULL,lccrawresults,2025-10-17
TH,202510,NULL,NULL,gcore,Luxembourg,45758,NULL,lccrawresults,2025-10-17
TH,202510,NULL,NULL,microsoft,US,131445,NULL,lccrawresults,2025-10-17
TH,202510,NULL,NULL,microsoft,US,132061,NULL,lccrawresults,2025-10-17
TH,202510,NULL,NULL,microsoft,US,132618,NULL,lccrawresults,2025-10-17
TH,202510,NULL,NULL,microsoft,US,133481,NULL,lccrawresults,2025-10-17
TH,202510,NULL,NULL,microsoft,US,17552,NULL,lccrawresults,2025-10-17
TH,202510,NULL,NULL,microsoft,US,23969,NULL,lccrawresults,2025-10-17
TH,202510,NULL,NULL,microsoft,US,24378,NULL,lccrawresults,2025-10-17
TH,202510,NULL,NULL,microsoft,US,45758,NULL,lccrawresults,2025-10-17
TH,202511,NULL,NULL,akamai,US,131445,NULL,lccrawresults,2025-11-17
TH,202511,NULL,NULL,akamai,US,132618,NULL,lccrawresults,2025-11-17
TH,202511,NULL,NULL,akamai,US,133481,NULL,lccrawresults,2025-11-17
TH,202511,NULL,NULL,akamai,US,17552,NULL,lccrawresults,2025-11-17
TH,202511,NULL,NULL,akamai,US,23969,NULL,lccrawresults,2025-11-17
TH,202511,NULL,NULL,akamai,US,24378,NULL,lccrawresults,2025-11-17
TH,202511,NULL,NULL,akamai,US,45758,NULL,lccrawresults,2025-11-17
TH,202511,NULL,NULL,alibaba,China,131445,NULL,lccrawresults,2025-11-17
TH,202511,NULL,NULL,alibaba,China,132618,NULL,lccrawresults,2025-11-17
TH,202511,NULL,NULL,alibaba,China,133481,NULL,lccrawresults,2025-11-17
TH,202511,NULL,NULL,alibaba,China,17552,NULL,lccrawresults,2025-11-17
TH,202511,NULL,NULL,alibaba,China,23969,NULL,lccrawresults,2025-11-17
TH,202511,NULL,NULL,alibaba,China,24378,NULL,lccrawresults,2025-11-17
TH,202511,NULL,NULL,alibaba,China,45758,NULL,lccrawresults,2025-11-17
TH,202511,NULL,NULL,amazon,US,131445,NULL,lccrawresults,2025-11-17
TH,202511,NULL,NULL,amazon,US,132618,NULL,lccrawresults,2025-11-17
TH,202511,NULL,NULL,amazon,US,133481,NULL,lccrawresults,2025-11-17
TH,202511,NULL,NULL,amazon,US,17552,NULL,lccrawresults,2025-11-17
TH,202511,NULL,NULL,amazon,US,23969,NULL,lccrawresults,2025-11-17
TH,202511,NULL,NULL,amazon,US,24378,NULL,lccrawresults,2025-11-17
TH,202511,NULL,NULL,amazon,US,45758,NULL,lccrawresults,2025-11-17
TH,202511,NULL,NULL,bunnycdn,Slovenia,131445,NULL,lccrawresults,2025-11-17
TH,202511,NULL,NULL,bunnycdn,Slovenia,132618,NULL,lccrawresults,2025-11-17
TH,202511,NULL,NULL,bunnycdn,Slovenia,133481,NULL,lccrawresults,2025-11-17
TH,202511,NULL,NULL,bunnycdn,Slovenia,17552,NULL,lccrawresults,2025-11-17
TH,202511,NULL,NULL,bunnycdn,Slovenia,23969,NULL,lccrawresults,2025-11-17
TH,202511,NULL,NULL,bunnycdn,Slovenia,24378,NULL,lccrawresults,2025-11-17
TH,202511,NULL,NULL,bunnycdn,Slovenia,45758,NULL,lccrawresults,2025-11-17
TH,202511,NULL,NULL,cdn77,UK,131445,NULL,lccrawresults,2025-11-17
TH,202511,NULL,NULL,cdn77,UK,132618,NULL,lccrawresults,2025-11-17
TH,202511,NULL,NULL,cdn77,UK,133481,NULL,lccrawresults,2025-11-17
TH,202511,NULL,NULL,cdn77,UK,17552,NULL,lccrawresults,2025-11-17
TH,202511,NULL,NULL,cdn77,UK,23969,NULL,lccrawresults,2025-11-17
TH,202511,NULL,NULL,cdn77,UK,24378,NULL,lccrawresults,2025-11-17
TH,202511,NULL,NULL,cdn77,UK,45758,NULL,lccrawresults,2025-11-17
TH,202511,NULL,NULL,cloudflare,US,131445,NULL,lccrawresults,2025-11-17
TH,202511,NULL,NULL,cloudflare,US,132618,NULL,lccrawresults,2025-11-17
TH,202511,NULL,NULL,cloudflare,US,133481,NULL,lccrawresults,2025-11-17
TH,202511,NULL,NULL,cloudflare,US,17552,NULL,lccrawresults,2025-11-17
TH,202511,NULL,NULL,cloudflare,US,23969,NULL,lccrawresults,2025-11-17
TH,202511,NULL,NULL,cloudflare,US,24378,NULL,lccrawresults,2025-11-17
TH,202511,NULL,NULL,cloudflare,US,45758,NULL,lccrawresults,2025-11-17
TH,202511,NULL,NULL,facebook,US,131445,NULL,lccrawresults,2025-11-17
TH,202511,NULL,NULL,facebook,US,132618,NULL,lccrawresults,2025-11-17
TH,202511,NULL,NULL,facebook,US,133481,NULL,lccrawresults,2025-11-17
TH,202511,NULL,NULL,facebook,US,17552,NULL,lccrawresults,2025-11-17
TH,202511,NULL,NULL,facebook,US,23969,NULL,lccrawresults,2025-11-17
TH,202511,NULL,NULL,facebook,US,24378,NULL,lccrawresults,2025-11-17
TH,202511,NULL,NULL,facebook,US,45758,NULL,lccrawresults,2025-11-17
TH,202511,NULL,NULL,fastly,US,131445,NULL,lccrawresults,2025-11-17
TH,202511,NULL,NULL,fastly,US,132618,NULL,lccrawresults,2025-11-17
TH,202511,NULL,NULL,fastly,US,133481,NULL,lccrawresults,2025-11-17
TH,202511,NULL,NULL,fastly,US,17552,NULL,lccrawresults,2025-11-17
TH,202511,NULL,NULL,fastly,US,23969,NULL,lccrawresults,2025-11-17
TH,202511,NULL,NULL,fastly,US,24378,NULL,lccrawresults,2025-11-17
TH,202511,NULL,NULL,fastly,US,45758,NULL,lccrawresults,2025-11-17
TH,202511,NULL,NULL,microsoft,US,131445,NULL,lccrawresults,2025-11-17
TH,202511,NULL,NULL,microsoft,US,132618,NULL,lccrawresults,2025-11-17
TH,202511,NULL,NULL,microsoft,US,133481,NULL,lccrawresults,2025-11-17
TH,202511,NULL,NULL,microsoft,US,17552,NULL,lccrawresults,2025-11-17
TH,202511,NULL,NULL,microsoft,US,23969,NULL,lccrawresults,2025-11-17
TH,202511,NULL,NULL,microsoft,US,24378,NULL,lccrawresults,2025-11-17
TH,202511,NULL,NULL,microsoft,US,45758,NULL,lccrawresults,2025-11-17
TH,202511,NULL,NULL,netflix,US,131445,NULL,lccrawresults,2025-11-17
TH,202511,NULL,NULL,netflix,US,132618,NULL,lccrawresults,2025-11-17
TH,202511,NULL,NULL,netflix,US,133481,NULL,lccrawresults,2025-11-17
TH,202511,NULL,NULL,netflix,US,17552,NULL,lccrawresults,2025-11-17
TH,202511,NULL,NULL,netflix,US,23969,NULL,lccrawresults,2025-11-17
TH,202511,NULL,NULL,netflix,US,24378,NULL,lccrawresults,2025-11-17
TH,202511,NULL,NULL,netflix,US,45758,NULL,lccrawresults,2025-11-17
TH,202512,NULL,NULL,akamai,US,131445,NULL,lccrawresults,2025-12-17
TH,202512,NULL,NULL,akamai,US,132618,NULL,lccrawresults,2025-12-17
TH,202512,NULL,NULL,akamai,US,133481,NULL,lccrawresults,2025-12-17
TH,202512,NULL,NULL,akamai,US,17552,NULL,lccrawresults,2025-12-17
TH,202512,NULL,NULL,akamai,US,23969,NULL,lccrawresults,2025-12-17
TH,202512,NULL,NULL,akamai,US,24378,NULL,lccrawresults,2025-12-17
TH,202512,NULL,NULL,akamai,US,45758,NULL,lccrawresults,2025-12-17
TH,202512,NULL,NULL,alibaba,China,131445,NULL,lccrawresults,2025-12-17
TH,202512,NULL,NULL,alibaba,China,132618,NULL,lccrawresults,2025-12-17
TH,202512,NULL,NULL,alibaba,China,133481,NULL,lccrawresults,2025-12-17
TH,202512,NULL,NULL,alibaba,China,17552,NULL,lccrawresults,2025-12-17
TH,202512,NULL,NULL,alibaba,China,23969,NULL,lccrawresults,2025-12-17
TH,202512,NULL,NULL,alibaba,China,24378,NULL,lccrawresults,2025-12-17
TH,202512,NULL,NULL,alibaba,China,45758,NULL,lccrawresults,2025-12-17
TH,202512,NULL,NULL,amazon,US,131445,NULL,lccrawresults,2025-12-17
TH,202512,NULL,NULL,amazon,US,132618,NULL,lccrawresults,2025-12-17
TH,202512,NULL,NULL,amazon,US,133481,NULL,lccrawresults,2025-12-17
TH,202512,NULL,NULL,amazon,US,17552,NULL,lccrawresults,2025-12-17
TH,202512,NULL,NULL,amazon,US,23969,NULL,lccrawresults,2025-12-17
TH,202512,NULL,NULL,amazon,US,24378,NULL,lccrawresults,2025-12-17
TH,202512,NULL,NULL,amazon,US,45758,NULL,lccrawresults,2025-12-17
TH,202512,NULL,NULL,bunnycdn,Slovenia,131445,NULL,lccrawresults,2025-12-17
TH,202512,NULL,NULL,bunnycdn,Slovenia,132618,NULL,lccrawresults,2025-12-17
TH,202512,NULL,NULL,bunnycdn,Slovenia,133481,NULL,lccrawresults,2025-12-17
TH,202512,NULL,NULL,bunnycdn,Slovenia,17552,NULL,lccrawresults,2025-12-17
TH,202512,NULL,NULL,bunnycdn,Slovenia,23969,NULL,lccrawresults,2025-12-17
TH,202512,NULL,NULL,bunnycdn,Slovenia,24378,NULL,lccrawresults,2025-12-17
TH,202512,NULL,NULL,bunnycdn,Slovenia,45758,NULL,lccrawresults,2025-12-17
TH,202512,NULL,NULL,cdn77,UK,131445,NULL,lccrawresults,2025-12-17
TH,202512,NULL,NULL,cdn77,UK,132618,NULL,lccrawresults,2025-12-17
TH,202512,NULL,NULL,cdn77,UK,133481,NULL,lccrawresults,2025-12-17
TH,202512,NULL,NULL,cdn77,UK,17552,NULL,lccrawresults,2025-12-17
TH,202512,NULL,NULL,cdn77,UK,23969,NULL,lccrawresults,2025-12-17
TH,202512,NULL,NULL,cdn77,UK,24378,NULL,lccrawresults,2025-12-17
TH,202512,NULL,NULL,cdn77,UK,45758,NULL,lccrawresults,2025-12-17
TH,202512,NULL,NULL,cloudflare,US,131445,NULL,lccrawresults,2025-12-17
TH,202512,NULL,NULL,cloudflare,US,132618,NULL,lccrawresults,2025-12-17
TH,202512,NULL,NULL,cloudflare,US,133481,NULL,lccrawresults,2025-12-17
TH,202512,NULL,NULL,cloudflare,US,17552,NULL,lccrawresults,2025-12-17
TH,202512,NULL,NULL,cloudflare,US,23969,NULL,lccrawresults,2025-12-17
TH,202512,NULL,NULL,cloudflare,US,24378,NULL,lccrawresults,2025-12-17
TH,202512,NULL,NULL,cloudflare,US,45758,NULL,lccrawresults,2025-12-17
TH,202512,NULL,NULL,facebook,US,131445,NULL,lccrawresults,2025-12-17
TH,202512,NULL,NULL,facebook,US,132618,NULL,lccrawresults,2025-12-17
TH,202512,NULL,NULL,facebook,US,133481,NULL,lccrawresults,2025-12-17
TH,202512,NULL,NULL,facebook,US,17552,NULL,lccrawresults,2025-12-17
TH,202512,NULL,NULL,facebook,US,23969,NULL,lccrawresults,2025-12-17
TH,202512,NULL,NULL,facebook,US,24378,NULL,lccrawresults,2025-12-17
TH,202512,NULL,NULL,facebook,US,45758,NULL,lccrawresults,2025-12-17
TH,202512,NULL,NULL,fastly,US,131445,NULL,lccrawresults,2025-12-17
TH,202512,NULL,NULL,fastly,US,132618,NULL,lccrawresults,2025-12-17
TH,202512,NULL,NULL,fastly,US,133481,NULL,lccrawresults,2025-12-17
TH,202512,NULL,NULL,fastly,US,17552,NULL,lccrawresults,2025-12-17
TH,202512,NULL,NULL,fastly,US,23969,NULL,lccrawresults,2025-12-17
TH,202512,NULL,NULL,fastly,US,24378,NULL,lccrawresults,2025-12-17
TH,202512,NULL,NULL,fastly,US,45758,NULL,lccrawresults,2025-12-17
TH,202512,NULL,NULL,microsoft,US,131445,NULL,lccrawresults,2025-12-17
TH,202512,NULL,NULL,microsoft,US,132618,NULL,lccrawresults,2025-12-17
TH,202512,NULL,NULL,microsoft,US,133481,NULL,lccrawresults,2025-12-17
TH,202512,NULL,NULL,microsoft,US,17552,NULL,lccrawresults,2025-12-17
TH,202512,NULL,NULL,microsoft,US,23969,NULL,lccrawresults,2025-12-17
TH,202512,NULL,NULL,microsoft,US,24378,NULL,lccrawresults,2025-12-17
TH,202512,NULL,NULL,microsoft,US,45758,NULL,lccrawresults,2025-12-17
TH,202601,NULL,NULL,akamai,US,131445,NULL,lccrawresults,2026-01-17
TH,202601,NULL,NULL,akamai,US,132618,NULL,lccrawresults,2026-01-17
TH,202601,NULL,NULL,akamai,US,133481,NULL,lccrawresults,2026-01-17
TH,202601,NULL,NULL,akamai,US,17552,NULL,lccrawresults,2026-01-17
TH,202601,NULL,NULL,akamai,US,23969,NULL,lccrawresults,2026-01-17
TH,202601,NULL,NULL,akamai,US,24378,NULL,lccrawresults,2026-01-17
TH,202601,NULL,NULL,akamai,US,45758,NULL,lccrawresults,2026-01-17
TH,202601,NULL,NULL,alibaba,China,131445,NULL,lccrawresults,2026-01-17
TH,202601,NULL,NULL,alibaba,China,132618,NULL,lccrawresults,2026-01-17
TH,202601,NULL,NULL,alibaba,China,133481,NULL,lccrawresults,2026-01-17
TH,202601,NULL,NULL,alibaba,China,17552,NULL,lccrawresults,2026-01-17
TH,202601,NULL,NULL,alibaba,China,23969,NULL,lccrawresults,2026-01-17
TH,202601,NULL,NULL,alibaba,China,24378,NULL,lccrawresults,2026-01-17
TH,202601,NULL,NULL,alibaba,China,45758,NULL,lccrawresults,2026-01-17
TH,202601,NULL,NULL,amazon,US,131445,NULL,lccrawresults,2026-01-17
TH,202601,NULL,NULL,amazon,US,132618,NULL,lccrawresults,2026-01-17
TH,202601,NULL,NULL,amazon,US,133481,NULL,lccrawresults,2026-01-17
TH,202601,NULL,NULL,amazon,US,17552,NULL,lccrawresults,2026-01-17
TH,202601,NULL,NULL,amazon,US,23969,NULL,lccrawresults,2026-01-17
TH,202601,NULL,NULL,amazon,US,24378,NULL,lccrawresults,2026-01-17
TH,202601,NULL,NULL,amazon,US,45758,NULL,lccrawresults,2026-01-17
TH,202601,NULL,NULL,bunnycdn,Slovenia,131445,NULL,lccrawresults,2026-01-17
TH,202601,NULL,NULL,bunnycdn,Slovenia,132618,NULL,lccrawresults,2026-01-17
TH,202601,NULL,NULL,bunnycdn,Slovenia,133481,NULL,lccrawresults,2026-01-17
TH,202601,NULL,NULL,bunnycdn,Slovenia,17552,NULL,lccrawresults,2026-01-17
TH,202601,NULL,NULL,bunnycdn,Slovenia,23969,NULL,lccrawresults,2026-01-17
TH,202601,NULL,NULL,bunnycdn,Slovenia,45758,NULL,lccrawresults,2026-01-17
TH,202601,NULL,NULL,cdn77,UK,131445,NULL,lccrawresults,2026-01-17
TH,202601,NULL,NULL,cdn77,UK,132618,NULL,lccrawresults,2026-01-17
TH,202601,NULL,NULL,cdn77,UK,133481,NULL,lccrawresults,2026-01-17
TH,202601,NULL,NULL,cdn77,UK,17552,NULL,lccrawresults,2026-01-17
TH,202601,NULL,NULL,cdn77,UK,23969,NULL,lccrawresults,2026-01-17
TH,202601,NULL,NULL,cdn77,UK,24378,NULL,lccrawresults,2026-01-17
TH,202601,NULL,NULL,cdn77,UK,45758,NULL,lccrawresults,2026-01-17
TH,202601,NULL,NULL,cloudflare,US,131445,NULL,lccrawresults,2026-01-17
TH,202601,NULL,NULL,cloudflare,US,132618,NULL,lccrawresults,2026-01-17
TH,202601,NULL,NULL,cloudflare,US,133481,NULL,lccrawresults,2026-01-17
TH,202601,NULL,NULL,cloudflare,US,17552,NULL,lccrawresults,2026-01-17
TH,202601,NULL,NULL,cloudflare,US,23969,NULL,lccrawresults,2026-01-17
TH,202601,NULL,NULL,cloudflare,US,45758,NULL,lccrawresults,2026-01-17
TH,202601,NULL,NULL,facebook,US,131445,NULL,lccrawresults,2026-01-17
TH,202601,NULL,NULL,facebook,US,132618,NULL,lccrawresults,2026-01-17
TH,202601,NULL,NULL,facebook,US,133481,NULL,lccrawresults,2026-01-17
TH,202601,NULL,NULL,facebook,US,17552,NULL,lccrawresults,2026-01-17
TH,202601,NULL,NULL,facebook,US,23969,NULL,lccrawresults,2026-01-17
TH,202601,NULL,NULL,facebook,US,24378,NULL,lccrawresults,2026-01-17
TH,202601,NULL,NULL,facebook,US,45758,NULL,lccrawresults,2026-01-17
TH,202601,NULL,NULL,fastly,US,131445,NULL,lccrawresults,2026-01-17
TH,202601,NULL,NULL,fastly,US,132618,NULL,lccrawresults,2026-01-17
TH,202601,NULL,NULL,fastly,US,133481,NULL,lccrawresults,2026-01-17
TH,202601,NULL,NULL,fastly,US,17552,NULL,lccrawresults,2026-01-17
TH,202601,NULL,NULL,fastly,US,23969,NULL,lccrawresults,2026-01-17
TH,202601,NULL,NULL,fastly,US,45758,NULL,lccrawresults,2026-01-17
TH,202601,NULL,NULL,microsoft,US,131445,NULL,lccrawresults,2026-01-17
TH,202601,NULL,NULL,microsoft,US,132618,NULL,lccrawresults,2026-01-17
TH,202601,NULL,NULL,microsoft,US,133481,NULL,lccrawresults,2026-01-17
TH,202601,NULL,NULL,microsoft,US,17552,NULL,lccrawresults,2026-01-17
TH,202601,NULL,NULL,microsoft,US,23969,NULL,lccrawresults,2026-01-17
TH,202601,NULL,NULL,microsoft,US,24378,NULL,lccrawresults,2026-01-17
TH,202601,NULL,NULL,microsoft,US,45758,NULL,lccrawresults,2026-01-17
TH,202601,NULL,NULL,netflix,US,131445,NULL,lccrawresults,2026-01-17
TH,202601,NULL,NULL,netflix,US,132618,NULL,lccrawresults,2026-01-17
TH,202601,NULL,NULL,netflix,US,133481,NULL,lccrawresults,2026-01-17
TH,202601,NULL,NULL,netflix,US,17552,NULL,lccrawresults,2026-01-17
TH,202601,NULL,NULL,netflix,US,23969,NULL,lccrawresults,2026-01-17
TH,202601,NULL,NULL,netflix,US,24378,NULL,lccrawresults,2026-01-17
TH,202601,NULL,NULL,netflix,US,45758,NULL,lccrawresults,2026-01-17
VN,202406,NULL,NULL,akamai,US,18403,NULL,lccrawresults,2024-06-04
VN,202406,NULL,NULL,akamai,US,18403,NULL,lccrawresults,2024-06-19
VN,202406,NULL,NULL,akamai,US,45899,NULL,lccrawresults,2024-06-04
VN,202406,NULL,NULL,akamai,US,45899,NULL,lccrawresults,2024-06-19
VN,202406,NULL,NULL,akamai,US,7552,NULL,lccrawresults,2024-06-04
VN,202406,NULL,NULL,akamai,US,7552,NULL,lccrawresults,2024-06-19
VN,202406,NULL,NULL,alibaba,China,18403,NULL,lccrawresults,2024-06-19
VN,202406,NULL,NULL,alibaba,China,45899,NULL,lccrawresults,2024-06-19
VN,202406,NULL,NULL,alibaba,China,7552,NULL,lccrawresults,2024-06-19
VN,202406,NULL,NULL,amazon,US,18403,NULL,lccrawresults,2024-06-19
VN,202406,NULL,NULL,amazon,US,45899,NULL,lccrawresults,2024-06-19
VN,202406,NULL,NULL,amazon,US,7552,NULL,lccrawresults,2024-06-19
VN,202406,NULL,NULL,bunnycdn,Slovenia,18403,NULL,lccrawresults,2024-06-04
VN,202406,NULL,NULL,bunnycdn,Slovenia,45899,NULL,lccrawresults,2024-06-04
VN,202406,NULL,NULL,bunnycdn,Slovenia,7552,NULL,lccrawresults,2024-06-04
VN,202406,NULL,NULL,cdn77,UK,18403,NULL,lccrawresults,2024-06-19
VN,202406,NULL,NULL,cdn77,UK,45899,NULL,lccrawresults,2024-06-19
VN,202406,NULL,NULL,cloudflare,US,18403,NULL,lccrawresults,2024-06-04
VN,202406,NULL,NULL,cloudflare,US,18403,NULL,lccrawresults,2024-06-19
VN,202406,NULL,NULL,cloudflare,US,45899,NULL,lccrawresults,2024-06-04
VN,202406,NULL,NULL,cloudflare,US,45899,NULL,lccrawresults,2024-06-19
VN,202406,NULL,NULL,cloudflare,US,7552,NULL,lccrawresults,2024-06-04
VN,202406,NULL,NULL,cloudflare,US,7552,NULL,lccrawresults,2024-06-19
VN,202406,NULL,NULL,cloudfront,US,18403,NULL,lccrawresults,2024-06-04
VN,202406,NULL,NULL,cloudfront,US,45899,NULL,lccrawresults,2024-06-04
VN,202406,NULL,NULL,cloudfront,US,7552,NULL,lccrawresults,2024-06-04
VN,202406,NULL,NULL,facebook,US,18403,NULL,lccrawresults,2024-06-04
VN,202406,NULL,NULL,facebook,US,18403,NULL,lccrawresults,2024-06-19
VN,202406,NULL,NULL,facebook,US,45899,NULL,lccrawresults,2024-06-04
VN,202406,NULL,NULL,facebook,US,45899,NULL,lccrawresults,2024-06-19
VN,202406,NULL,NULL,facebook,US,7552,NULL,lccrawresults,2024-06-04
VN,202406,NULL,NULL,facebook,US,7552,NULL,lccrawresults,2024-06-19
VN,202406,NULL,NULL,fastly,US,18403,NULL,lccrawresults,2024-06-04
VN,202406,NULL,NULL,fastly,US,18403,NULL,lccrawresults,2024-06-19
VN,202406,NULL,NULL,fastly,US,45899,NULL,lccrawresults,2024-06-04
VN,202406,NULL,NULL,fastly,US,45899,NULL,lccrawresults,2024-06-19
VN,202406,NULL,NULL,fastly,US,7552,NULL,lccrawresults,2024-06-04
VN,202406,NULL,NULL,microsoft,US,18403,NULL,lccrawresults,2024-06-19
VN,202406,NULL,NULL,microsoft,US,45899,NULL,lccrawresults,2024-06-19
VN,202406,NULL,NULL,microsoft,US,7552,NULL,lccrawresults,2024-06-19
VN,202407,NULL,NULL,akamai,US,18403,NULL,lccrawresults,2024-07-30
VN,202407,NULL,NULL,microsoft,US,18403,NULL,lccrawresults,2024-07-30
VN,202408,NULL,NULL,akamai,US,18403,NULL,lccrawresults,2024-08-07
VN,202408,NULL,NULL,akamai,US,18403,NULL,lccrawresults,2024-08-20
VN,202408,NULL,NULL,alibaba,China,18403,NULL,lccrawresults,2024-08-07
VN,202408,NULL,NULL,alibaba,China,18403,NULL,lccrawresults,2024-08-20
VN,202408,NULL,NULL,amazon,US,18403,NULL,lccrawresults,2024-08-07
VN,202408,NULL,NULL,amazon,US,18403,NULL,lccrawresults,2024-08-20
VN,202408,NULL,NULL,cdn77,UK,18403,NULL,lccrawresults,2024-08-07
VN,202408,NULL,NULL,cdn77,UK,18403,NULL,lccrawresults,2024-08-20
VN,202408,NULL,NULL,cloudflare,US,18403,NULL,lccrawresults,2024-08-07
VN,202408,NULL,NULL,cloudflare,US,18403,NULL,lccrawresults,2024-08-20
VN,202408,NULL,NULL,facebook,US,18403,NULL,lccrawresults,2024-08-07
VN,202408,NULL,NULL,facebook,US,18403,NULL,lccrawresults,2024-08-20
VN,202408,NULL,NULL,fastly,US,18403,NULL,lccrawresults,2024-08-07
VN,202408,NULL,NULL,fastly,US,18403,NULL,lccrawresults,2024-08-20
VN,202408,NULL,NULL,microsoft,US,18403,NULL,lccrawresults,2024-08-07
VN,202408,NULL,NULL,microsoft,US,18403,NULL,lccrawresults,2024-08-20
VN,202408,NULL,NULL,wordpress,US,18403,NULL,lccrawresults,2024-08-07
VN,202408,NULL,NULL,wordpress,US,18403,NULL,lccrawresults,2024-08-20
VN,202409,NULL,NULL,akamai,US,18403,NULL,lccrawresults,2024-09-19
VN,202409,NULL,NULL,akamai,US,18403,NULL,lccrawresults,2024-09-16
VN,202409,NULL,NULL,alibaba,China,18403,NULL,lccrawresults,2024-09-19
VN,202409,NULL,NULL,alibaba,China,18403,NULL,lccrawresults,2024-09-16
VN,202409,NULL,NULL,amazon,US,18403,NULL,lccrawresults,2024-09-19
VN,202409,NULL,NULL,amazon,US,18403,NULL,lccrawresults,2024-09-16
VN,202409,NULL,NULL,cdn77,UK,18403,NULL,lccrawresults,2024-09-19
VN,202409,NULL,NULL,cdn77,UK,18403,NULL,lccrawresults,2024-09-16
VN,202409,NULL,NULL,cloudflare,US,18403,NULL,lccrawresults,2024-09-19
VN,202409,NULL,NULL,cloudflare,US,18403,NULL,lccrawresults,2024-09-16
VN,202409,NULL,NULL,facebook,US,18403,NULL,lccrawresults,2024-09-19
VN,202409,NULL,NULL,facebook,US,18403,NULL,lccrawresults,2024-09-16
VN,202409,NULL,NULL,fastly,US,18403,NULL,lccrawresults,2024-09-19
VN,202409,NULL,NULL,fastly,US,18403,NULL,lccrawresults,2024-09-16
VN,202409,NULL,NULL,gcore,Luxembourg,18403,NULL,lccrawresults,2024-09-19
VN,202409,NULL,NULL,gcore,Luxembourg,18403,NULL,lccrawresults,2024-09-16
VN,202409,NULL,NULL,microsoft,US,18403,NULL,lccrawresults,2024-09-19
VN,202409,NULL,NULL,microsoft,US,18403,NULL,lccrawresults,2024-09-16
VN,202410,NULL,NULL,akamai,US,18403,NULL,lccrawresults,2024-10-17
VN,202410,NULL,NULL,alibaba,China,18403,NULL,lccrawresults,2024-10-17
VN,202410,NULL,NULL,amazon,US,18403,NULL,lccrawresults,2024-10-17
VN,202410,NULL,NULL,cdn77,UK,18403,NULL,lccrawresults,2024-10-17
VN,202410,NULL,NULL,cloudflare,US,18403,NULL,lccrawresults,2024-10-17
VN,202410,NULL,NULL,facebook,US,18403,NULL,lccrawresults,2024-10-17
VN,202410,NULL,NULL,fastly,US,18403,NULL,lccrawresults,2024-10-17
VN,202410,NULL,NULL,gcore,Luxembourg,18403,NULL,lccrawresults,2024-10-17
VN,202410,NULL,NULL,microsoft,US,18403,NULL,lccrawresults,2024-10-17
VN,202411,NULL,NULL,akamai,US,18403,NULL,lccrawresults,2024-11-17
VN,202411,NULL,NULL,alibaba,China,18403,NULL,lccrawresults,2024-11-17
VN,202411,NULL,NULL,amazon,US,18403,NULL,lccrawresults,2024-11-17
VN,202411,NULL,NULL,cdn77,UK,18403,NULL,lccrawresults,2024-11-17
VN,202411,NULL,NULL,cloudflare,US,18403,NULL,lccrawresults,2024-11-17
VN,202411,NULL,NULL,facebook,US,18403,NULL,lccrawresults,2024-11-17
VN,202411,NULL,NULL,fastly,US,18403,NULL,lccrawresults,2024-11-17
VN,202411,NULL,NULL,gcore,Luxembourg,18403,NULL,lccrawresults,2024-11-17
VN,202411,NULL,NULL,microsoft,US,18403,NULL,lccrawresults,2024-11-17
VN,202412,NULL,NULL,akamai,US,18403,NULL,lccrawresults,2024-12-18
VN,202412,NULL,NULL,alibaba,China,18403,NULL,lccrawresults,2024-12-18
VN,202412,NULL,NULL,amazon,US,18403,NULL,lccrawresults,2024-12-18
VN,202412,NULL,NULL,cloudflare,US,18403,NULL,lccrawresults,2024-12-18
VN,202412,NULL,NULL,facebook,US,18403,NULL,lccrawresults,2024-12-18
VN,202412,NULL,NULL,fastly,US,18403,NULL,lccrawresults,2024-12-18
VN,202412,NULL,NULL,gcore,Luxembourg,18403,NULL,lccrawresults,2024-12-18
VN,202412,NULL,NULL,microsoft,US,18403,NULL,lccrawresults,2024-12-18
VN,202501,NULL,NULL,akamai,US,18403,NULL,lccrawresults,2025-01-17
VN,202501,NULL,NULL,alibaba,China,18403,NULL,lccrawresults,2025-01-17
VN,202501,NULL,NULL,amazon,US,18403,NULL,lccrawresults,2025-01-17
VN,202501,NULL,NULL,cloudflare,US,18403,NULL,lccrawresults,2025-01-17
VN,202501,NULL,NULL,facebook,US,18403,NULL,lccrawresults,2025-01-17
VN,202501,NULL,NULL,fastly,US,18403,NULL,lccrawresults,2025-01-17
VN,202501,NULL,NULL,microsoft,US,18403,NULL,lccrawresults,2025-01-17
VN,202502,NULL,NULL,akamai,US,18403,NULL,lccrawresults,2025-02-17
VN,202502,NULL,NULL,akamai,US,24086,NULL,lccrawresults,2025-02-17
VN,202502,NULL,NULL,akamai,US,45543,NULL,lccrawresults,2025-02-17
VN,202502,NULL,NULL,akamai,US,45899,NULL,lccrawresults,2025-02-17
VN,202502,NULL,NULL,akamai,US,7552,NULL,lccrawresults,2025-02-17
VN,202502,NULL,NULL,alibaba,China,18403,NULL,lccrawresults,2025-02-17
VN,202502,NULL,NULL,alibaba,China,24086,NULL,lccrawresults,2025-02-17
VN,202502,NULL,NULL,alibaba,China,45543,NULL,lccrawresults,2025-02-17
VN,202502,NULL,NULL,alibaba,China,45899,NULL,lccrawresults,2025-02-17
VN,202502,NULL,NULL,alibaba,China,7552,NULL,lccrawresults,2025-02-17
VN,202502,NULL,NULL,amazon,US,18403,NULL,lccrawresults,2025-02-17
VN,202502,NULL,NULL,amazon,US,24086,NULL,lccrawresults,2025-02-17
VN,202502,NULL,NULL,amazon,US,45543,NULL,lccrawresults,2025-02-17
VN,202502,NULL,NULL,amazon,US,45899,NULL,lccrawresults,2025-02-17
VN,202502,NULL,NULL,amazon,US,7552,NULL,lccrawresults,2025-02-17
VN,202502,NULL,NULL,cloudflare,US,18403,NULL,lccrawresults,2025-02-17
VN,202502,NULL,NULL,cloudflare,US,24086,NULL,lccrawresults,2025-02-17
VN,202502,NULL,NULL,cloudflare,US,45543,NULL,lccrawresults,2025-02-17
VN,202502,NULL,NULL,cloudflare,US,45899,NULL,lccrawresults,2025-02-17
VN,202502,NULL,NULL,cloudflare,US,7552,NULL,lccrawresults,2025-02-17
VN,202502,NULL,NULL,facebook,US,18403,NULL,lccrawresults,2025-02-17
VN,202502,NULL,NULL,facebook,US,24086,NULL,lccrawresults,2025-02-17
VN,202502,NULL,NULL,facebook,US,45543,NULL,lccrawresults,2025-02-17
VN,202502,NULL,NULL,facebook,US,45899,NULL,lccrawresults,2025-02-17
VN,202502,NULL,NULL,facebook,US,7552,NULL,lccrawresults,2025-02-17
VN,202502,NULL,NULL,fastly,US,18403,NULL,lccrawresults,2025-02-17
VN,202502,NULL,NULL,fastly,US,24086,NULL,lccrawresults,2025-02-17
VN,202502,NULL,NULL,fastly,US,45543,NULL,lccrawresults,2025-02-17
VN,202502,NULL,NULL,fastly,US,45899,NULL,lccrawresults,2025-02-17
VN,202502,NULL,NULL,fastly,US,7552,NULL,lccrawresults,2025-02-17
VN,202502,NULL,NULL,microsoft,US,18403,NULL,lccrawresults,2025-02-17
VN,202502,NULL,NULL,microsoft,US,24086,NULL,lccrawresults,2025-02-17
VN,202502,NULL,NULL,microsoft,US,45543,NULL,lccrawresults,2025-02-17
VN,202502,NULL,NULL,microsoft,US,45899,NULL,lccrawresults,2025-02-17
VN,202502,NULL,NULL,microsoft,US,7552,NULL,lccrawresults,2025-02-17
VN,202503,NULL,NULL,akamai,US,131429,NULL,lccrawresults,2025-03-17
VN,202503,NULL,NULL,akamai,US,18403,NULL,lccrawresults,2025-03-17
VN,202503,NULL,NULL,akamai,US,45899,NULL,lccrawresults,2025-03-17
VN,202503,NULL,NULL,akamai,US,7552,NULL,lccrawresults,2025-03-17
VN,202503,NULL,NULL,alibaba,China,131429,NULL,lccrawresults,2025-03-17
VN,202503,NULL,NULL,alibaba,China,18403,NULL,lccrawresults,2025-03-17
VN,202503,NULL,NULL,alibaba,China,45899,NULL,lccrawresults,2025-03-17
VN,202503,NULL,NULL,alibaba,China,7552,NULL,lccrawresults,2025-03-17
VN,202503,NULL,NULL,amazon,US,131429,NULL,lccrawresults,2025-03-17
VN,202503,NULL,NULL,amazon,US,18403,NULL,lccrawresults,2025-03-17
VN,202503,NULL,NULL,amazon,US,45899,NULL,lccrawresults,2025-03-17
VN,202503,NULL,NULL,amazon,US,7552,NULL,lccrawresults,2025-03-17
VN,202503,NULL,NULL,cdn77,UK,131429,NULL,lccrawresults,2025-03-17
VN,202503,NULL,NULL,cdn77,UK,18403,NULL,lccrawresults,2025-03-17
VN,202503,NULL,NULL,cdn77,UK,45899,NULL,lccrawresults,2025-03-17
VN,202503,NULL,NULL,cdn77,UK,7552,NULL,lccrawresults,2025-03-17
VN,202503,NULL,NULL,cloudflare,US,131429,NULL,lccrawresults,2025-03-17
VN,202503,NULL,NULL,cloudflare,US,18403,NULL,lccrawresults,2025-03-17
VN,202503,NULL,NULL,cloudflare,US,45899,NULL,lccrawresults,2025-03-17
VN,202503,NULL,NULL,cloudflare,US,7552,NULL,lccrawresults,2025-03-17
VN,202503,NULL,NULL,facebook,US,131429,NULL,lccrawresults,2025-03-17
VN,202503,NULL,NULL,facebook,US,18403,NULL,lccrawresults,2025-03-17
VN,202503,NULL,NULL,facebook,US,45899,NULL,lccrawresults,2025-03-17
VN,202503,NULL,NULL,facebook,US,7552,NULL,lccrawresults,2025-03-17
VN,202503,NULL,NULL,fastly,US,131429,NULL,lccrawresults,2025-03-17
VN,202503,NULL,NULL,fastly,US,18403,NULL,lccrawresults,2025-03-17
VN,202503,NULL,NULL,fastly,US,45899,NULL,lccrawresults,2025-03-17
VN,202503,NULL,NULL,fastly,US,7552,NULL,lccrawresults,2025-03-17
VN,202503,NULL,NULL,microsoft,US,131429,NULL,lccrawresults,2025-03-17
VN,202503,NULL,NULL,microsoft,US,18403,NULL,lccrawresults,2025-03-17
VN,202503,NULL,NULL,microsoft,US,45899,NULL,lccrawresults,2025-03-17
VN,202503,NULL,NULL,microsoft,US,7552,NULL,lccrawresults,2025-03-17
VN,202504,NULL,NULL,akamai,US,131429,NULL,lccrawresults,2025-04-17
VN,202504,NULL,NULL,akamai,US,18403,NULL,lccrawresults,2025-04-17
VN,202504,NULL,NULL,akamai,US,45899,NULL,lccrawresults,2025-04-17
VN,202504,NULL,NULL,akamai,US,7552,NULL,lccrawresults,2025-04-17
VN,202504,NULL,NULL,alibaba,China,131429,NULL,lccrawresults,2025-04-17
VN,202504,NULL,NULL,alibaba,China,18403,NULL,lccrawresults,2025-04-17
VN,202504,NULL,NULL,alibaba,China,45899,NULL,lccrawresults,2025-04-17
VN,202504,NULL,NULL,alibaba,China,7552,NULL,lccrawresults,2025-04-17
VN,202504,NULL,NULL,amazon,US,131429,NULL,lccrawresults,2025-04-17
VN,202504,NULL,NULL,amazon,US,18403,NULL,lccrawresults,2025-04-17
VN,202504,NULL,NULL,amazon,US,45899,NULL,lccrawresults,2025-04-17
VN,202504,NULL,NULL,amazon,US,7552,NULL,lccrawresults,2025-04-17
VN,202504,NULL,NULL,cdn77,UK,131429,NULL,lccrawresults,2025-04-17
VN,202504,NULL,NULL,cdn77,UK,18403,NULL,lccrawresults,2025-04-17
VN,202504,NULL,NULL,cdn77,UK,45899,NULL,lccrawresults,2025-04-17
VN,202504,NULL,NULL,cdn77,UK,7552,NULL,lccrawresults,2025-04-17
VN,202504,NULL,NULL,cloudflare,US,131429,NULL,lccrawresults,2025-04-17
VN,202504,NULL,NULL,cloudflare,US,18403,NULL,lccrawresults,2025-04-17
VN,202504,NULL,NULL,cloudflare,US,45899,NULL,lccrawresults,2025-04-17
VN,202504,NULL,NULL,cloudflare,US,7552,NULL,lccrawresults,2025-04-17
VN,202504,NULL,NULL,facebook,US,131429,NULL,lccrawresults,2025-04-17
VN,202504,NULL,NULL,facebook,US,18403,NULL,lccrawresults,2025-04-17
VN,202504,NULL,NULL,facebook,US,45899,NULL,lccrawresults,2025-04-17
VN,202504,NULL,NULL,facebook,US,7552,NULL,lccrawresults,2025-04-17
VN,202504,NULL,NULL,fastly,US,131429,NULL,lccrawresults,2025-04-17
VN,202504,NULL,NULL,fastly,US,18403,NULL,lccrawresults,2025-04-17
VN,202504,NULL,NULL,fastly,US,45899,NULL,lccrawresults,2025-04-17
VN,202504,NULL,NULL,fastly,US,7552,NULL,lccrawresults,2025-04-17
VN,202504,NULL,NULL,microsoft,US,131429,NULL,lccrawresults,2025-04-17
VN,202504,NULL,NULL,microsoft,US,18403,NULL,lccrawresults,2025-04-17
VN,202504,NULL,NULL,microsoft,US,45899,NULL,lccrawresults,2025-04-17
VN,202504,NULL,NULL,microsoft,US,7552,NULL,lccrawresults,2025-04-17
VN,202505,NULL,NULL,akamai,US,131429,NULL,lccrawresults,2025-05-17
VN,202505,NULL,NULL,akamai,US,18403,NULL,lccrawresults,2025-05-17
VN,202505,NULL,NULL,akamai,US,45899,NULL,lccrawresults,2025-05-17
VN,202505,NULL,NULL,akamai,US,7552,NULL,lccrawresults,2025-05-17
VN,202505,NULL,NULL,alibaba,China,131429,NULL,lccrawresults,2025-05-17
VN,202505,NULL,NULL,alibaba,China,18403,NULL,lccrawresults,2025-05-17
VN,202505,NULL,NULL,alibaba,China,45899,NULL,lccrawresults,2025-05-17
VN,202505,NULL,NULL,alibaba,China,7552,NULL,lccrawresults,2025-05-17
VN,202505,NULL,NULL,amazon,US,131429,NULL,lccrawresults,2025-05-17
VN,202505,NULL,NULL,amazon,US,18403,NULL,lccrawresults,2025-05-17
VN,202505,NULL,NULL,amazon,US,45899,NULL,lccrawresults,2025-05-17
VN,202505,NULL,NULL,amazon,US,7552,NULL,lccrawresults,2025-05-17
VN,202505,NULL,NULL,cdn77,UK,131429,NULL,lccrawresults,2025-05-17
VN,202505,NULL,NULL,cdn77,UK,18403,NULL,lccrawresults,2025-05-17
VN,202505,NULL,NULL,cdn77,UK,45899,NULL,lccrawresults,2025-05-17
VN,202505,NULL,NULL,cdn77,UK,7552,NULL,lccrawresults,2025-05-17
VN,202505,NULL,NULL,cloudflare,US,131429,NULL,lccrawresults,2025-05-17
VN,202505,NULL,NULL,cloudflare,US,18403,NULL,lccrawresults,2025-05-17
VN,202505,NULL,NULL,cloudflare,US,45899,NULL,lccrawresults,2025-05-17
VN,202505,NULL,NULL,cloudflare,US,7552,NULL,lccrawresults,2025-05-17
VN,202505,NULL,NULL,facebook,US,131429,NULL,lccrawresults,2025-05-17
VN,202505,NULL,NULL,facebook,US,18403,NULL,lccrawresults,2025-05-17
VN,202505,NULL,NULL,facebook,US,45899,NULL,lccrawresults,2025-05-17
VN,202505,NULL,NULL,facebook,US,7552,NULL,lccrawresults,2025-05-17
VN,202505,NULL,NULL,fastly,US,131429,NULL,lccrawresults,2025-05-17
VN,202505,NULL,NULL,fastly,US,18403,NULL,lccrawresults,2025-05-17
VN,202505,NULL,NULL,fastly,US,45899,NULL,lccrawresults,2025-05-17
VN,202505,NULL,NULL,fastly,US,7552,NULL,lccrawresults,2025-05-17
VN,202505,NULL,NULL,microsoft,US,131429,NULL,lccrawresults,2025-05-17
VN,202505,NULL,NULL,microsoft,US,18403,NULL,lccrawresults,2025-05-17
VN,202505,NULL,NULL,microsoft,US,45899,NULL,lccrawresults,2025-05-17
VN,202505,NULL,NULL,microsoft,US,7552,NULL,lccrawresults,2025-05-17
VN,202506,NULL,NULL,akamai,US,18403,NULL,lccrawresults,2025-06-17
VN,202506,NULL,NULL,akamai,US,45899,NULL,lccrawresults,2025-06-17
VN,202506,NULL,NULL,akamai,US,7552,NULL,lccrawresults,2025-06-17
VN,202506,NULL,NULL,alibaba,China,18403,NULL,lccrawresults,2025-06-17
VN,202506,NULL,NULL,alibaba,China,45899,NULL,lccrawresults,2025-06-17
VN,202506,NULL,NULL,alibaba,China,7552,NULL,lccrawresults,2025-06-17
VN,202506,NULL,NULL,amazon,US,18403,NULL,lccrawresults,2025-06-17
VN,202506,NULL,NULL,amazon,US,45899,NULL,lccrawresults,2025-06-17
VN,202506,NULL,NULL,amazon,US,7552,NULL,lccrawresults,2025-06-17
VN,202506,NULL,NULL,cloudflare,US,18403,NULL,lccrawresults,2025-06-17
VN,202506,NULL,NULL,cloudflare,US,45899,NULL,lccrawresults,2025-06-17
VN,202506,NULL,NULL,cloudflare,US,7552,NULL,lccrawresults,2025-06-17
VN,202506,NULL,NULL,facebook,US,18403,NULL,lccrawresults,2025-06-17
VN,202506,NULL,NULL,facebook,US,45899,NULL,lccrawresults,2025-06-17
VN,202506,NULL,NULL,facebook,US,7552,NULL,lccrawresults,2025-06-17
VN,202506,NULL,NULL,fastly,US,18403,NULL,lccrawresults,2025-06-17
VN,202506,NULL,NULL,fastly,US,45899,NULL,lccrawresults,2025-06-17
VN,202506,NULL,NULL,fastly,US,7552,NULL,lccrawresults,2025-06-17
VN,202506,NULL,NULL,microsoft,US,18403,NULL,lccrawresults,2025-06-17
VN,202506,NULL,NULL,microsoft,US,45899,NULL,lccrawresults,2025-06-17
VN,202506,NULL,NULL,microsoft,US,7552,NULL,lccrawresults,2025-06-17
VN,202507,NULL,NULL,akamai,US,18403,NULL,lccrawresults,2025-07-17
VN,202507,NULL,NULL,akamai,US,45899,NULL,lccrawresults,2025-07-17
VN,202507,NULL,NULL,akamai,US,7552,NULL,lccrawresults,2025-07-17
VN,202507,NULL,NULL,alibaba,China,18403,NULL,lccrawresults,2025-07-17
VN,202507,NULL,NULL,alibaba,China,45899,NULL,lccrawresults,2025-07-17
VN,202507,NULL,NULL,alibaba,China,7552,NULL,lccrawresults,2025-07-17
VN,202507,NULL,NULL,amazon,US,18403,NULL,lccrawresults,2025-07-17
VN,202507,NULL,NULL,amazon,US,45899,NULL,lccrawresults,2025-07-17
VN,202507,NULL,NULL,amazon,US,7552,NULL,lccrawresults,2025-07-17
VN,202507,NULL,NULL,cloudflare,US,18403,NULL,lccrawresults,2025-07-17
VN,202507,NULL,NULL,cloudflare,US,45899,NULL,lccrawresults,2025-07-17
VN,202507,NULL,NULL,cloudflare,US,7552,NULL,lccrawresults,2025-07-17
VN,202507,NULL,NULL,facebook,US,18403,NULL,lccrawresults,2025-07-17
VN,202507,NULL,NULL,facebook,US,45899,NULL,lccrawresults,2025-07-17
VN,202507,NULL,NULL,facebook,US,7552,NULL,lccrawresults,2025-07-17
VN,202507,NULL,NULL,fastly,US,18403,NULL,lccrawresults,2025-07-17
VN,202507,NULL,NULL,fastly,US,45899,NULL,lccrawresults,2025-07-17
VN,202507,NULL,NULL,fastly,US,7552,NULL,lccrawresults,2025-07-17
VN,202507,NULL,NULL,microsoft,US,18403,NULL,lccrawresults,2025-07-17
VN,202507,NULL,NULL,microsoft,US,45899,NULL,lccrawresults,2025-07-17
VN,202507,NULL,NULL,microsoft,US,7552,NULL,lccrawresults,2025-07-17
VN,202508,NULL,NULL,akamai,US,18403,NULL,lccrawresults,2025-08-17
VN,202508,NULL,NULL,akamai,US,24086,NULL,lccrawresults,2025-08-17
VN,202508,NULL,NULL,akamai,US,45543,NULL,lccrawresults,2025-08-17
VN,202508,NULL,NULL,akamai,US,45899,NULL,lccrawresults,2025-08-17
VN,202508,NULL,NULL,akamai,US,7552,NULL,lccrawresults,2025-08-17
VN,202508,NULL,NULL,alibaba,China,18403,NULL,lccrawresults,2025-08-17
VN,202508,NULL,NULL,alibaba,China,24086,NULL,lccrawresults,2025-08-17
VN,202508,NULL,NULL,alibaba,China,45543,NULL,lccrawresults,2025-08-17
VN,202508,NULL,NULL,alibaba,China,45899,NULL,lccrawresults,2025-08-17
VN,202508,NULL,NULL,alibaba,China,7552,NULL,lccrawresults,2025-08-17
VN,202508,NULL,NULL,amazon,US,18403,NULL,lccrawresults,2025-08-17
VN,202508,NULL,NULL,amazon,US,24086,NULL,lccrawresults,2025-08-17
VN,202508,NULL,NULL,amazon,US,45543,NULL,lccrawresults,2025-08-17
VN,202508,NULL,NULL,amazon,US,45899,NULL,lccrawresults,2025-08-17
VN,202508,NULL,NULL,amazon,US,7552,NULL,lccrawresults,2025-08-17
VN,202508,NULL,NULL,cloudflare,US,18403,NULL,lccrawresults,2025-08-17
VN,202508,NULL,NULL,cloudflare,US,24086,NULL,lccrawresults,2025-08-17
VN,202508,NULL,NULL,cloudflare,US,45543,NULL,lccrawresults,2025-08-17
VN,202508,NULL,NULL,cloudflare,US,45899,NULL,lccrawresults,2025-08-17
VN,202508,NULL,NULL,cloudflare,US,7552,NULL,lccrawresults,2025-08-17
VN,202508,NULL,NULL,facebook,US,18403,NULL,lccrawresults,2025-08-17
VN,202508,NULL,NULL,facebook,US,24086,NULL,lccrawresults,2025-08-17
VN,202508,NULL,NULL,facebook,US,45543,NULL,lccrawresults,2025-08-17
VN,202508,NULL,NULL,facebook,US,45899,NULL,lccrawresults,2025-08-17
VN,202508,NULL,NULL,facebook,US,7552,NULL,lccrawresults,2025-08-17
VN,202508,NULL,NULL,fastly,US,18403,NULL,lccrawresults,2025-08-17
VN,202508,NULL,NULL,fastly,US,24086,NULL,lccrawresults,2025-08-17
VN,202508,NULL,NULL,fastly,US,45543,NULL,lccrawresults,2025-08-17
VN,202508,NULL,NULL,fastly,US,45899,NULL,lccrawresults,2025-08-17
VN,202508,NULL,NULL,fastly,US,7552,NULL,lccrawresults,2025-08-17
VN,202508,NULL,NULL,microsoft,US,18403,NULL,lccrawresults,2025-08-17
VN,202508,NULL,NULL,microsoft,US,24086,NULL,lccrawresults,2025-08-17
VN,202508,NULL,NULL,microsoft,US,45543,NULL,lccrawresults,2025-08-17
VN,202508,NULL,NULL,microsoft,US,45899,NULL,lccrawresults,2025-08-17
VN,202508,NULL,NULL,microsoft,US,7552,NULL,lccrawresults,2025-08-17
VN,202509,NULL,NULL,akamai,US,18403,NULL,lccrawresults,2025-09-17
VN,202509,NULL,NULL,akamai,US,24086,NULL,lccrawresults,2025-09-17
VN,202509,NULL,NULL,akamai,US,45543,NULL,lccrawresults,2025-09-17
VN,202509,NULL,NULL,akamai,US,45899,NULL,lccrawresults,2025-09-17
VN,202509,NULL,NULL,akamai,US,7552,NULL,lccrawresults,2025-09-17
VN,202509,NULL,NULL,alibaba,China,18403,NULL,lccrawresults,2025-09-17
VN,202509,NULL,NULL,alibaba,China,24086,NULL,lccrawresults,2025-09-17
VN,202509,NULL,NULL,alibaba,China,45543,NULL,lccrawresults,2025-09-17
VN,202509,NULL,NULL,alibaba,China,45899,NULL,lccrawresults,2025-09-17
VN,202509,NULL,NULL,alibaba,China,7552,NULL,lccrawresults,2025-09-17
VN,202509,NULL,NULL,amazon,US,18403,NULL,lccrawresults,2025-09-17
VN,202509,NULL,NULL,amazon,US,24086,NULL,lccrawresults,2025-09-17
VN,202509,NULL,NULL,amazon,US,45543,NULL,lccrawresults,2025-09-17
VN,202509,NULL,NULL,amazon,US,45899,NULL,lccrawresults,2025-09-17
VN,202509,NULL,NULL,amazon,US,7552,NULL,lccrawresults,2025-09-17
VN,202509,NULL,NULL,cloudflare,US,18403,NULL,lccrawresults,2025-09-17
VN,202509,NULL,NULL,cloudflare,US,24086,NULL,lccrawresults,2025-09-17
VN,202509,NULL,NULL,cloudflare,US,45543,NULL,lccrawresults,2025-09-17
VN,202509,NULL,NULL,cloudflare,US,45899,NULL,lccrawresults,2025-09-17
VN,202509,NULL,NULL,cloudflare,US,7552,NULL,lccrawresults,2025-09-17
VN,202509,NULL,NULL,facebook,US,18403,NULL,lccrawresults,2025-09-17
VN,202509,NULL,NULL,facebook,US,24086,NULL,lccrawresults,2025-09-17
VN,202509,NULL,NULL,facebook,US,45543,NULL,lccrawresults,2025-09-17
VN,202509,NULL,NULL,facebook,US,45899,NULL,lccrawresults,2025-09-17
VN,202509,NULL,NULL,facebook,US,7552,NULL,lccrawresults,2025-09-17
VN,202509,NULL,NULL,fastly,US,24086,NULL,lccrawresults,2025-09-17
VN,202509,NULL,NULL,fastly,US,45543,NULL,lccrawresults,2025-09-17
VN,202509,NULL,NULL,fastly,US,45899,NULL,lccrawresults,2025-09-17
VN,202509,NULL,NULL,fastly,US,7552,NULL,lccrawresults,2025-09-17
VN,202509,NULL,NULL,microsoft,US,18403,NULL,lccrawresults,2025-09-17
VN,202509,NULL,NULL,microsoft,US,24086,NULL,lccrawresults,2025-09-17
VN,202509,NULL,NULL,microsoft,US,45543,NULL,lccrawresults,2025-09-17
VN,202509,NULL,NULL,microsoft,US,45899,NULL,lccrawresults,2025-09-17
VN,202509,NULL,NULL,microsoft,US,7552,NULL,lccrawresults,2025-09-17
VN,202510,NULL,NULL,akamai,US,18403,NULL,lccrawresults,2025-10-17
VN,202510,NULL,NULL,akamai,US,24086,NULL,lccrawresults,2025-10-17
VN,202510,NULL,NULL,akamai,US,45543,NULL,lccrawresults,2025-10-17
VN,202510,NULL,NULL,akamai,US,45899,NULL,lccrawresults,2025-10-17
VN,202510,NULL,NULL,akamai,US,7552,NULL,lccrawresults,2025-10-17
VN,202510,NULL,NULL,alibaba,China,18403,NULL,lccrawresults,2025-10-17
VN,202510,NULL,NULL,alibaba,China,24086,NULL,lccrawresults,2025-10-17
VN,202510,NULL,NULL,alibaba,China,45543,NULL,lccrawresults,2025-10-17
VN,202510,NULL,NULL,amazon,US,18403,NULL,lccrawresults,2025-10-17
VN,202510,NULL,NULL,amazon,US,24086,NULL,lccrawresults,2025-10-17
VN,202510,NULL,NULL,amazon,US,45543,NULL,lccrawresults,2025-10-17
VN,202510,NULL,NULL,amazon,US,45899,NULL,lccrawresults,2025-10-17
VN,202510,NULL,NULL,amazon,US,7552,NULL,lccrawresults,2025-10-17
VN,202510,NULL,NULL,cloudflare,US,18403,NULL,lccrawresults,2025-10-17
VN,202510,NULL,NULL,cloudflare,US,24086,NULL,lccrawresults,2025-10-17
VN,202510,NULL,NULL,cloudflare,US,45543,NULL,lccrawresults,2025-10-17
VN,202510,NULL,NULL,cloudflare,US,45899,NULL,lccrawresults,2025-10-17
VN,202510,NULL,NULL,cloudflare,US,7552,NULL,lccrawresults,2025-10-17
VN,202510,NULL,NULL,facebook,US,18403,NULL,lccrawresults,2025-10-17
VN,202510,NULL,NULL,facebook,US,24086,NULL,lccrawresults,2025-10-17
VN,202510,NULL,NULL,facebook,US,45543,NULL,lccrawresults,2025-10-17
VN,202510,NULL,NULL,facebook,US,45899,NULL,lccrawresults,2025-10-17
VN,202510,NULL,NULL,facebook,US,7552,NULL,lccrawresults,2025-10-17
VN,202510,NULL,NULL,fastly,US,18403,NULL,lccrawresults,2025-10-17
VN,202510,NULL,NULL,fastly,US,24086,NULL,lccrawresults,2025-10-17
VN,202510,NULL,NULL,fastly,US,45543,NULL,lccrawresults,2025-10-17
VN,202510,NULL,NULL,fastly,US,45899,NULL,lccrawresults,2025-10-17
VN,202510,NULL,NULL,fastly,US,7552,NULL,lccrawresults,2025-10-17
VN,202510,NULL,NULL,microsoft,US,18403,NULL,lccrawresults,2025-10-17
VN,202510,NULL,NULL,microsoft,US,24086,NULL,lccrawresults,2025-10-17
VN,202510,NULL,NULL,microsoft,US,45543,NULL,lccrawresults,2025-10-17
VN,202510,NULL,NULL,microsoft,US,45899,NULL,lccrawresults,2025-10-17
VN,202510,NULL,NULL,microsoft,US,7552,NULL,lccrawresults,2025-10-17
VN,202511,NULL,NULL,akamai,US,18403,NULL,lccrawresults,2025-11-17
VN,202511,NULL,NULL,akamai,US,24086,NULL,lccrawresults,2025-11-17
VN,202511,NULL,NULL,akamai,US,45543,NULL,lccrawresults,2025-11-17
VN,202511,NULL,NULL,akamai,US,45899,NULL,lccrawresults,2025-11-17
VN,202511,NULL,NULL,akamai,US,7552,NULL,lccrawresults,2025-11-17
VN,202511,NULL,NULL,alibaba,China,18403,NULL,lccrawresults,2025-11-17
VN,202511,NULL,NULL,alibaba,China,24086,NULL,lccrawresults,2025-11-17
VN,202511,NULL,NULL,alibaba,China,45543,NULL,lccrawresults,2025-11-17
VN,202511,NULL,NULL,alibaba,China,45899,NULL,lccrawresults,2025-11-17
VN,202511,NULL,NULL,alibaba,China,7552,NULL,lccrawresults,2025-11-17
VN,202511,NULL,NULL,amazon,US,18403,NULL,lccrawresults,2025-11-17
VN,202511,NULL,NULL,amazon,US,24086,NULL,lccrawresults,2025-11-17
VN,202511,NULL,NULL,amazon,US,45543,NULL,lccrawresults,2025-11-17
VN,202511,NULL,NULL,amazon,US,45899,NULL,lccrawresults,2025-11-17
VN,202511,NULL,NULL,amazon,US,7552,NULL,lccrawresults,2025-11-17
VN,202511,NULL,NULL,cloudflare,US,18403,NULL,lccrawresults,2025-11-17
VN,202511,NULL,NULL,cloudflare,US,24086,NULL,lccrawresults,2025-11-17
VN,202511,NULL,NULL,cloudflare,US,45543,NULL,lccrawresults,2025-11-17
VN,202511,NULL,NULL,cloudflare,US,45899,NULL,lccrawresults,2025-11-17
VN,202511,NULL,NULL,cloudflare,US,7552,NULL,lccrawresults,2025-11-17
VN,202511,NULL,NULL,facebook,US,18403,NULL,lccrawresults,2025-11-17
VN,202511,NULL,NULL,facebook,US,24086,NULL,lccrawresults,2025-11-17
VN,202511,NULL,NULL,facebook,US,45543,NULL,lccrawresults,2025-11-17
VN,202511,NULL,NULL,facebook,US,45899,NULL,lccrawresults,2025-11-17
VN,202511,NULL,NULL,facebook,US,7552,NULL,lccrawresults,2025-11-17
VN,202511,NULL,NULL,fastly,US,18403,NULL,lccrawresults,2025-11-17
VN,202511,NULL,NULL,fastly,US,24086,NULL,lccrawresults,2025-11-17
VN,202511,NULL,NULL,fastly,US,45543,NULL,lccrawresults,2025-11-17
VN,202511,NULL,NULL,fastly,US,45899,NULL,lccrawresults,2025-11-17
VN,202511,NULL,NULL,fastly,US,7552,NULL,lccrawresults,2025-11-17
VN,202511,NULL,NULL,microsoft,US,18403,NULL,lccrawresults,2025-11-17
VN,202511,NULL,NULL,microsoft,US,24086,NULL,lccrawresults,2025-11-17
VN,202511,NULL,NULL,microsoft,US,45543,NULL,lccrawresults,2025-11-17
VN,202511,NULL,NULL,microsoft,US,45899,NULL,lccrawresults,2025-11-17
VN,202511,NULL,NULL,microsoft,US,7552,NULL,lccrawresults,2025-11-17
VN,202511,NULL,NULL,netflix,US,18403,NULL,lccrawresults,2025-11-17
VN,202511,NULL,NULL,netflix,US,24086,NULL,lccrawresults,2025-11-17
VN,202511,NULL,NULL,netflix,US,45543,NULL,lccrawresults,2025-11-17
VN,202511,NULL,NULL,netflix,US,45899,NULL,lccrawresults,2025-11-17
VN,202511,NULL,NULL,netflix,US,7552,NULL,lccrawresults,2025-11-17
VN,202512,NULL,NULL,akamai,US,18403,NULL,lccrawresults,2025-12-17
VN,202512,NULL,NULL,akamai,US,24086,NULL,lccrawresults,2025-12-17
VN,202512,NULL,NULL,akamai,US,45543,NULL,lccrawresults,2025-12-17
VN,202512,NULL,NULL,akamai,US,45899,NULL,lccrawresults,2025-12-17
VN,202512,NULL,NULL,akamai,US,7552,NULL,lccrawresults,2025-12-17
VN,202512,NULL,NULL,alibaba,China,18403,NULL,lccrawresults,2025-12-17
VN,202512,NULL,NULL,alibaba,China,24086,NULL,lccrawresults,2025-12-17
VN,202512,NULL,NULL,alibaba,China,45543,NULL,lccrawresults,2025-12-17
VN,202512,NULL,NULL,alibaba,China,45899,NULL,lccrawresults,2025-12-17
VN,202512,NULL,NULL,alibaba,China,7552,NULL,lccrawresults,2025-12-17
VN,202512,NULL,NULL,amazon,US,24086,NULL,lccrawresults,2025-12-17
VN,202512,NULL,NULL,amazon,US,45543,NULL,lccrawresults,2025-12-17
VN,202512,NULL,NULL,amazon,US,45899,NULL,lccrawresults,2025-12-17
VN,202512,NULL,NULL,amazon,US,7552,NULL,lccrawresults,2025-12-17
VN,202512,NULL,NULL,cloudflare,US,18403,NULL,lccrawresults,2025-12-17
VN,202512,NULL,NULL,cloudflare,US,24086,NULL,lccrawresults,2025-12-17
VN,202512,NULL,NULL,cloudflare,US,45543,NULL,lccrawresults,2025-12-17
VN,202512,NULL,NULL,cloudflare,US,45899,NULL,lccrawresults,2025-12-17
VN,202512,NULL,NULL,cloudflare,US,7552,NULL,lccrawresults,2025-12-17
VN,202512,NULL,NULL,facebook,US,18403,NULL,lccrawresults,2025-12-17
VN,202512,NULL,NULL,facebook,US,24086,NULL,lccrawresults,2025-12-17
VN,202512,NULL,NULL,facebook,US,45543,NULL,lccrawresults,2025-12-17
VN,202512,NULL,NULL,facebook,US,45899,NULL,lccrawresults,2025-12-17
VN,202512,NULL,NULL,facebook,US,7552,NULL,lccrawresults,2025-12-17
VN,202512,NULL,NULL,fastly,US,18403,NULL,lccrawresults,2025-12-17
VN,202512,NULL,NULL,fastly,US,24086,NULL,lccrawresults,2025-12-17
VN,202512,NULL,NULL,fastly,US,45543,NULL,lccrawresults,2025-12-17
VN,202512,NULL,NULL,fastly,US,45899,NULL,lccrawresults,2025-12-17
VN,202512,NULL,NULL,fastly,US,7552,NULL,lccrawresults,2025-12-17
VN,202512,NULL,NULL,microsoft,US,18403,NULL,lccrawresults,2025-12-17
VN,202512,NULL,NULL,microsoft,US,24086,NULL,lccrawresults,2025-12-17
VN,202512,NULL,NULL,microsoft,US,45543,NULL,lccrawresults,2025-12-17
VN,202512,NULL,NULL,microsoft,US,45899,NULL,lccrawresults,2025-12-17
VN,202512,NULL,NULL,microsoft,US,7552,NULL,lccrawresults,2025-12-17
VN,202601,NULL,NULL,akamai,US,18403,NULL,lccrawresults,2026-01-17
VN,202601,NULL,NULL,akamai,US,45899,NULL,lccrawresults,2026-01-17
VN,202601,NULL,NULL,akamai,US,7552,NULL,lccrawresults,2026-01-17
VN,202601,NULL,NULL,alibaba,China,18403,NULL,lccrawresults,2026-01-17
VN,202601,NULL,NULL,alibaba,China,45899,NULL,lccrawresults,2026-01-17
VN,202601,NULL,NULL,alibaba,China,7552,NULL,lccrawresults,2026-01-17
VN,202601,NULL,NULL,amazon,US,18403,NULL,lccrawresults,2026-01-17
VN,202601,NULL,NULL,amazon,US,45899,NULL,lccrawresults,2026-01-17
VN,202601,NULL,NULL,amazon,US,7552,NULL,lccrawresults,2026-01-17
VN,202601,NULL,NULL,cloudflare,US,18403,NULL,lccrawresults,2026-01-17
VN,202601,NULL,NULL,cloudflare,US,45899,NULL,lccrawresults,2026-01-17
VN,202601,NULL,NULL,cloudflare,US,7552,NULL,lccrawresults,2026-01-17
VN,202601,NULL,NULL,facebook,US,18403,NULL,lccrawresults,2026-01-17
VN,202601,NULL,NULL,facebook,US,45899,NULL,lccrawresults,2026-01-17
VN,202601,NULL,NULL,facebook,US,7552,NULL,lccrawresults,2026-01-17
VN,202601,NULL,NULL,fastly,US,18403,NULL,lccrawresults,2026-01-17
VN,202601,NULL,NULL,fastly,US,45899,NULL,lccrawresults,2026-01-17
VN,202601,NULL,NULL,fastly,US,7552,NULL,lccrawresults,2026-01-17
VN,202601,NULL,NULL,microsoft,US,18403,NULL,lccrawresults,2026-01-17
VN,202601,NULL,NULL,microsoft,US,45899,NULL,lccrawresults,2026-01-17
VN,202601,NULL,NULL,microsoft,US,7552,NULL,lccrawresults,2026-01-17
VN,202601,NULL,NULL,netflix,US,18403,NULL,lccrawresults,2026-01-17
VN,202601,NULL,NULL,netflix,US,45899,NULL,lccrawresults,2026-01-17
VN,202601,NULL,NULL,netflix,US,7552,NULL,lccrawresults,2026-01-17
